season,geography,week,target,predicted_value,predicted_per_100k,cases_q05,cases_q25,cases_q50,cases_q75,cases_q95
2026/2027,Abia,1,cases,1233.1145706105,25.467350000000003,0.0,8.135712500000004,25.467350000000003,31.3193125,714.7704999999995
2026/2027,Abia,2,cases,238.2163326855,4.91985,0.0,0.0,4.91985,10.7718125,694.2229999999995
2026/2027,Abia,3,cases,347.2956245895,7.17265,0.0,0.0,7.17265,13.0246125,696.4757999999995
2026/2027,Abia,4,cases,309.06122169,6.383,0.0,0.0,6.383,12.234962500000002,695.6861499999995
2026/2027,Abia,5,cases,234.001421304,4.8328,0.0,0.0,4.8328,10.6847625,694.1359499999995
2026/2027,Abia,6,cases,252.129655896,5.2072,0.0,0.0,5.2072,11.0591625,694.5103499999996
2026/2027,Abia,7,cases,288.308653992,5.954400000000001,0.0,0.0,5.954400000000001,11.806362500000002,695.2575499999995
2026/2027,Abia,8,cases,509.9897513325,10.53275,0.0,0.0,10.53275,16.3847125,699.8358999999995
2026/2027,Abia,9,cases,653.207162358,13.4906,0.0,0.0,13.4906,19.3425625,702.7937499999995
2026/2027,Abia,10,cases,1780.9465274594995,36.78165,0.0,19.4500125,36.78165,42.6336125,726.0847999999995
2026/2027,Abia,11,cases,3021.4523240595,62.40165,0.0,45.0700125,62.40165,68.2536125,751.7047999999995
2026/2027,Abia,12,cases,9285.757236825,191.7775,0.0,174.4458625,191.7775,197.6294625,881.0806499999995
2026/2027,Abia,13,cases,27052.344685183496,558.70845,273.78414999999995,541.3768124999999,558.70845,564.5604125,1248.0115999999994
2026/2027,Abia,14,cases,98446.38749697153,2033.2000500000004,1748.2757500000002,2015.8684125000004,2033.2000500000004,2039.0520125000005,2722.5032
2026/2027,Abia,15,cases,152000.6108934975,3139.24825,2854.32395,3121.9166125,3139.24825,3145.1002125,3828.5514
2026/2027,Abia,16,cases,131817.14822891698,2722.4019,2437.4776,2705.0702625,2722.4019,2728.2538625,3411.70505
2026/2027,Abia,17,cases,31587.6861705375,652.37625,367.45195,635.0446125000001,652.37625,658.2282125,1341.6793999999995
2026/2027,Abia,18,cases,15091.944133617,311.69190000000003,26.767600000000016,294.36026250000003,311.69190000000003,317.54386250000005,1000.9950499999997
2026/2027,Abia,19,cases,2218.9002718095003,45.82665,0.0,28.4950125,45.82665,51.6786125,735.1297999999995
2026/2027,Abia,20,cases,605.0419343655001,12.49585,0.0,0.0,12.49585,18.347812500000003,701.7989999999995
2026/2027,Abia,21,cases,707.364294813,14.6091,0.0,0.0,14.6091,20.4610625,703.9122499999995
2026/2027,Abia,22,cases,476.8030740105,9.84735,0.0,0.0,9.84735,15.6993125,699.1504999999995
2026/2027,Abia,23,cases,1149.269064651,23.7357,0.0,6.404062500000002,23.7357,29.5876625,713.0388499999995
2026/2027,Abia,24,cases,2471.5141220055,51.04385,0.0,33.7122125,51.04385,56.8958125,740.3469999999995
2026/2027,Abia,25,cases,6433.291144437001,132.8659,0.0,115.5342625,132.8659,138.71786250000002,822.1690499999995
2026/2027,Abia,26,cases,7591.391913119999,156.784,0.0,139.4523625,156.784,162.6359625,846.0871499999995
2026/2027,Abia,27,cases,15028.819722726004,310.38820000000004,25.463900000000024,293.05656250000004,310.38820000000004,316.24016250000005,999.6913499999996
2026/2027,Abia,28,cases,28994.297922250506,598.8153500000001,313.89105000000006,581.4837125000001,598.8153500000001,604.6673125000001,1288.1184999999996
2026/2027,Abia,29,cases,21574.158270126,445.5682,160.64389999999997,428.2365625,445.5682,451.4201625,1134.8713499999994
2026/2027,Abia,30,cases,18113.548978881,374.0967,89.17239999999998,356.7650625,374.0967,379.9486625,1063.3998499999996
2026/2027,Abia,31,cases,8753.898849933,180.7931,0.0,163.4614625,180.7931,186.6450625,870.0962499999995
2026/2027,Abia,32,cases,1414.806060714,29.219800000000003,0.0,11.888162500000004,29.219800000000003,35.071762500000006,718.5229499999995
2026/2027,Abia,33,cases,564.352666365,11.6555,0.0,0.0,11.6555,17.507462500000003,700.9586499999995
2026/2027,Abia,34,cases,317.80577074800004,6.563600000000001,0.0,0.0,6.563600000000001,12.415562500000002,695.8667499999995
2026/2027,Abia,35,cases,264.994698447,5.4729,0.0,0.0,5.4729,11.324862500000002,694.7760499999995
2026/2027,Abia,36,cases,224.05364941050004,4.627350000000001,0.0,0.0,4.627350000000001,10.479312500000002,693.9304999999995
2026/2027,Abia,37,cases,174.84982464450002,3.61115,0.0,0.0,3.61115,9.4631125,692.9142999999995
2026/2027,Abia,38,cases,281.49361921950003,5.813650000000001,0.0,0.0,5.813650000000001,11.665612500000002,695.1167999999996
2026/2027,Abia,39,cases,292.4364103995,6.03965,0.0,0.0,6.03965,11.8916125,695.3427999999996
2026/2027,Abia,40,cases,299.39670346200006,6.183400000000001,0.0,0.0,6.183400000000001,12.035362500000002,695.4865499999995
2026/2027,Abia,41,cases,392.64284175600005,8.109200000000001,0.0,0.0,8.109200000000001,13.961162500000002,697.4123499999995
2026/2027,Abia,42,cases,300.2077289145,6.200150000000001,0.0,0.0,6.200150000000001,12.052112500000002,695.5032999999995
2026/2027,Abia,43,cases,230.9921537295,4.77065,0.0,0.0,4.77065,10.6226125,694.0737999999996
2026/2027,Abia,44,cases,235.25790551250003,4.858750000000001,0.0,0.0,4.858750000000001,10.7107125,694.1618999999995
2026/2027,Abia,45,cases,289.7442900915,5.98405,0.0,0.0,5.98405,11.8360125,695.2871999999995
2026/2027,Abia,46,cases,284.97255526500004,5.8855,0.0,0.0,5.8855,11.7374625,695.1886499999995
2026/2027,Abia,47,cases,248.19799818,5.126,0.0,0.0,5.126,10.9779625,694.4291499999995
2026/2027,Abia,48,cases,337.26069772200003,6.965400000000001,0.0,0.0,6.965400000000001,12.817362500000002,696.2685499999995
2026/2027,Abia,49,cases,225.24718836,4.652,0.0,0.0,4.652,10.5039625,693.9551499999995
2026/2027,Abia,50,cases,327.3468194295,6.76065,0.0,0.0,6.76065,12.6126125,696.0637999999996
2026/2027,Abia,51,cases,214.0986146025,4.42175,0.0,0.0,4.42175,10.273712500000002,693.7248999999995
2026/2027,Abia,52,cases,241.7315833035,4.99245,0.0,0.0,4.99245,10.8444125,694.2955999999995
2026/2027,Adamawa,1,cases,1878.647737566,35.87295,0.0,18.541312500000004,35.87295,41.7249125,725.1760999999995
2026/2027,Adamawa,2,cases,372.63503494,7.115500000000001,0.0,0.0,7.115500000000001,12.967462500000002,696.4186499999995
2026/2027,Adamawa,3,cases,485.7007422600001,9.274500000000002,0.0,0.0,9.274500000000002,15.126462500000002,698.5776499999995
2026/2027,Adamawa,4,cases,356.12293789600005,6.800200000000001,0.0,0.0,6.800200000000001,12.652162500000005,696.1033499999995
2026/2027,Adamawa,5,cases,301.263289122,5.75265,0.0,0.0,5.75265,11.604612500000002,695.0557999999995
2026/2027,Adamawa,6,cases,289.948862968,5.5366,0.0,0.0,5.5366,11.3885625,694.8397499999995
2026/2027,Adamawa,7,cases,431.2102983200001,8.234,0.0,0.0,8.234,14.0859625,697.5371499999995
2026/2027,Adamawa,8,cases,473.46461325799993,9.04085,0.0,0.0,9.04085,14.8928125,698.3439999999995
2026/2027,Adamawa,9,cases,416.041478438,7.94435,0.0,0.0,7.94435,13.7963125,697.2474999999995
2026/2027,Adamawa,10,cases,694.055336914,13.25305,0.0,0.0,13.25305,19.1050125,702.5561999999995
2026/2027,Adamawa,11,cases,1884.6466615000004,35.987500000000004,0.0,18.655862500000005,35.987500000000004,41.8394625,725.2906499999995
2026/2027,Adamawa,12,cases,4317.164493442001,82.43665000000001,0.0,65.10501250000002,82.43665000000001,88.28861250000001,771.7397999999995
2026/2027,Adamawa,13,cases,11017.50429477,210.38025,0.0,193.0486125,210.38025,216.2322125,899.6833999999994
2026/2027,Adamawa,14,cases,24563.050971476,469.0337,184.10939999999997,451.7020625,469.0337,474.8856625,1158.3368499999997
2026/2027,Adamawa,15,cases,76852.913651032,1467.5134,1182.5891,1450.1817625,1467.5134,1473.3653625,2156.81655
2026/2027,Adamawa,16,cases,112213.111237808,2142.7196000000004,1857.7953,2125.3879625000004,2142.7196000000004,2148.5715625000003,2832.02275
2026/2027,Adamawa,17,cases,98653.94064088,1883.806,1598.8817,1866.4743625,1883.806,1889.6579625,2573.1091499999998
2026/2027,Adamawa,18,cases,46865.518350798,894.9013500000001,609.9770500000001,877.5697125000002,894.9013500000001,900.7533125,1584.2044999999996
2026/2027,Adamawa,19,cases,17726.341044227996,338.4861,53.56179999999995,321.1544625,338.4861,344.3380625,1027.7892499999994
2026/2027,Adamawa,20,cases,2823.0501366720005,53.906400000000005,0.0,36.574762500000006,53.906400000000005,59.7583625,743.2095499999995
2026/2027,Adamawa,21,cases,1031.5478323,19.6975,0.0,2.365862499999998,19.6975,25.5494625,709.0006499999995
2026/2027,Adamawa,22,cases,1859.4045721400005,35.505500000000005,0.0,18.17386250000001,35.505500000000005,41.3574625,724.8086499999995
2026/2027,Adamawa,23,cases,2583.957275732,49.340900000000005,0.0,32.009262500000006,49.340900000000005,55.1928625,738.6440499999995
2026/2027,Adamawa,24,cases,4492.447761476001,85.78370000000001,0.0,68.45206250000001,85.78370000000001,91.6356625,775.0868499999995
2026/2027,Adamawa,25,cases,8959.747698656001,171.08720000000002,0.0,153.75556250000002,171.08720000000002,176.93916250000004,860.3903499999996
2026/2027,Adamawa,26,cases,19054.692904428,363.8511,78.92679999999996,346.5194625,363.8511,369.7030625,1053.1542499999996
2026/2027,Adamawa,27,cases,29829.150442518006,569.5903500000001,284.66605000000004,552.2587125,569.5903500000001,575.4423125000001,1258.8934999999997
2026/2027,Adamawa,28,cases,49763.163574782,950.23215,665.30785,932.9005125,950.23215,956.0841125,1639.5352999999996
2026/2027,Adamawa,29,cases,49284.202784598005,941.0863500000002,656.1620500000001,923.7547125,941.0863500000002,946.9383125000002,1630.3894999999998
2026/2027,Adamawa,30,cases,26736.803347316,510.5417,225.6174,493.2100625,510.5417,516.3936625,1199.8448499999995
2026/2027,Adamawa,31,cases,14046.010375378,268.20985,0.0,250.8782125,268.20985,274.06181250000003,957.5129999999996
2026/2027,Adamawa,32,cases,3112.1165739020003,59.42615000000001,0.0,42.09451250000001,59.42615000000001,65.2781125,748.7292999999995
2026/2027,Adamawa,33,cases,702.921489878,13.42235,0.0,0.0,13.42235,19.2743125,702.7254999999996
2026/2027,Adamawa,34,cases,320.79710516200004,6.12565,0.0,0.0,6.12565,11.9776125,695.4287999999995
2026/2027,Adamawa,35,cases,316.39806884200004,6.041650000000001,0.0,0.0,6.041650000000001,11.8936125,695.3447999999995
2026/2027,Adamawa,36,cases,357.99514680600004,6.83595,0.0,0.0,6.83595,12.6879125,696.1390999999995
2026/2027,Adamawa,37,cases,464.585367924,8.8713,0.0,0.0,8.8713,14.7232625,698.1744499999995
2026/2027,Adamawa,38,cases,426.096418598,8.13635,0.0,0.0,8.13635,13.9883125,697.4394999999995
2026/2027,Adamawa,39,cases,473.39391446,9.0395,0.0,0.0,9.0395,14.8914625,698.3426499999995
2026/2027,Adamawa,40,cases,348.70480105400003,6.65855,0.0,0.0,6.65855,12.5105125,695.9616999999995
2026/2027,Adamawa,41,cases,315.243321808,6.0196000000000005,0.0,0.0,6.0196000000000005,11.8715625,695.3227499999995
2026/2027,Adamawa,42,cases,184.201790478,3.51735,0.0,0.0,3.51735,9.3693125,692.8204999999995
2026/2027,Adamawa,43,cases,503.854622502,9.62115,0.0,0.0,9.62115,15.4731125,698.9242999999994
2026/2027,Adamawa,44,cases,429.544948856,8.2022,0.0,0.0,8.2022,14.0541625,697.5053499999995
2026/2027,Adamawa,45,cases,403.959839402,7.71365,0.0,0.0,7.71365,13.5656125,697.0167999999995
2026/2027,Adamawa,46,cases,468.696372104,8.9498,0.0,0.0,8.9498,14.8017625,698.2529499999995
2026/2027,Adamawa,47,cases,322.328912452,6.1549,0.0,0.0,6.1549,12.0068625,695.4580499999995
2026/2027,Adamawa,48,cases,543.1526802940001,10.37155,0.0,0.0,10.37155,16.223512500000002,699.6746999999995
2026/2027,Adamawa,49,cases,388.762216306,7.42345,0.0,0.0,7.42345,13.275412500000002,696.7265999999995
2026/2027,Adamawa,50,cases,573.15777386,10.9445,0.0,0.0,10.9445,16.796462500000004,700.2476499999995
2026/2027,Adamawa,51,cases,317.89845444400004,6.0703000000000005,0.0,0.0,6.0703000000000005,11.922262500000002,695.3734499999995
2026/2027,Adamawa,52,cases,435.651230224,8.3188,0.0,0.0,8.3188,14.1707625,697.6219499999995
2026/2027,Akwa Ibom,1,cases,713.4364167295,12.34195,0.0,0.0,12.34195,18.193912500000003,701.6450999999995
2026/2027,Akwa Ibom,2,cases,313.301709619,5.4199,0.0,0.0,5.4199,11.2718625,694.7230499999995
2026/2027,Akwa Ibom,3,cases,374.645235191,6.4811000000000005,0.0,0.0,6.4811000000000005,12.3330625,695.7842499999995
2026/2027,Akwa Ibom,4,cases,364.99744550200006,6.314200000000001,0.0,0.0,6.314200000000001,12.166162500000002,695.6173499999995
2026/2027,Akwa Ibom,5,cases,274.658525634,4.7514,0.0,0.0,4.7514,10.6033625,694.0545499999995
2026/2027,Akwa Ibom,6,cases,351.6529742635,6.08335,0.0,0.0,6.08335,11.935312500000002,695.3864999999995
2026/2027,Akwa Ibom,7,cases,511.957156265,8.8565,0.0,0.0,8.8565,14.7084625,698.1596499999995
2026/2027,Akwa Ibom,8,cases,670.304611598,11.5958,0.0,0.0,11.5958,17.447762500000003,700.8989499999996
2026/2027,Akwa Ibom,9,cases,748.053426048,12.9408,0.0,0.0,12.9408,18.7927625,702.2439499999995
2026/2027,Akwa Ibom,10,cases,1862.751763183,32.2243,0.0,14.8926625,32.2243,38.0762625,721.5274499999995
2026/2027,Akwa Ibom,11,cases,5242.0476225875,90.68375,0.0,73.3521125,90.68375,96.5357125,779.9868999999995
2026/2027,Akwa Ibom,12,cases,15050.933433185995,260.3706,0.0,243.0389625,260.3706,266.2225625,949.6737499999996
2026/2027,Akwa Ibom,13,cases,55744.966396818505,964.34885,679.4245500000001,947.0172125,964.34885,970.2008125,1653.6519999999996
2026/2027,Akwa Ibom,14,cases,125162.77860671347,2165.22835,1880.30405,2147.8967125,2165.22835,2171.0803125,2854.531499999999
2026/2027,Akwa Ibom,15,cases,139783.9489648735,2418.16435,2133.24005,2400.8327125,2418.16435,2424.0163125,3107.4675
2026/2027,Akwa Ibom,16,cases,112825.43776381,1951.801,1666.8767000000005,1934.4693625,1951.801,1957.6529625,2641.10415
2026/2027,Akwa Ibom,17,cases,57490.3550239585,994.54285,709.61855,977.2112125,994.54285,1000.3948125,1683.8459999999995
2026/2027,Akwa Ibom,18,cases,21247.409894393004,367.5653,82.64100000000002,350.23366250000004,367.5653,373.4172625000001,1056.8684499999997
2026/2027,Akwa Ibom,19,cases,3429.6331587525,59.33025,0.0,41.9986125,59.33025,65.1822125,748.6333999999995
2026/2027,Akwa Ibom,20,cases,586.6596045279999,10.1488,0.0,0.0,10.1488,16.0007625,699.4519499999996
2026/2027,Akwa Ibom,21,cases,485.152602168,8.392800000000001,0.0,0.0,8.392800000000001,14.244762500000002,697.6959499999995
2026/2027,Akwa Ibom,22,cases,990.803144562,17.1402,0.0,0.0,17.1402,22.9921625,706.4433499999996
2026/2027,Akwa Ibom,23,cases,1491.4101300335,25.80035,0.0,8.468712500000002,25.80035,31.6523125,715.1034999999995
2026/2027,Akwa Ibom,24,cases,2626.8029471485,45.44185,0.0,28.110212500000003,45.44185,51.2938125,734.7449999999995
2026/2027,Akwa Ibom,25,cases,4579.2519857085,79.21785,0.0,61.8862125,79.21785,85.0698125,768.5209999999995
2026/2027,Akwa Ibom,26,cases,10433.0093605875,180.48375,0.0,163.15211250000002,180.48375,186.33571250000003,869.7868999999995
2026/2027,Akwa Ibom,27,cases,12684.629478512,219.4352,0.0,202.1035625,219.4352,225.2871625,908.7383499999996
2026/2027,Akwa Ibom,28,cases,28820.384315934505,498.57245000000006,213.64815000000004,481.24081250000006,498.57245000000006,504.4244125000001,1187.8755999999996
2026/2027,Akwa Ibom,29,cases,21976.416306046,380.1766,95.2523,362.8449625,380.1766,386.0285625,1069.4797499999995
2026/2027,Akwa Ibom,30,cases,19648.639923737,339.90770000000003,54.98340000000002,322.57606250000003,339.90770000000003,345.75966250000005,1029.2108499999997
2026/2027,Akwa Ibom,31,cases,6723.8070726415,116.31715,0.0,98.9855125,116.31715,122.1691125,805.6202999999995
2026/2027,Akwa Ibom,32,cases,2646.147661465,45.7765,0.0,28.4448625,45.7765,51.6284625,735.0796499999994
2026/2027,Akwa Ibom,33,cases,548.9095203075001,9.49575,0.0,0.0,9.49575,15.347712500000002,698.7988999999995
2026/2027,Akwa Ibom,34,cases,401.7128057235,6.949350000000001,0.0,0.0,6.949350000000001,12.801312500000002,696.2524999999995
2026/2027,Akwa Ibom,35,cases,334.9008505255,5.793550000000001,0.0,0.0,5.793550000000001,11.645512500000002,695.0966999999995
2026/2027,Akwa Ibom,36,cases,390.2123398239999,6.750399999999999,0.0,0.0,6.750399999999999,12.6023625,696.0535499999995
2026/2027,Akwa Ibom,37,cases,307.83038970250004,5.3252500000000005,0.0,0.0,5.3252500000000005,11.1772125,694.6283999999995
2026/2027,Akwa Ibom,38,cases,293.202629482,5.0722000000000005,0.0,0.0,5.0722000000000005,10.9241625,694.3753499999995
2026/2027,Akwa Ibom,39,cases,352.7050400055,6.1015500000000005,0.0,0.0,6.1015500000000005,11.953512500000002,695.4046999999995
2026/2027,Akwa Ibom,40,cases,239.350736886,4.1406,0.0,0.0,4.1406,9.992562500000002,693.4437499999995
2026/2027,Akwa Ibom,41,cases,259.8168839165,4.49465,0.0,0.0,4.49465,10.3466125,693.7977999999995
2026/2027,Akwa Ibom,42,cases,368.3993174205,6.37305,0.0,0.0,6.37305,12.225012500000002,695.6761999999995
2026/2027,Akwa Ibom,43,cases,419.884062097,7.2637,0.0,0.0,7.2637,13.1156625,696.5668499999995
2026/2027,Akwa Ibom,44,cases,355.3987907515,6.148149999999999,0.0,0.0,6.148149999999999,12.0001125,695.4512999999995
2026/2027,Akwa Ibom,45,cases,299.4658889955,5.18055,0.0,0.0,5.18055,11.0325125,694.4836999999995
2026/2027,Akwa Ibom,46,cases,262.9499588185,4.54885,0.0,0.0,4.54885,10.4008125,693.8519999999995
2026/2027,Akwa Ibom,47,cases,348.4331906465,6.02765,0.0,0.0,6.02765,11.8796125,695.3307999999995
2026/2027,Akwa Ibom,48,cases,218.6533666155,3.78255,0.0,0.0,3.78255,9.6345125,693.0856999999995
2026/2027,Akwa Ibom,49,cases,368.951362906,6.382600000000001,0.0,0.0,6.382600000000001,12.234562500000004,695.6857499999995
2026/2027,Akwa Ibom,50,cases,283.05770982700005,4.896700000000001,0.0,0.0,4.896700000000001,10.748662500000002,694.1998499999995
2026/2027,Akwa Ibom,51,cases,350.401478477,6.0617,0.0,0.0,6.0617,11.9136625,695.3648499999995
2026/2027,Akwa Ibom,52,cases,332.86319572299993,5.758299999999999,0.0,0.0,5.758299999999999,11.6102625,695.0614499999995
2026/2027,Anambra,1,cases,1427.895245595,19.560450000000003,0.0,2.228812500000004,19.560450000000003,25.4124125,708.8635999999995
2026/2027,Anambra,2,cases,588.79614078,8.0658,0.0,0.0,8.0658,13.9177625,697.3689499999995
2026/2027,Anambra,3,cases,325.2365401850001,4.455350000000001,0.0,0.0,4.455350000000001,10.307312500000002,693.7584999999995
2026/2027,Anambra,4,cases,519.4469957800001,7.1158,0.0,0.0,7.1158,12.9677625,696.4189499999995
2026/2027,Anambra,5,cases,316.85989346,4.3406,0.0,0.0,4.3406,10.1925625,693.6437499999995
2026/2027,Anambra,6,cases,365.502843745,5.00695,0.0,0.0,5.00695,10.8589125,694.3100999999995
2026/2027,Anambra,7,cases,460.16077671500005,6.303650000000001,0.0,0.0,6.303650000000001,12.155612500000002,695.6067999999995
2026/2027,Anambra,8,cases,533.933667175,7.31425,0.0,0.0,7.31425,13.1662125,696.6173999999995
2026/2027,Anambra,9,cases,1070.56100114,14.665400000000002,0.0,0.0,14.665400000000002,20.517362500000004,703.9685499999995
2026/2027,Anambra,10,cases,2555.10719829,35.0019,0.0,17.6702625,35.0019,40.8538625,724.3050499999995
2026/2027,Anambra,11,cases,6666.182913170001,91.3187,0.0,73.98706250000001,91.3187,97.1706625,780.6218499999995
2026/2027,Anambra,12,cases,22936.751564645005,314.20595000000003,29.281650000000013,296.87431250000003,314.20595000000003,320.05791250000004,1003.5090999999996
2026/2027,Anambra,13,cases,62691.265734455,858.7950500000001,573.87075,841.4634125,858.7950500000001,864.6470125000001,1548.0981999999997
2026/2027,Anambra,14,cases,129873.308352485,1779.10835,1494.1840499999998,1761.7767125,1779.10835,1784.9603125,2468.4114999999997
2026/2027,Anambra,15,cases,168046.34447021,2302.0331,2017.1088,2284.7014625,2302.0331,2307.8850625,2991.3362499999994
2026/2027,Anambra,16,cases,163606.82390470002,2241.217,1956.2927,2223.8853625,2241.217,2247.0689625,2930.5201499999994
2026/2027,Anambra,17,cases,74524.938138065,1020.90215,735.9778500000001,1003.5705125000002,1020.90215,1026.7541125,1710.2052999999996
2026/2027,Anambra,18,cases,30610.183359525003,419.32275,134.39845000000005,401.9911125,419.32275,425.17471250000006,1108.6258999999995
2026/2027,Anambra,19,cases,4526.44789379,62.0069,0.0,44.6752625,62.0069,67.8588625,751.3100499999995
2026/2027,Anambra,20,cases,884.4753453750001,12.11625,0.0,0.0,12.11625,17.9682125,701.4193999999995
2026/2027,Anambra,21,cases,719.3148816249999,9.85375,0.0,0.0,9.85375,15.7057125,699.1568999999995
2026/2027,Anambra,22,cases,1384.96082493,18.9723,0.0,1.6406625000000012,18.9723,24.824262500000003,708.2754499999995
2026/2027,Anambra,23,cases,1328.638369325,18.20075,0.0,0.8691125,18.20075,24.0527125,707.5038999999995
2026/2027,Anambra,24,cases,3016.129364385,41.31735,0.0,23.9857125,41.31735,47.1693125,730.6204999999995
2026/2027,Anambra,25,cases,6530.116240725,89.45475,0.0,72.1231125,89.45475,95.3067125,778.7578999999995
2026/2027,Anambra,26,cases,9613.12738053,131.6883,0.0,114.3566625,131.6883,137.5402625,820.9914499999995
2026/2027,Anambra,27,cases,29358.58094043,402.17730000000006,117.25300000000004,384.84566250000006,402.17730000000006,408.0292625000001,1091.4804499999996
2026/2027,Anambra,28,cases,29571.092270395,405.08845,120.16415,387.7568125,405.08845,410.9404125,1094.3915999999997
2026/2027,Anambra,29,cases,54565.962210665006,747.4881500000001,462.5638500000001,730.1565125000002,747.4881500000001,753.3401125000001,1436.7912999999996
2026/2027,Anambra,30,cases,22012.772756305003,301.54855000000003,16.624250000000018,284.21691250000003,301.54855000000003,307.40051250000005,990.8516999999996
2026/2027,Anambra,31,cases,7335.460561700001,100.487,0.0,83.15536250000001,100.487,106.3389625,789.7901499999995
2026/2027,Anambra,32,cases,3574.663728260001,48.96860000000001,0.0,31.63696250000001,48.96860000000001,54.82056250000001,738.2717499999995
2026/2027,Anambra,33,cases,636.23825587,8.7157,0.0,0.0,8.7157,14.5676625,698.0188499999995
2026/2027,Anambra,34,cases,510.7710527450001,6.996950000000002,0.0,0.0,6.996950000000002,12.848912500000004,696.3000999999995
2026/2027,Anambra,35,cases,416.5876139250001,5.70675,0.0,0.0,5.70675,11.558712500000002,695.0098999999996
2026/2027,Anambra,36,cases,445.363859145,6.10095,0.0,0.0,6.10095,11.9529125,695.4040999999995
2026/2027,Anambra,37,cases,330.51437511499995,4.52765,0.0,0.0,4.52765,10.3796125,693.8307999999995
2026/2027,Anambra,38,cases,432.74231475500005,5.928050000000001,0.0,0.0,5.928050000000001,11.780012500000002,695.2311999999995
2026/2027,Anambra,39,cases,397.731946395,5.44845,0.0,0.0,5.44845,11.3004125,694.7515999999995
2026/2027,Anambra,40,cases,279.42595498000003,3.8278,0.0,0.0,3.8278,9.6797625,693.1309499999995
2026/2027,Anambra,41,cases,366.773028085,5.02435,0.0,0.0,5.02435,10.8763125,694.3274999999995
2026/2027,Anambra,42,cases,356.6407530050001,4.88555,0.0,0.0,4.88555,10.7375125,694.1886999999995
2026/2027,Anambra,43,cases,490.94084723,6.725300000000001,0.0,0.0,6.725300000000001,12.577262500000002,696.0284499999995
2026/2027,Anambra,44,cases,382.96787842,5.2462,0.0,0.0,5.2462,11.0981625,694.5493499999995
2026/2027,Anambra,45,cases,417.062108075,5.71325,0.0,0.0,5.71325,11.5652125,695.0163999999995
2026/2027,Anambra,46,cases,425.95339845500007,5.835050000000001,0.0,0.0,5.835050000000001,11.687012500000002,695.1381999999995
2026/2027,Anambra,47,cases,571.54645345,7.829499999999999,0.0,0.0,7.829499999999999,13.6814625,697.1326499999996
2026/2027,Anambra,48,cases,409.302303745,5.60695,0.0,0.0,5.60695,11.4589125,694.9100999999995
2026/2027,Anambra,49,cases,461.12071488,6.316800000000001,0.0,0.0,6.316800000000001,12.1687625,695.6199499999996
2026/2027,Anambra,50,cases,293.50748137,4.0207,0.0,0.0,4.0207,9.8726625,693.3238499999995
2026/2027,Anambra,51,cases,515.917489295,7.06745,0.0,0.0,7.06745,12.9194125,696.3705999999995
2026/2027,Anambra,52,cases,339.24871743,4.6473,0.0,0.0,4.6473,10.4992625,693.9504499999995
2026/2027,Bauchi,1,cases,2173.5056217940005,28.8238,0.0,11.492162500000004,28.8238,34.675762500000005,718.1269499999995
2026/2027,Bauchi,2,cases,550.6833078955,7.30285,0.0,0.0,7.30285,13.154812500000002,696.6059999999995
2026/2027,Bauchi,3,cases,771.6548964475002,10.233250000000002,0.0,0.0,10.233250000000002,16.085212500000004,699.5363999999995
2026/2027,Bauchi,4,cases,906.6666971310002,12.023700000000002,0.0,0.0,12.023700000000002,17.875662500000004,701.3268499999995
2026/2027,Bauchi,5,cases,630.85186658,8.366,0.0,0.0,8.366,14.2179625,697.6691499999995
2026/2027,Bauchi,6,cases,849.1955340765,11.261550000000002,0.0,0.0,11.261550000000002,17.113512500000002,700.5646999999996
2026/2027,Bauchi,7,cases,1000.909903305,13.2735,0.0,0.0,13.2735,19.1254625,702.5766499999995
2026/2027,Bauchi,8,cases,441.2682877655,5.851850000000001,0.0,0.0,5.851850000000001,11.703812500000002,695.1549999999995
2026/2027,Bauchi,9,cases,965.687466432,12.8064,0.0,0.0,12.8064,18.658362500000003,702.1095499999996
2026/2027,Bauchi,10,cases,680.333697186,9.0222,0.0,0.0,9.0222,14.8741625,698.3253499999995
2026/2027,Bauchi,11,cases,1362.808942664,18.0728,0.0,0.7411625000000015,18.0728,23.9247625,707.3759499999995
2026/2027,Bauchi,12,cases,1699.009402519,22.5313,0.0,5.199662500000002,22.5313,28.3832625,711.8344499999995
2026/2027,Bauchi,13,cases,3779.568812175,50.1225,0.0,32.7908625,50.1225,55.9744625,739.4256499999995
2026/2027,Bauchi,14,cases,6668.8077736085,88.43795,0.0,71.1063125,88.43795,94.2899125,777.7410999999995
2026/2027,Bauchi,15,cases,28405.4776934305,376.69735,91.77305,359.36571250000003,376.69735,382.5493125,1066.0004999999996
2026/2027,Bauchi,16,cases,65536.4412904045,869.10715,584.18285,851.7755125000001,869.10715,874.9591125000001,1558.4102999999996
2026/2027,Bauchi,17,cases,118560.89799579352,1572.2874500000005,1287.36315,1554.9558125000003,1572.2874500000005,1578.1394125000002,2261.5905999999995
2026/2027,Bauchi,18,cases,137440.105308064,1822.6528,1537.7285000000002,1805.3211625,1822.6528,1828.5047625,2511.95595
2026/2027,Bauchi,19,cases,137371.176107581,1821.7387,1536.8144000000002,1804.4070625,1821.7387,1827.5906625,2511.04185
2026/2027,Bauchi,20,cases,30474.903314167004,404.1409,119.21660000000004,386.8092625000001,404.1409,409.99286250000006,1093.4440499999996
2026/2027,Bauchi,21,cases,8348.6638921075,110.71525,0.0,93.3836125,110.71525,116.5672125,800.0183999999995
2026/2027,Bauchi,22,cases,3340.370436403,44.2981,0.0,26.9664625,44.2981,50.1500625,733.6012499999995
2026/2027,Bauchi,23,cases,4522.542796901999,59.97539999999999,0.0,42.6437625,59.97539999999999,65.82736249999999,749.2785499999995
2026/2027,Bauchi,24,cases,5323.9154462325005,70.60275,0.0,53.2711125,70.60275,76.4547125,759.9058999999995
2026/2027,Bauchi,25,cases,12534.46707175,166.22500000000002,0.0,148.89336250000002,166.22500000000002,172.07696250000004,855.5281499999995
2026/2027,Bauchi,26,cases,19993.819102621,265.1467,0.0,247.8150625,265.1467,270.9986625,954.4498499999996
2026/2027,Bauchi,27,cases,45246.051682325,600.0275,315.1032,582.6958625,600.0275,605.8794625,1289.3306499999994
2026/2027,Bauchi,28,cases,50669.831898998,671.9546,387.0303,654.6229625000001,671.9546,677.8065625,1361.2577499999995
2026/2027,Bauchi,29,cases,85311.4001901135,1131.35145,846.4271500000001,1114.0198125000002,1131.35145,1137.2034125,1820.6546
2026/2027,Bauchi,30,cases,68896.90382337102,913.6717,628.7474000000001,896.3400625000002,913.6717,919.5236625,1602.9748499999996
2026/2027,Bauchi,31,cases,18641.076945062,247.2074,0.0,229.8757625,247.2074,253.0593625,936.5105499999996
2026/2027,Bauchi,32,cases,6038.3178588525,80.07675,0.0,62.745112500000005,80.07675,85.9287125,769.3798999999995
2026/2027,Bauchi,33,cases,901.162013141,11.9507,0.0,0.0,11.9507,17.802662500000004,701.2538499999995
2026/2027,Bauchi,34,cases,799.9173013715,10.60805,0.0,0.0,10.60805,16.4600125,699.9111999999996
2026/2027,Bauchi,35,cases,898.7603119755,11.91885,0.0,0.0,11.91885,17.770812499999998,701.2219999999995
2026/2027,Bauchi,36,cases,869.6985967735,11.53345,0.0,0.0,11.53345,17.3854125,700.8365999999995
2026/2027,Bauchi,37,cases,367.924029096,4.8792,0.0,0.0,4.8792,10.7311625,694.1823499999995
2026/2027,Bauchi,38,cases,745.7112453959999,9.8892,0.0,0.0,9.8892,15.7411625,699.1923499999995
2026/2027,Bauchi,39,cases,1135.9217039885,15.063950000000002,0.0,0.0,15.063950000000002,20.915912500000005,704.3670999999995
2026/2027,Bauchi,40,cases,1138.2291468664998,15.09455,0.0,0.0,15.09455,20.9465125,704.3976999999995
2026/2027,Bauchi,41,cases,677.0497384495001,8.97865,0.0,0.0,8.97865,14.8306125,698.2817999999995
2026/2027,Bauchi,42,cases,868.3488180965,11.51555,0.0,0.0,11.51555,17.367512500000004,700.8186999999995
2026/2027,Bauchi,43,cases,685.0466115610001,9.0847,0.0,0.0,9.0847,14.9366625,698.3878499999995
2026/2027,Bauchi,44,cases,549.2807445775,7.28425,0.0,0.0,7.28425,13.1362125,696.5873999999995
2026/2027,Bauchi,45,cases,892.6486046140002,11.8378,0.0,0.0,11.8378,17.6897625,701.1409499999995
2026/2027,Bauchi,46,cases,713.4296670929999,9.4611,0.0,0.0,9.4611,15.3130625,698.7642499999995
2026/2027,Bauchi,47,cases,610.823865652,8.1004,0.0,0.0,8.1004,13.9523625,697.4035499999995
2026/2027,Bauchi,48,cases,981.0817299465,13.01055,0.0,0.0,13.01055,18.8625125,702.3136999999995
2026/2027,Bauchi,49,cases,550.8039585035,7.30445,0.0,0.0,7.30445,13.156412500000002,696.6075999999995
2026/2027,Bauchi,50,cases,878.3967515439999,11.6488,0.0,0.0,11.6488,17.5007625,700.9519499999996
2026/2027,Bauchi,51,cases,706.5940560834999,9.37045,0.0,0.0,9.37045,15.2224125,698.6735999999995
2026/2027,Bauchi,52,cases,768.6009279325,10.19275,0.0,0.0,10.19275,16.044712500000003,699.4958999999996
2026/2027,Bayelsa,1,cases,1328.10011665,55.4594,0.0,38.1277625,55.4594,61.3113625,744.7625499999995
2026/2027,Bayelsa,2,cases,235.1440345625,9.81925,0.0,0.0,9.81925,15.6712125,699.1223999999995
2026/2027,Bayelsa,3,cases,81.10215157500001,3.3867000000000003,0.0,0.0,3.3867000000000003,9.2386625,692.6898499999995
2026/2027,Bayelsa,4,cases,157.8494957375,6.59155,0.0,0.0,6.59155,12.4435125,695.8946999999995
2026/2027,Bayelsa,5,cases,141.0002106375,5.88795,0.0,0.0,5.88795,11.7399125,695.1910999999996
2026/2027,Bayelsa,6,cases,171.09352235,7.1446000000000005,0.0,0.0,7.1446000000000005,12.9965625,696.4477499999995
2026/2027,Bayelsa,7,cases,132.35046393750002,5.526750000000001,0.0,0.0,5.526750000000001,11.378712500000002,694.8298999999995
2026/2027,Bayelsa,8,cases,251.8999253875,10.51895,0.0,0.0,10.51895,16.370912500000003,699.8220999999995
2026/2027,Bayelsa,9,cases,280.30136388750003,11.70495,0.0,0.0,11.70495,17.556912500000003,701.0080999999996
2026/2027,Bayelsa,10,cases,729.191367775,30.4499,0.0,13.1182625,30.4499,36.3018625,719.7530499999995
2026/2027,Bayelsa,11,cases,3887.100856925,162.3193,0.0,144.9876625,162.3193,168.1712625,851.6224499999995
2026/2027,Bayelsa,12,cases,6467.006349087501,270.05215000000004,0.0,252.72051250000004,270.05215000000004,275.90411250000005,959.3552999999996
2026/2027,Bayelsa,13,cases,18680.496583987497,780.06855,495.14425,762.7369125,780.06855,785.9205125,1469.3716999999997
2026/2027,Bayelsa,14,cases,32032.44986015,1337.6254,1052.7010999999998,1320.2937625,1337.6254,1343.4773624999998,2026.9285499999996
2026/2027,Bayelsa,15,cases,58131.54227175,2427.483,2142.5587,2410.1513625,2427.483,2433.3349625,3116.78615
2026/2027,Bayelsa,16,cases,28365.050653625003,1184.4805,899.5562000000001,1167.1488625000002,1184.4805,1190.3324625,1873.78365
2026/2027,Bayelsa,17,cases,23466.257510125,979.9145,694.9902,962.5828625,979.9145,985.7664625,1669.2176499999996
2026/2027,Bayelsa,18,cases,8419.309497425,351.57730000000004,66.65300000000002,334.24566250000004,351.57730000000004,357.42926250000005,1040.8804499999997
2026/2027,Bayelsa,19,cases,1455.2947376624998,60.77085,0.0,43.4392125,60.77085,66.6228125,750.0739999999995
2026/2027,Bayelsa,20,cases,282.55480011250006,11.79905,0.0,0.0,11.79905,17.6510125,701.1021999999995
2026/2027,Bayelsa,21,cases,334.7538183,13.9788,0.0,0.0,13.9788,19.8307625,703.2819499999995
2026/2027,Bayelsa,22,cases,360.1462848375,15.03915,0.0,0.0,15.03915,20.8911125,704.3422999999995
2026/2027,Bayelsa,23,cases,765.255926275,31.9559,0.0,14.6242625,31.9559,37.8078625,721.2590499999995
2026/2027,Bayelsa,24,cases,1104.1011322375,46.10555,0.0,28.7739125,46.10555,51.9575125,735.4086999999995
2026/2027,Bayelsa,25,cases,2458.5420265250004,102.66490000000002,0.0,85.33326250000002,102.66490000000002,108.51686250000002,791.9680499999995
2026/2027,Bayelsa,26,cases,6153.700885249999,256.969,0.0,239.6373625,256.969,262.8209625,946.2721499999996
2026/2027,Bayelsa,27,cases,8908.4021446125,372.00105,87.07675,354.6694125,372.00105,377.8530125,1061.3041999999996
2026/2027,Bayelsa,28,cases,9059.0471101875,378.29175,93.36745000000002,360.9601125,378.29175,384.1437125000001,1067.5948999999996
2026/2027,Bayelsa,29,cases,7529.25008305,314.4098,29.4855,297.0781625,314.4098,320.26176250000003,1003.7129499999996
2026/2027,Bayelsa,30,cases,6689.8977731875,279.35975,0.0,262.0281125,279.35975,285.21171250000003,968.6628999999996
2026/2027,Bayelsa,31,cases,3789.351774512501,158.23745000000002,0.0,140.90581250000002,158.23745000000002,164.08941250000004,847.5405999999996
2026/2027,Bayelsa,32,cases,518.795618725,21.6641,0.0,4.332462500000002,21.6641,27.516062500000004,710.9672499999995
2026/2027,Bayelsa,33,cases,325.843046575,13.606700000000002,0.0,0.0,13.606700000000002,19.458662500000003,702.9098499999996
2026/2027,Bayelsa,34,cases,216.3430485875,9.03415,0.0,0.0,9.03415,14.8861125,698.3372999999995
2026/2027,Bayelsa,35,cases,128.09743233749998,5.34915,0.0,0.0,5.34915,11.2011125,694.6522999999995
2026/2027,Bayelsa,36,cases,109.05338177500002,4.5539000000000005,0.0,0.0,4.5539000000000005,10.4058625,693.8570499999995
2026/2027,Bayelsa,37,cases,119.64525045,4.9962,0.0,0.0,4.9962,10.8481625,694.2993499999995
2026/2027,Bayelsa,38,cases,127.20898936250003,5.312050000000001,0.0,0.0,5.312050000000001,11.164012500000002,694.6151999999995
2026/2027,Bayelsa,39,cases,144.545601,6.0360000000000005,0.0,0.0,6.0360000000000005,11.8879625,695.3391499999994
2026/2027,Bayelsa,40,cases,162.8891945,6.802,0.0,0.0,6.802,12.6539625,696.1051499999995
2026/2027,Bayelsa,41,cases,130.955536625,5.468500000000001,0.0,0.0,5.468500000000001,11.3204625,694.7716499999995
2026/2027,Bayelsa,42,cases,89.94706836249999,3.75605,0.0,0.0,3.75605,9.6080125,693.0591999999995
2026/2027,Bayelsa,43,cases,123.656414825,5.1637,0.0,0.0,5.1637,11.0156625,694.4668499999995
2026/2027,Bayelsa,44,cases,171.1929034375,7.148750000000001,0.0,0.0,7.148750000000001,13.000712500000002,696.4518999999995
2026/2027,Bayelsa,45,cases,173.7983642375,7.25755,0.0,0.0,7.25755,13.1095125,696.5606999999995
2026/2027,Bayelsa,46,cases,122.0100413875,5.09495,0.0,0.0,5.09495,10.9469125,694.3980999999995
2026/2027,Bayelsa,47,cases,108.50618711250002,4.5310500000000005,0.0,0.0,4.5310500000000005,10.3830125,693.8341999999996
2026/2027,Bayelsa,48,cases,130.2478953875,5.438949999999999,0.0,0.0,5.438949999999999,11.2909125,694.7420999999995
2026/2027,Bayelsa,49,cases,105.44932065000002,4.4034,0.0,0.0,4.4034,10.2553625,693.7065499999995
2026/2027,Bayelsa,50,cases,138.70127463749998,5.79195,0.0,0.0,5.79195,11.6439125,695.0950999999995
2026/2027,Bayelsa,51,cases,102.04282433750002,4.261150000000001,0.0,0.0,4.261150000000001,10.113112500000002,693.5642999999995
2026/2027,Bayelsa,52,cases,136.35324677500003,5.693900000000001,0.0,0.0,5.693900000000001,11.545862500000002,694.9970499999995
2026/2027,Benue,1,cases,2249.369786864,33.6344,0.0,16.3027625,33.6344,39.4863625,722.9375499999995
2026/2027,Benue,2,cases,456.977638686,6.8331,0.0,0.0,6.8331,12.6850625,696.1362499999994
2026/2027,Benue,3,cases,661.0763942469999,9.88495,0.0,0.0,9.88495,15.7369125,699.1880999999995
2026/2027,Benue,4,cases,327.249517698,4.8933,0.0,0.0,4.8933,10.7452625,694.1964499999995
2026/2027,Benue,5,cases,468.460429888,7.0048,0.0,0.0,7.0048,12.856762500000002,696.3079499999996
2026/2027,Benue,6,cases,394.44758758600005,5.8981,0.0,0.0,5.8981,11.750062500000002,695.2012499999995
2026/2027,Benue,7,cases,427.81255282000006,6.397,0.0,0.0,6.397,12.2489625,695.7001499999996
2026/2027,Benue,8,cases,478.80631107,7.1595,0.0,0.0,7.1595,13.0114625,696.4626499999995
2026/2027,Benue,9,cases,578.2959693790001,8.647150000000002,0.0,0.0,8.647150000000002,14.499112500000004,697.9502999999995
2026/2027,Benue,10,cases,854.548384974,12.7779,0.0,0.0,12.7779,18.6298625,702.0810499999995
2026/2027,Benue,11,cases,1912.252558963,28.59355,0.0,11.2619125,28.59355,34.4455125,717.8966999999996
2026/2027,Benue,12,cases,4003.548382958,59.8643,0.0,42.5326625,59.8643,65.7162625,749.1674499999995
2026/2027,Benue,13,cases,13015.302438871,194.61535,0.0,177.2837125,194.61535,200.4673125,883.9184999999995
2026/2027,Benue,14,cases,39135.950590197,585.19245,300.26815,567.8608125000001,585.19245,591.0444125,1274.4955999999995
2026/2027,Benue,15,cases,77995.00005731701,1166.24445,881.3201500000001,1148.9128125000002,1166.24445,1172.0964125,1855.5476
2026/2027,Benue,16,cases,134739.249188477,2014.73045,1729.80615,1997.3988125,2014.73045,2020.5824125,2704.0336
2026/2027,Benue,17,cases,138986.61461293,2078.2405,1793.3161999999998,2060.9088625,2078.2405,2084.0924625,2767.54365
2026/2027,Benue,18,cases,69819.91814823999,1044.004,759.0796999999999,1026.6723625,1044.004,1049.8559624999998,1733.3071499999994
2026/2027,Benue,19,cases,27615.905521924,412.9354,128.0111,395.6037625,412.9354,418.7873625,1102.2385499999996
2026/2027,Benue,20,cases,4082.9515162960006,61.05160000000001,0.0,43.71996250000001,61.05160000000001,66.9035625,750.3547499999995
2026/2027,Benue,21,cases,1015.531499953,15.18505,0.0,0.0,15.18505,21.037012500000003,704.4881999999996
2026/2027,Benue,22,cases,1763.203655341,26.36485,0.0,9.0332125,26.36485,32.2168125,715.6679999999996
2026/2027,Benue,23,cases,1729.7417183699995,25.8645,0.0,8.5328625,25.8645,31.7164625,715.1676499999995
2026/2027,Benue,24,cases,3583.864736781,53.58885,0.0,36.2572125,53.58885,59.4408125,742.8919999999995
2026/2027,Benue,25,cases,10834.097095412002,162.0002,0.0,144.6685625,162.0002,167.85216250000002,851.3033499999995
2026/2027,Benue,26,cases,19156.137999986004,286.4381,1.5138000000000034,269.1064625,286.4381,292.29006250000003,975.7412499999996
2026/2027,Benue,27,cases,36801.850912166,550.2911,265.3668,532.9594625,550.2911,556.1430625,1239.5942499999996
2026/2027,Benue,28,cases,56905.055021930006,850.8905000000001,565.9662000000001,833.5588625,850.8905000000001,856.7424625000001,1540.1936499999997
2026/2027,Benue,29,cases,56962.355286938,851.7473,566.823,834.4156625,851.7473,857.5992625,1541.0504499999995
2026/2027,Benue,30,cases,57094.31375787701,853.72045,568.79615,836.3888125000001,853.72045,859.5724125,1543.0235999999995
2026/2027,Benue,31,cases,16803.513376335002,251.25975000000005,0.0,233.92811250000003,251.25975000000005,257.1117125,940.5628999999996
2026/2027,Benue,32,cases,2855.5768972339997,42.6989,0.0,25.367262499999995,42.6989,48.5508625,732.0020499999995
2026/2027,Benue,33,cases,1314.3582671510003,19.653350000000003,0.0,2.321712500000004,19.653350000000003,25.5053125,708.9564999999996
2026/2027,Benue,34,cases,446.377624676,6.674600000000001,0.0,0.0,6.674600000000001,12.5265625,695.9777499999996
2026/2027,Benue,35,cases,345.48689196000004,5.166,0.0,0.0,5.166,11.0179625,694.4691499999996
2026/2027,Benue,36,cases,534.9596344990001,7.999150000000001,0.0,0.0,7.999150000000001,13.851112500000005,697.3022999999995
2026/2027,Benue,37,cases,496.324756937,7.42145,0.0,0.0,7.42145,13.2734125,696.7245999999996
2026/2027,Benue,38,cases,761.8300289900001,11.3915,0.0,0.0,11.3915,17.2434625,700.6946499999995
2026/2027,Benue,39,cases,478.214449089,7.15065,0.0,0.0,7.15065,13.0026125,696.4537999999995
2026/2027,Benue,40,cases,648.43997376,9.696000000000002,0.0,0.0,9.696000000000002,15.547962500000002,698.9991499999995
2026/2027,Benue,41,cases,314.51612547400003,4.7029000000000005,0.0,0.0,4.7029000000000005,10.554862500000002,694.0060499999995
2026/2027,Benue,42,cases,549.86318732,8.222,0.0,0.0,8.222,14.0739625,697.5251499999995
2026/2027,Benue,43,cases,639.458384602,9.5617,0.0,0.0,9.5617,15.4136625,698.8648499999995
2026/2027,Benue,44,cases,537.1899844500001,8.0325,0.0,0.0,8.0325,13.8844625,697.3356499999995
2026/2027,Benue,45,cases,424.599110087,6.34895,0.0,0.0,6.34895,12.2009125,695.6520999999995
2026/2027,Benue,46,cases,398.500337422,5.9587,0.0,0.0,5.9587,11.8106625,695.2618499999995
2026/2027,Benue,47,cases,386.151488293,5.77405,0.0,0.0,5.77405,11.626012500000002,695.0771999999995
2026/2027,Benue,48,cases,464.73872149900006,6.94915,0.0,0.0,6.94915,12.801112500000002,696.2522999999995
2026/2027,Benue,49,cases,305.0831161610001,4.561850000000001,0.0,0.0,4.561850000000001,10.413812500000002,693.8649999999996
2026/2027,Benue,50,cases,532.2042996270001,7.95795,0.0,0.0,7.95795,13.8099125,697.2610999999995
2026/2027,Benue,51,cases,282.639174825,4.22625,0.0,0.0,4.22625,10.0782125,693.5293999999996
2026/2027,Benue,52,cases,523.71425686,7.830999999999999,0.0,0.0,7.830999999999999,13.6829625,697.1341499999995
2026/2027,Borno,1,cases,2241.808658265,33.70335,0.0,16.3717125,33.70335,39.5553125,723.0064999999995
2026/2027,Borno,2,cases,518.3584087,7.793000000000001,0.0,0.0,7.793000000000001,13.644962500000002,697.0961499999995
2026/2027,Borno,3,cases,515.1756228849999,7.74515,0.0,0.0,7.74515,13.5971125,697.0482999999995
2026/2027,Borno,4,cases,514.304264595,7.73205,0.0,0.0,7.73205,13.5840125,697.0351999999995
2026/2027,Borno,5,cases,492.433836675,7.40325,0.0,0.0,7.40325,13.2552125,696.7063999999995
2026/2027,Borno,6,cases,687.119224385,10.33015,0.0,0.0,10.33015,16.182112500000002,699.6332999999995
2026/2027,Borno,7,cases,553.1495501950001,8.31605,0.0,0.0,8.31605,14.1680125,697.6191999999995
2026/2027,Borno,8,cases,492.959312285,7.41115,0.0,0.0,7.41115,13.263112500000002,696.7142999999995
2026/2027,Borno,9,cases,674.7007058550001,10.14345,0.0,0.0,10.14345,15.995412500000002,699.4465999999995
2026/2027,Borno,10,cases,951.041012405,14.29795,0.0,0.0,14.29795,20.1499125,703.6010999999995
2026/2027,Borno,11,cases,583.028492475,8.76525,0.0,0.0,8.76525,14.6172125,698.0683999999995
2026/2027,Borno,12,cases,1377.55759218,20.7102,0.0,3.378562500000001,20.7102,26.5621625,710.0133499999995
2026/2027,Borno,13,cases,3488.57936207,52.4473,0.0,35.1156625,52.4473,58.2992625,741.7504499999995
2026/2027,Borno,14,cases,10309.34590213,154.9907,0.0,137.6590625,154.9907,160.84266250000002,844.2938499999996
2026/2027,Borno,15,cases,27497.573286150004,413.3985,128.4742,396.0668625,413.3985,419.2504625,1102.7016499999995
2026/2027,Borno,16,cases,53615.84626354,806.0606,521.1363,788.7289625000001,806.0606,811.9125625,1495.3637499999995
2026/2027,Borno,17,cases,86192.41403553002,1295.8167,1010.8924,1278.4850625,1295.8167,1301.6686625,1985.11985
2026/2027,Borno,18,cases,124526.9439942,1872.138,1587.2136999999998,1854.8063625,1872.138,1877.9899625,2561.44115
2026/2027,Borno,19,cases,101024.511883955,1518.80245,1233.87815,1501.4708125000002,1518.80245,1524.6544125,2208.1056
2026/2027,Borno,20,cases,33309.536406245,500.77555000000007,215.85125000000005,483.44391250000007,500.77555000000007,506.6275125000001,1190.0786999999996
2026/2027,Borno,21,cases,7185.423332835001,108.02565,0.0,90.6940125,108.02565,113.8776125,797.3287999999995
2026/2027,Borno,22,cases,3059.30569824,45.9936,0.0,28.6619625,45.9936,51.8455625,735.2967499999995
2026/2027,Borno,23,cases,3462.368771675,52.05325,0.0,34.7216125,52.05325,57.9052125,741.3563999999996
2026/2027,Borno,24,cases,6147.8584377100005,92.4269,0.0,75.0952625,92.4269,98.2788625,781.7300499999996
2026/2027,Borno,25,cases,17565.97118012,264.0868,0.0,246.7551625,264.0868,269.9387625,953.3899499999995
2026/2027,Borno,26,cases,22929.50073139,344.7221,59.7978,327.3904625,344.7221,350.5740625,1034.0252499999997
2026/2027,Borno,27,cases,32915.68578496,494.8544,209.9301,477.5227625,494.8544,500.7063625,1184.1575499999994
2026/2027,Borno,28,cases,37037.70936591,556.8249,271.90059999999994,539.4932624999999,556.8249,562.6768625,1246.1280499999991
2026/2027,Borno,29,cases,42271.04734611,635.5029,350.57859999999994,618.1712625,635.5029,641.3548625,1324.8060499999997
2026/2027,Borno,30,cases,54103.81023173501,813.3966500000001,528.4723500000001,796.0650125000002,813.3966500000001,819.2486125000001,1502.6997999999996
2026/2027,Borno,31,cases,24791.22090808,372.7112,87.7869,355.3795625,372.7112,378.5631625,1062.0143499999997
2026/2027,Borno,32,cases,5219.851881475001,78.47525000000002,0.0,61.14361250000002,78.47525000000002,84.32721250000002,767.7783999999995
2026/2027,Borno,33,cases,1976.6929098400003,29.717600000000004,0.0,12.385962500000003,29.717600000000004,35.5695625,719.0207499999995
2026/2027,Borno,34,cases,770.051248505,11.57695,0.0,0.0,11.57695,17.428912500000003,700.8800999999995
2026/2027,Borno,35,cases,587.9207369200001,8.8388,0.0,0.0,8.8388,14.690762500000002,698.1419499999995
2026/2027,Borno,36,cases,768.07240048,11.5472,0.0,0.0,11.5472,17.399162500000003,700.8503499999995
2026/2027,Borno,37,cases,475.37915991500006,7.146850000000001,0.0,0.0,7.146850000000001,12.9988125,696.4499999999995
2026/2027,Borno,38,cases,653.34577616,9.8224,0.0,0.0,9.8224,15.6743625,699.1255499999995
2026/2027,Borno,39,cases,909.002963605,13.66595,0.0,0.0,13.66595,19.5179125,702.9690999999995
2026/2027,Borno,40,cases,579.642833165,8.71435,0.0,0.0,8.71435,14.5663125,698.0174999999995
2026/2027,Borno,41,cases,348.0943336750001,5.233250000000001,0.0,0.0,5.233250000000001,11.0852125,694.5363999999995
2026/2027,Borno,42,cases,684.378769305,10.28895,0.0,0.0,10.28895,16.1409125,699.5920999999995
2026/2027,Borno,43,cases,523.6198163900001,7.8721,0.0,0.0,7.8721,13.724062500000002,697.1752499999996
2026/2027,Borno,44,cases,461.730097235,6.94165,0.0,0.0,6.94165,12.793612500000002,696.2447999999995
2026/2027,Borno,45,cases,742.00481927,11.1553,0.0,0.0,11.1553,17.007262500000003,700.4584499999995
2026/2027,Borno,46,cases,528.23601985,7.9415,0.0,0.0,7.9415,13.7934625,697.2446499999995
2026/2027,Borno,47,cases,675.02330797,10.1483,0.0,0.0,10.1483,16.0002625,699.4514499999995
2026/2027,Borno,48,cases,634.94747822,9.5458,0.0,0.0,9.5458,15.3977625,698.8489499999995
2026/2027,Borno,49,cases,480.18160789500007,7.219050000000001,0.0,0.0,7.219050000000001,13.071012500000002,696.5221999999995
2026/2027,Borno,50,cases,760.4862620850001,11.43315,0.0,0.0,11.43315,17.285112500000004,700.7362999999995
2026/2027,Borno,51,cases,716.99484087,10.7793,0.0,0.0,10.7793,16.6312625,700.0824499999995
2026/2027,Borno,52,cases,557.306793945,8.37855,0.0,0.0,8.37855,14.2305125,697.6816999999995
2026/2027,Cross River,1,cases,1123.15135534,26.9017,0.0,9.5700625,26.9017,32.7536625,716.2048499999995
2026/2027,Cross River,2,cases,221.24057233,5.29915,0.0,0.0,5.29915,11.1511125,694.6022999999996
2026/2027,Cross River,3,cases,246.74994453,5.91015,0.0,0.0,5.91015,11.7621125,695.2132999999995
2026/2027,Cross River,4,cases,227.89972923,5.45865,0.0,0.0,5.45865,11.3106125,694.7617999999995
2026/2027,Cross River,5,cases,175.2464645,4.1975,0.0,0.0,4.1975,10.0494625,693.5006499999995
2026/2027,Cross River,6,cases,258.74268948,6.1974,0.0,0.0,6.1974,12.0493625,695.5005499999995
2026/2027,Cross River,7,cases,307.85136223,7.37365,0.0,0.0,7.37365,13.2256125,696.6767999999995
2026/2027,Cross River,8,cases,242.45802397000003,5.8073500000000005,0.0,0.0,5.8073500000000005,11.659312500000002,695.1104999999995
2026/2027,Cross River,9,cases,603.05658888,14.444400000000002,0.0,0.0,14.444400000000002,20.2963625,703.7475499999995
2026/2027,Cross River,10,cases,1288.1961584700002,30.854850000000003,0.0,13.523212500000003,30.854850000000003,36.706812500000005,720.1579999999996
2026/2027,Cross River,11,cases,3736.15024764,89.4882,0.0,72.1565625,89.4882,95.3401625,778.7913499999995
2026/2027,Cross River,12,cases,10398.304812000002,249.06000000000003,0.0,231.72836250000003,249.06000000000003,254.91196250000004,938.3631499999996
2026/2027,Cross River,13,cases,27893.448483170003,668.1033500000001,383.1790500000001,650.7717125000001,668.1033500000001,673.9553125000001,1357.4064999999996
2026/2027,Cross River,14,cases,68960.74881181,1651.7465499999998,1366.8222499999997,1634.4149125,1651.7465499999998,1657.5985124999995,2341.0497
2026/2027,Cross River,15,cases,85751.35785798001,2053.9149,1768.9906,2036.5832625000005,2053.9149,2059.7668625,2743.2180499999995
2026/2027,Cross River,16,cases,88368.84072176,2116.6088,1831.6845,2099.2771625,2116.6088,2122.4607625,2805.91195
2026/2027,Cross River,17,cases,47363.10732555,1134.44025,849.5159500000001,1117.1086125000002,1134.44025,1140.2922125,1823.7434
2026/2027,Cross River,18,cases,14594.197824490004,349.5599500000001,64.63565000000006,332.2283125000001,349.5599500000001,355.4119125000001,1038.8630999999996
2026/2027,Cross River,19,cases,3016.6961886700005,72.25585000000001,0.0,54.92421250000001,72.25585000000001,78.10781250000001,761.5589999999995
2026/2027,Cross River,20,cases,423.41174081,10.14155,0.0,0.0,10.14155,15.9935125,699.4446999999996
2026/2027,Cross River,21,cases,366.24736697,8.77235,0.0,0.0,8.77235,14.6243125,698.0754999999995
2026/2027,Cross River,22,cases,757.05220158,18.1329,0.0,0.8012625,18.1329,23.9848625,707.4360499999995
2026/2027,Cross River,23,cases,1159.00433959,27.76045,0.0,10.4288125,27.76045,33.6124125,717.0635999999995
2026/2027,Cross River,24,cases,1892.0480886600003,45.31830000000001,0.0,27.98666250000001,45.31830000000001,51.17026250000001,734.6214499999995
2026/2027,Cross River,25,cases,3258.24614579,78.04145,0.0,60.7098125,78.04145,83.8934125,767.3445999999994
2026/2027,Cross River,26,cases,10130.153714950002,242.63725000000005,0.0,225.30561250000005,242.63725000000005,248.4892125000001,931.9403999999996
2026/2027,Cross River,27,cases,12182.00695664,291.7832,6.8589000000000055,274.4515625,291.7832,297.63516250000004,981.0863499999996
2026/2027,Cross River,28,cases,11622.25785022,278.3761,0.0,261.0444625,278.3761,284.2280625,967.6792499999996
2026/2027,Cross River,29,cases,25490.08987013,610.53815,325.61385,593.2065124999999,610.53815,616.3901125,1299.8412999999996
2026/2027,Cross River,30,cases,11787.64918001,282.33755,0.0,265.0059125,282.33755,288.18951250000003,971.6406999999996
2026/2027,Cross River,31,cases,5884.55291434,140.9467,0.0,123.6150625,140.9467,146.7986625,830.2498499999995
2026/2027,Cross River,32,cases,807.0042283700001,19.32935,0.0,1.9977125000000024,19.32935,25.181312500000004,708.6324999999995
2026/2027,Cross River,33,cases,554.8100577600001,13.288800000000002,0.0,0.0,13.288800000000002,19.1407625,702.5919499999995
2026/2027,Cross River,34,cases,262.70060843999994,6.292199999999999,0.0,0.0,6.292199999999999,12.1441625,695.5953499999995
2026/2027,Cross River,35,cases,238.90716946,5.7223,0.0,0.0,5.7223,11.5742625,695.0254499999995
2026/2027,Cross River,36,cases,224.15264878,5.3689,0.0,0.0,5.3689,11.2208625,694.6720499999996
2026/2027,Cross River,37,cases,208.65288703,4.99765,0.0,0.0,4.99765,10.8496125,694.3007999999995
2026/2027,Cross River,38,cases,206.20841282,4.9391,0.0,0.0,4.9391,10.7910625,694.2422499999996
2026/2027,Cross River,39,cases,224.84778961000004,5.38555,0.0,0.0,5.38555,11.2375125,694.6886999999995
2026/2027,Cross River,40,cases,249.99184756000005,5.987800000000001,0.0,0.0,5.987800000000001,11.839762500000004,695.2909499999995
2026/2027,Cross River,41,cases,202.24423133000005,4.844150000000001,0.0,0.0,4.844150000000001,10.696112500000002,694.1472999999995
2026/2027,Cross River,42,cases,225.69531867,5.40585,0.0,0.0,5.40585,11.2578125,694.7089999999995
2026/2027,Cross River,43,cases,190.88608942,4.5721,0.0,0.0,4.5721,10.424062500000002,693.8752499999995
2026/2027,Cross River,44,cases,226.24642131,5.41905,0.0,0.0,5.41905,11.2710125,694.7221999999995
2026/2027,Cross River,45,cases,186.36036774,4.4637,0.0,0.0,4.4637,10.315662500000002,693.7668499999995
2026/2027,Cross River,46,cases,208.00158391,4.98205,0.0,0.0,4.98205,10.8340125,694.2851999999995
2026/2027,Cross River,47,cases,232.35030055000004,5.565250000000001,0.0,0.0,5.565250000000001,11.417212500000002,694.8683999999995
2026/2027,Cross River,48,cases,243.1114146,5.823,0.0,0.0,5.823,11.6749625,695.1261499999995
2026/2027,Cross River,49,cases,182.43584894,4.3697,0.0,0.0,4.3697,10.2216625,693.6728499999995
2026/2027,Cross River,50,cases,261.74244135000004,6.26925,0.0,0.0,6.26925,12.121212500000002,695.5723999999996
2026/2027,Cross River,51,cases,131.14781575,3.14125,0.0,0.0,3.14125,8.9932125,692.4443999999995
2026/2027,Cross River,52,cases,239.26204616000004,5.730800000000001,0.0,0.0,5.730800000000001,11.5827625,695.0339499999995
2026/2027,Delta,1,cases,1777.8172079265,29.10855,0.0,11.776912500000002,29.10855,34.9605125,718.4116999999995
2026/2027,Delta,2,cases,302.00273249250006,4.944750000000001,0.0,0.0,4.944750000000001,10.796712500000002,694.2478999999995
2026/2027,Delta,3,cases,368.7581774825,6.03775,0.0,0.0,6.03775,11.889712500000002,695.3408999999995
2026/2027,Delta,4,cases,308.05836137700004,5.043900000000001,0.0,0.0,5.043900000000001,10.895862500000002,694.3470499999995
2026/2027,Delta,5,cases,349.6171377205,5.72435,0.0,0.0,5.72435,11.5763125,695.0274999999995
2026/2027,Delta,6,cases,391.939356939,6.4173,0.0,0.0,6.4173,12.2692625,695.7204499999995
2026/2027,Delta,7,cases,351.6020891955,5.75685,0.0,0.0,5.75685,11.6088125,695.0599999999995
2026/2027,Delta,8,cases,445.2490460145,7.290150000000001,0.0,0.0,7.290150000000001,13.1421125,696.5932999999995
2026/2027,Delta,9,cases,772.0331342295,12.64065,0.0,0.0,12.64065,18.4926125,701.9437999999996
2026/2027,Delta,10,cases,2604.4120775465,42.64255,0.0,25.3109125,42.64255,48.4945125,731.9456999999995
2026/2027,Delta,11,cases,5021.487488654001,82.21780000000001,0.0,64.88616250000001,82.21780000000001,88.06976250000001,771.5209499999995
2026/2027,Delta,12,cases,16862.593361906504,276.09455,0.0,258.7629125,276.09455,281.94651250000004,965.3976999999996
2026/2027,Delta,13,cases,34770.7522788405,569.30835,284.38405,551.9767125000001,569.30835,575.1603125,1258.6114999999995
2026/2027,Delta,14,cases,95486.5518243715,1563.4200500000002,1278.49575,1546.0884125000002,1563.4200500000002,1569.2720125,2252.7231999999995
2026/2027,Delta,15,cases,149378.79362006905,2445.8083000000006,2160.8840000000005,2428.4766625000007,2445.8083000000006,2451.6602625000005,3135.1114500000003
2026/2027,Delta,16,cases,165886.560110076,2716.0932000000003,2431.1689,2698.7615625000003,2716.0932000000003,2721.9451625,3405.39635
2026/2027,Delta,17,cases,99283.290661464,1625.5848,1340.6605,1608.2531625,1625.5848,1631.4367625,2314.88795
2026/2027,Delta,18,cases,23625.744457698504,386.82895,101.90465,369.4973125,386.82895,392.6809125,1076.1320999999996
2026/2027,Delta,19,cases,4824.662754164499,78.99515,0.0,61.6635125,78.99515,84.8471125,768.2982999999995
2026/2027,Delta,20,cases,961.1012891090002,15.736300000000002,0.0,0.0,15.736300000000002,21.588262500000003,705.0394499999995
2026/2027,Delta,21,cases,723.7438455,11.85,0.0,0.0,11.85,17.7019625,701.1531499999995
2026/2027,Delta,22,cases,662.1767582885,10.84195,0.0,0.0,10.84195,16.693912500000003,700.1450999999995
2026/2027,Delta,23,cases,1542.4050167629998,25.2541,0.0,7.922462499999998,25.2541,31.1060625,714.5572499999995
2026/2027,Delta,24,cases,2253.097042872,36.8904,0.0,19.5587625,36.8904,42.7423625,726.1935499999995
2026/2027,Delta,25,cases,6336.294915522,103.7454,0.0,86.4137625,103.7454,109.5973625,793.0485499999995
2026/2027,Delta,26,cases,11056.591974902498,181.03175,0.0,163.7001125,181.03175,186.8837125,870.3348999999995
2026/2027,Delta,27,cases,15861.731967867505,259.70725000000004,0.0,242.37561250000005,259.70725000000004,265.55921250000006,949.0103999999995
2026/2027,Delta,28,cases,27427.0914359845,449.06915,164.14485000000002,431.7375125,449.06915,454.9211125000001,1138.3722999999995
2026/2027,Delta,29,cases,40646.79802274,665.5180000000001,380.5937000000001,648.1863625000001,665.5180000000001,671.3699625000002,1354.8211499999998
2026/2027,Delta,30,cases,23269.115860614,380.9898,96.0655,363.6581625,380.9898,386.8417625,1070.2929499999996
2026/2027,Delta,31,cases,10759.0446950285,176.15995,0.0,158.8283125,176.15995,182.0119125,865.4630999999995
2026/2027,Delta,32,cases,3394.4471947685,55.57795,0.0,38.2463125,55.57795,61.4299125,744.8810999999995
2026/2027,Delta,33,cases,503.84786732800006,8.249600000000001,0.0,0.0,8.249600000000001,14.101562500000002,697.5527499999995
2026/2027,Delta,34,cases,331.19068048950004,5.42265,0.0,0.0,5.42265,11.2746125,694.7257999999995
2026/2027,Delta,35,cases,272.0452340775,4.45425,0.0,0.0,4.45425,10.3062125,693.7573999999995
2026/2027,Delta,36,cases,318.2671195015,5.21105,0.0,0.0,5.21105,11.0630125,694.5141999999995
2026/2027,Delta,37,cases,206.9632558695,3.38865,0.0,0.0,3.38865,9.2406125,692.6917999999995
2026/2027,Delta,38,cases,258.24829444050005,4.228350000000001,0.0,0.0,4.228350000000001,10.080312500000002,693.5314999999995
2026/2027,Delta,39,cases,342.834711219,5.6133,0.0,0.0,5.6133,11.4652625,694.9164499999995
2026/2027,Delta,40,cases,260.3859344905,4.26335,0.0,0.0,4.26335,10.115312500000002,693.5664999999995
2026/2027,Delta,41,cases,322.64928160400007,5.282800000000001,0.0,0.0,5.282800000000001,11.1347625,694.5859499999995
2026/2027,Delta,42,cases,411.86216220500006,6.743500000000001,0.0,0.0,6.743500000000001,12.595462500000002,696.0466499999995
2026/2027,Delta,43,cases,312.9291269195,5.12365,0.0,0.0,5.12365,10.9756125,694.4267999999995
2026/2027,Delta,44,cases,251.21240490450003,4.11315,0.0,0.0,4.11315,9.9651125,693.4162999999995
2026/2027,Delta,45,cases,407.086063579,6.6653,0.0,0.0,6.6653,12.5172625,695.9684499999995
2026/2027,Delta,46,cases,290.926703262,4.7634,0.0,0.0,4.7634,10.6153625,694.0665499999996
2026/2027,Delta,47,cases,377.4828026580001,6.180600000000001,0.0,0.0,6.180600000000001,12.0325625,695.4837499999995
2026/2027,Delta,48,cases,335.047593894,5.4858,0.0,0.0,5.4858,11.3377625,694.7889499999995
2026/2027,Delta,49,cases,298.188571889,4.8823,0.0,0.0,4.8823,10.7342625,694.1854499999995
2026/2027,Delta,50,cases,270.5977463865,4.43055,0.0,0.0,4.43055,10.2825125,693.7336999999995
2026/2027,Delta,51,cases,261.8089920095,4.28665,0.0,0.0,4.28665,10.1386125,693.5897999999995
2026/2027,Delta,52,cases,328.182715562,5.3734,0.0,0.0,5.3734,11.2253625,694.6765499999995
2026/2027,Ebonyi,1,cases,1259.9998003125002,31.443750000000005,0.0,14.112112500000006,31.443750000000005,37.29571250000001,720.7468999999995
2026/2027,Ebonyi,2,cases,257.0930540675,6.41585,0.0,0.0,6.41585,12.267812500000002,695.7189999999995
2026/2027,Ebonyi,3,cases,207.74093308750005,5.1842500000000005,0.0,0.0,5.1842500000000005,11.0362125,694.4873999999995
2026/2027,Ebonyi,4,cases,240.497421635,6.0017,0.0,0.0,6.0017,11.8536625,695.3048499999995
2026/2027,Ebonyi,5,cases,224.00797881,5.5902,0.0,0.0,5.5902,11.442162500000002,694.8933499999995
2026/2027,Ebonyi,6,cases,290.64696646,7.2532,0.0,0.0,7.2532,13.1051625,696.5563499999995
2026/2027,Ebonyi,7,cases,326.00009144750004,8.13545,0.0,0.0,8.13545,13.9874125,697.4385999999995
2026/2027,Ebonyi,8,cases,336.45676242,8.3964,0.0,0.0,8.3964,14.2483625,697.6995499999995
2026/2027,Ebonyi,9,cases,584.9184046175001,14.596850000000002,0.0,0.0,14.596850000000002,20.448812500000003,703.8999999999995
2026/2027,Ebonyi,10,cases,1366.2935938425,34.09635,0.0,16.7647125,34.09635,39.9483125,723.3994999999995
2026/2027,Ebonyi,11,cases,2385.5415181775,59.53205,0.0,42.2004125,59.53205,65.3840125,748.8351999999995
2026/2027,Ebonyi,12,cases,11536.8496921875,287.90625,2.9819499999999834,270.5746125,287.90625,293.7582125,977.2093999999996
2026/2027,Ebonyi,13,cases,30930.560250115,771.8833000000001,486.95900000000006,754.5516625,771.8833000000001,777.7352625000001,1461.1864499999997
2026/2027,Ebonyi,14,cases,67529.213197645,1685.2159,1400.2916,1667.8842625000002,1685.2159,1691.0678625,2374.51905
2026/2027,Ebonyi,15,cases,135404.6425837125,3379.07175,3094.14745,3361.7401125,3379.07175,3384.9237125,4068.3749
2026/2027,Ebonyi,16,cases,51889.84222361249,1294.9297499999998,1010.0054499999998,1277.5981124999998,1294.9297499999998,1300.7817124999997,1984.2328999999995
2026/2027,Ebonyi,17,cases,63495.05197652251,1584.5419500000005,1299.61765,1567.2103125000003,1584.5419500000005,1590.3939125000002,2273.8450999999995
2026/2027,Ebonyi,18,cases,23780.64567663,593.4546,308.5303,576.1229625000001,593.4546,599.3065625,1282.7577499999995
2026/2027,Ebonyi,19,cases,2614.3500686775,65.24205,0.0,47.91041250000001,65.24205,71.0940125,754.5451999999996
2026/2027,Ebonyi,20,cases,643.849629625,16.0675,0.0,0.0,16.0675,21.9194625,705.3706499999995
2026/2027,Ebonyi,21,cases,251.885756145,6.285900000000001,0.0,0.0,6.285900000000001,12.1378625,695.5890499999995
2026/2027,Ebonyi,22,cases,639.0550686675,15.94785,0.0,0.0,15.94785,21.7998125,705.2509999999995
2026/2027,Ebonyi,23,cases,813.9112842475,20.31145,0.0,2.9798125000000013,20.31145,26.1634125,709.6145999999995
2026/2027,Ebonyi,24,cases,1821.448298095,45.4549,0.0,28.123262500000003,45.4549,51.3068625,734.7580499999995
2026/2027,Ebonyi,25,cases,3722.434615785,92.8947,0.0,75.5630625,92.8947,98.7466625,782.1978499999996
2026/2027,Ebonyi,26,cases,7394.102584875,184.5225,0.0,167.1908625,184.5225,190.3744625,873.8256499999995
2026/2027,Ebonyi,27,cases,11700.54798467,291.9914,7.067099999999982,274.6597625,291.9914,297.8433625,981.2945499999996
2026/2027,Ebonyi,28,cases,17814.102078392498,444.55735,159.63304999999997,427.2257125,444.55735,450.4093125,1133.8604999999995
2026/2027,Ebonyi,29,cases,16947.64497063,422.9346000000001,138.01030000000003,405.6029625000001,422.9346000000001,428.78656250000006,1112.2377499999996
2026/2027,Ebonyi,30,cases,12967.19365155,323.601,38.67669999999998,306.2693625,323.601,329.4529625,1012.9041499999996
2026/2027,Ebonyi,31,cases,10969.508672977505,273.74805000000003,0.0,256.41641250000004,273.74805000000003,279.60001250000005,963.0511999999997
2026/2027,Ebonyi,32,cases,1594.2025380450002,39.7839,0.0,22.452262500000003,39.7839,45.6358625,729.0870499999995
2026/2027,Ebonyi,33,cases,646.4883411925,16.13335,0.0,0.0,16.13335,21.9853125,705.4364999999995
2026/2027,Ebonyi,34,cases,237.75051688250005,5.933150000000001,0.0,0.0,5.933150000000001,11.785112500000002,695.2362999999995
2026/2027,Ebonyi,35,cases,239.7020013675,5.98185,0.0,0.0,5.98185,11.8338125,695.2849999999995
2026/2027,Ebonyi,36,cases,232.435025775,5.8005,0.0,0.0,5.8005,11.652462500000002,695.1036499999996
2026/2027,Ebonyi,37,cases,246.099424325,6.141500000000001,0.0,0.0,6.141500000000001,11.9934625,695.4446499999995
2026/2027,Ebonyi,38,cases,162.1675592725,4.04695,0.0,0.0,4.04695,9.898912500000002,693.3500999999995
2026/2027,Ebonyi,39,cases,189.9491648875,4.74025,0.0,0.0,4.74025,10.5922125,694.0433999999995
2026/2027,Ebonyi,40,cases,141.4104963725,3.52895,0.0,0.0,3.52895,9.3809125,692.8320999999995
2026/2027,Ebonyi,41,cases,175.33707418,4.3756,0.0,0.0,4.3756,10.2275625,693.6787499999995
2026/2027,Ebonyi,42,cases,216.63481361,5.4062,0.0,0.0,5.4062,11.2581625,694.7093499999995
2026/2027,Ebonyi,43,cases,230.20905117250004,5.744950000000001,0.0,0.0,5.744950000000001,11.596912500000002,695.0480999999995
2026/2027,Ebonyi,44,cases,167.64534015750002,4.18365,0.0,0.0,4.18365,10.0356125,693.4867999999994
2026/2027,Ebonyi,45,cases,177.54902374000002,4.4308000000000005,0.0,0.0,4.4308000000000005,10.2827625,693.7339499999995
2026/2027,Ebonyi,46,cases,218.24568992,5.446400000000001,0.0,0.0,5.446400000000001,11.2983625,694.7495499999995
2026/2027,Ebonyi,47,cases,161.087631,4.02,0.0,0.0,4.02,9.8719625,693.3231499999995
2026/2027,Ebonyi,48,cases,204.5031518475,5.1034500000000005,0.0,0.0,5.1034500000000005,10.9554125,694.4065999999995
2026/2027,Ebonyi,49,cases,216.1559585875,5.39425,0.0,0.0,5.39425,11.246212500000002,694.6973999999996
2026/2027,Ebonyi,50,cases,154.311531895,3.8509,0.0,0.0,3.8509,9.702862500000002,693.1540499999995
2026/2027,Ebonyi,51,cases,311.39401147250004,7.770950000000001,0.0,0.0,7.770950000000001,13.622912500000002,697.0740999999995
2026/2027,Ebonyi,52,cases,239.26321789500005,5.9709,0.0,0.0,5.9709,11.8228625,695.2740499999995
2026/2027,Edo,1,cases,1604.0626697050002,29.01805,0.0,11.686412500000005,29.01805,34.8700125,718.3211999999995
2026/2027,Edo,2,cases,270.73555037,4.8977,0.0,0.0,4.8977,10.7496625,694.2008499999995
2026/2027,Edo,3,cases,344.75845408,6.236800000000001,0.0,0.0,6.236800000000001,12.0887625,695.5399499999995
2026/2027,Edo,4,cases,404.38694055,7.3155,0.0,0.0,7.3155,13.1674625,696.6186499999995
2026/2027,Edo,5,cases,344.99891381500004,6.241150000000001,0.0,0.0,6.241150000000001,12.093112500000002,695.5442999999995
2026/2027,Edo,6,cases,289.96127355,5.2455,0.0,0.0,5.2455,11.0974625,694.5486499999995
2026/2027,Edo,7,cases,530.9959007900001,9.6059,0.0,0.0,9.6059,15.4578625,698.9090499999995
2026/2027,Edo,8,cases,521.9855704900001,9.442900000000002,0.0,0.0,9.442900000000002,15.294862500000002,698.7460499999995
2026/2027,Edo,9,cases,876.59458199,15.8579,0.0,0.0,15.8579,21.7098625,705.1610499999995
2026/2027,Edo,10,cases,1934.0038290800003,34.9868,0.0,17.655162500000003,34.9868,40.8387625,724.2899499999995
2026/2027,Edo,11,cases,4014.845639095001,72.62995000000001,0.0,55.29831250000001,72.62995000000001,78.4819125,761.9330999999995
2026/2027,Edo,12,cases,16002.089569635003,289.48335000000003,4.559050000000013,272.15171250000003,289.48335000000003,295.33531250000004,978.7864999999996
2026/2027,Edo,13,cases,43122.537018865005,780.1016500000001,495.1773500000001,762.7700125000001,780.1016500000001,785.9536125000001,1469.4047999999996
2026/2027,Edo,14,cases,81164.68774303501,1468.2973500000005,1183.37305,1450.9657125000003,1468.2973500000005,1474.1493125000002,2157.6005
2026/2027,Edo,15,cases,160497.24366748004,2903.4508000000005,2618.5265000000004,2886.1191625000006,2903.4508000000005,2909.3027625000004,3592.7539500000003
2026/2027,Edo,16,cases,139972.89695932504,2532.1582500000004,2247.2339500000003,2514.8266125000005,2532.1582500000004,2538.0102125000003,3221.4614
2026/2027,Edo,17,cases,73776.13950769501,1334.6359500000003,1049.7116500000002,1317.3043125000004,1334.6359500000003,1340.4879125000002,2023.9391
2026/2027,Edo,18,cases,23796.28785011,430.4831,145.55879999999996,413.1514625,430.4831,436.3350625,1119.7862499999994
2026/2027,Edo,19,cases,3748.394141475,67.80975000000001,0.0,50.47811250000001,67.80975000000001,73.66171250000001,757.1128999999995
2026/2027,Edo,20,cases,1105.60622248,20.0008,0.0,2.6691625000000023,20.0008,25.852762500000004,709.3039499999995
2026/2027,Edo,21,cases,546.4461297400001,9.8854,0.0,0.0,9.8854,15.7373625,699.1885499999995
2026/2027,Edo,22,cases,737.440256955,13.34055,0.0,0.0,13.34055,19.1925125,702.6436999999995
2026/2027,Edo,23,cases,1333.7803997550002,24.128550000000004,0.0,6.796912500000005,24.128550000000004,29.980512500000003,713.4316999999995
2026/2027,Edo,24,cases,3020.254424845,54.63745,0.0,37.3058125,54.63745,60.4894125,743.9405999999994
2026/2027,Edo,25,cases,4532.657713035001,81.99735000000001,0.0,64.66571250000001,81.99735000000001,87.84931250000001,771.3004999999995
2026/2027,Edo,26,cases,10081.810587445,182.38345,0.0,165.0518125,182.38345,188.2354125,871.6865999999995
2026/2027,Edo,27,cases,19881.08375017,359.6557,74.73140000000001,342.3240625,359.6557,365.5076625,1048.9588499999995
2026/2027,Edo,28,cases,27385.431313295,495.4119500000001,210.48765000000003,478.0803125000001,495.4119500000001,501.26391250000006,1184.7150999999994
2026/2027,Edo,29,cases,39274.418421085,710.48785,425.56355,693.1562125,710.48785,716.3398125,1399.7909999999997
2026/2027,Edo,30,cases,17994.12158419,325.5199,40.59559999999999,308.1882625,325.5199,331.3718625,1014.8230499999996
2026/2027,Edo,31,cases,8460.094856505002,153.04605000000004,0.0,135.71441250000004,153.04605000000004,158.89801250000005,842.3491999999995
2026/2027,Edo,32,cases,2079.940776985,37.62685,0.0,20.2952125,37.62685,43.4788125,726.9299999999995
2026/2027,Edo,33,cases,578.40792716,10.4636,0.0,0.0,10.4636,16.3155625,699.7667499999995
2026/2027,Edo,34,cases,239.058435165,4.32465,0.0,0.0,4.32465,10.1766125,693.6277999999995
2026/2027,Edo,35,cases,250.357278805,4.52905,0.0,0.0,4.52905,10.3810125,693.8321999999995
2026/2027,Edo,36,cases,374.9568801100001,6.783100000000001,0.0,0.0,6.783100000000001,12.635062500000002,696.0862499999995
2026/2027,Edo,37,cases,220.031713145,3.98045,0.0,0.0,3.98045,9.8324125,693.2835999999995
2026/2027,Edo,38,cases,222.690589755,4.02855,0.0,0.0,4.02855,9.880512500000002,693.3316999999995
2026/2027,Edo,39,cases,245.65034859,4.4439,0.0,0.0,4.4439,10.295862500000002,693.7470499999995
2026/2027,Edo,40,cases,215.366241505,3.89605,0.0,0.0,3.89605,9.748012500000002,693.1991999999995
2026/2027,Edo,41,cases,285.21288476,5.1596,0.0,0.0,5.1596,11.0115625,694.4627499999995
2026/2027,Edo,42,cases,301.555855025,5.45525,0.0,0.0,5.45525,11.307212500000002,694.7583999999995
2026/2027,Edo,43,cases,264.00267779,4.7759,0.0,0.0,4.7759,10.6278625,694.0790499999995
2026/2027,Edo,44,cases,277.41590875500003,5.01855,0.0,0.0,5.01855,10.8705125,694.3216999999995
2026/2027,Edo,45,cases,327.09710113,5.9173,0.0,0.0,5.9173,11.7692625,695.2204499999995
2026/2027,Edo,46,cases,194.410313795,3.51695,0.0,0.0,3.51695,9.3689125,692.8200999999995
2026/2027,Edo,47,cases,224.88789423,4.0683,0.0,0.0,4.0683,9.9202625,693.3714499999995
2026/2027,Edo,48,cases,269.51390436,4.8756,0.0,0.0,4.8756,10.7275625,694.1787499999995
2026/2027,Edo,49,cases,259.16031623,4.6883,0.0,0.0,4.6883,10.5402625,693.9914499999995
2026/2027,Edo,50,cases,218.90680381,3.9601,0.0,0.0,3.9601,9.8120625,693.2632499999995
2026/2027,Edo,51,cases,340.19524692500005,6.15425,0.0,0.0,6.15425,12.0062125,695.4573999999996
2026/2027,Edo,52,cases,213.619453545,3.86445,0.0,0.0,3.86445,9.7164125,693.1675999999995
2026/2027,Ekiti,1,cases,930.889811026,27.3938,0.0,10.062162500000005,27.3938,33.245762500000005,716.6969499999996
2026/2027,Ekiti,2,cases,274.746008627,8.0851,0.0,0.0,8.0851,13.9370625,697.3882499999995
2026/2027,Ekiti,3,cases,160.64202132100002,4.7273000000000005,0.0,0.0,4.7273000000000005,10.579262500000002,694.0304499999995
2026/2027,Ekiti,4,cases,158.290482837,4.6581,0.0,0.0,4.6581,10.5100625,693.9612499999995
2026/2027,Ekiti,5,cases,232.350352375,6.8375,0.0,0.0,6.8375,12.6894625,696.1406499999995
2026/2027,Ekiti,6,cases,208.29635648050004,6.129650000000001,0.0,0.0,6.129650000000001,11.9816125,695.4327999999995
2026/2027,Ekiti,7,cases,189.34812152850003,5.572050000000001,0.0,0.0,5.572050000000001,11.424012500000002,694.8751999999995
2026/2027,Ekiti,8,cases,338.59945354549995,9.96415,0.0,0.0,9.96415,15.8161125,699.2672999999995
2026/2027,Ekiti,9,cases,401.5031079925,11.81525,0.0,0.0,11.81525,17.6672125,701.1183999999995
2026/2027,Ekiti,10,cases,928.5994397280002,27.326400000000003,0.0,9.994762500000004,27.326400000000003,33.178362500000006,716.6295499999995
2026/2027,Ekiti,11,cases,2895.8584758600005,85.218,0.0,67.8863625,85.218,91.0699625,774.5211499999995
2026/2027,Ekiti,12,cases,9885.256114876,290.89880000000005,5.974500000000035,273.56716250000005,290.89880000000005,296.75076250000006,980.2019499999996
2026/2027,Ekiti,13,cases,40170.055906708505,1182.10605,897.1817500000001,1164.7744125000002,1182.10605,1187.9580125,1871.4092
2026/2027,Ekiti,14,cases,80650.103713888,2373.3344,2088.4101,2356.0027625,2373.3344,2379.1863625,3062.6375499999995
2026/2027,Ekiti,15,cases,101579.10035832952,2989.22335,2704.29905,2971.8917125000003,2989.22335,2995.0753125,3678.5265
2026/2027,Ekiti,16,cases,63796.107477979,1877.3627,1592.4384,1860.0310625,1877.3627,1883.2146625,2566.6658499999994
2026/2027,Ekiti,17,cases,36982.80545218701,1088.3131,803.3888000000001,1070.9814625,1088.3131,1094.1650625,1777.6162499999996
2026/2027,Ekiti,18,cases,12286.4504602885,361.5600500000001,76.63575000000003,344.22841250000005,361.5600500000001,367.41201250000006,1050.8631999999996
2026/2027,Ekiti,19,cases,2565.0068658745004,75.48185000000001,0.0,58.15021250000001,75.48185000000001,81.33381250000001,764.7849999999995
2026/2027,Ekiti,20,cases,526.4472799285,15.492050000000004,0.0,0.0,15.492050000000004,21.344012500000005,704.7951999999995
2026/2027,Ekiti,21,cases,393.2506351480001,11.572400000000002,0.0,0.0,11.572400000000002,17.4243625,700.8755499999995
2026/2027,Ekiti,22,cases,382.9966360505,11.27065,0.0,0.0,11.27065,17.122612500000002,700.5737999999996
2026/2027,Ekiti,23,cases,736.062129085,21.6605,0.0,4.3288625,21.6605,27.5124625,710.9636499999995
2026/2027,Ekiti,24,cases,1189.1546612030002,34.993900000000004,0.0,17.662262500000004,34.993900000000004,40.8458625,724.2970499999996
2026/2027,Ekiti,25,cases,1957.1069823445,57.59285,0.0,40.2612125,57.59285,63.4448125,746.8959999999995
2026/2027,Ekiti,26,cases,4850.556150711501,142.73995000000002,0.0,125.40831250000002,142.73995000000002,148.59191250000003,832.0430999999995
2026/2027,Ekiti,27,cases,11198.5920572785,329.54705,44.62275,312.2154125,329.54705,335.3990125,1018.8501999999996
2026/2027,Ekiti,28,cases,16844.107540839,495.6807,210.7564,478.3490625,495.6807,501.5326625,1184.9838499999996
2026/2027,Ekiti,29,cases,15816.8131474115,465.44995,180.52565,448.1183125,465.44995,471.3019125,1154.7530999999994
2026/2027,Ekiti,30,cases,9633.1470623345,283.47985000000006,0.0,266.14821250000006,283.47985000000006,289.33181250000007,972.7829999999996
2026/2027,Ekiti,31,cases,3223.051948305,94.8465,0.0,77.5148625,94.8465,100.6984625,784.1496499999995
2026/2027,Ekiti,32,cases,920.491389406,27.0878,0.0,9.756162500000002,27.0878,32.9397625,716.3909499999995
2026/2027,Ekiti,33,cases,433.1435340395,12.74635,0.0,0.0,12.74635,18.5983125,702.0494999999995
2026/2027,Ekiti,34,cases,146.196370894,4.3022,0.0,0.0,4.3022,10.154162500000002,693.6053499999995
2026/2027,Ekiti,35,cases,195.901505873,5.764900000000001,0.0,0.0,5.764900000000001,11.616862500000002,695.0680499999995
2026/2027,Ekiti,36,cases,150.80090072899998,4.4377,0.0,0.0,4.4377,10.2896625,693.7408499999995
2026/2027,Ekiti,37,cases,154.409764703,4.543900000000001,0.0,0.0,4.543900000000001,10.395862500000002,693.8470499999995
2026/2027,Ekiti,38,cases,178.85625004099998,5.2633,0.0,0.0,5.2633,11.1152625,694.5664499999995
2026/2027,Ekiti,39,cases,232.49137672050003,6.8416500000000005,0.0,0.0,6.8416500000000005,12.6936125,696.1447999999995
2026/2027,Ekiti,40,cases,139.54953668200002,4.1066,0.0,0.0,4.1066,9.9585625,693.4097499999995
2026/2027,Ekiti,41,cases,233.199896625,6.862500000000001,0.0,0.0,6.862500000000001,12.714462500000002,696.1656499999995
2026/2027,Ekiti,42,cases,224.7469313375,6.61375,0.0,0.0,6.61375,12.4657125,695.9168999999995
2026/2027,Ekiti,43,cases,205.3909151455,6.04415,0.0,0.0,6.04415,11.8961125,695.3472999999994
2026/2027,Ekiti,44,cases,184.5940719055,5.43215,0.0,0.0,5.43215,11.2841125,694.7352999999995
2026/2027,Ekiti,45,cases,203.6408539905,5.99265,0.0,0.0,5.99265,11.8446125,695.2957999999995
2026/2027,Ekiti,46,cases,158.24800562450002,4.65685,0.0,0.0,4.65685,10.5088125,693.9599999999995
2026/2027,Ekiti,47,cases,181.4439618265,5.33945,0.0,0.0,5.33945,11.191412500000002,694.6425999999996
2026/2027,Ekiti,48,cases,181.551004402,5.3426,0.0,0.0,5.3426,11.1945625,694.6457499999995
2026/2027,Ekiti,49,cases,185.452111598,5.4574,0.0,0.0,5.4574,11.3093625,694.7605499999995
2026/2027,Ekiti,50,cases,116.01206369150002,3.4139500000000003,0.0,0.0,3.4139500000000003,9.2659125,692.7170999999995
2026/2027,Ekiti,51,cases,145.1038569885,4.27005,0.0,0.0,4.27005,10.1220125,693.5731999999995
2026/2027,Ekiti,52,cases,173.9475833645,5.11885,0.0,0.0,5.11885,10.9708125,694.4219999999995
2026/2027,Enugu,1,cases,1601.497133224,29.6788,0.0,12.3471625,29.6788,35.5307625,718.9819499999995
2026/2027,Enugu,2,cases,333.54091152700005,6.181150000000001,0.0,0.0,6.181150000000001,12.0331125,695.4842999999995
2026/2027,Enugu,3,cases,319.160310357,5.91465,0.0,0.0,5.91465,11.7666125,695.2177999999996
2026/2027,Enugu,4,cases,282.277980527,5.23115,0.0,0.0,5.23115,11.083112500000002,694.5342999999995
2026/2027,Enugu,5,cases,379.6154943,7.035,0.0,0.0,7.035,12.8869625,696.3381499999995
2026/2027,Enugu,6,cases,301.080684008,5.5796,0.0,0.0,5.5796,11.431562500000002,694.8827499999995
2026/2027,Enugu,7,cases,275.30891996,5.102,0.0,0.0,5.102,10.9539625,694.4051499999995
2026/2027,Enugu,8,cases,796.353444791,14.75795,0.0,0.0,14.75795,20.6099125,704.0610999999996
2026/2027,Enugu,9,cases,1033.706211419,19.15655,0.0,1.8249125,19.15655,25.0085125,708.4596999999995
2026/2027,Enugu,10,cases,1405.691623147,26.05015,0.0,8.718512500000003,26.05015,31.9021125,715.3532999999995
2026/2027,Enugu,11,cases,4564.192363536,84.5832,0.0,67.2515625,84.5832,90.4351625,773.8863499999995
2026/2027,Enugu,12,cases,14752.289796338,273.3881,0.0,256.0564625,273.3881,279.2400625,962.6912499999996
2026/2027,Enugu,13,cases,40123.701145424,743.5688,458.6445,726.2371625000001,743.5688,749.4207625,1432.8719499999995
2026/2027,Enugu,14,cases,77383.550085651,1434.06495,1149.1406499999998,1416.7333125,1434.06495,1439.9169125,2123.3681
2026/2027,Enugu,15,cases,111178.42959762804,2060.3486000000003,1775.4243,2043.0169625000003,2060.3486000000003,2066.2005625,2749.65175
2026/2027,Enugu,16,cases,141092.764589983,2614.71835,2329.79405,2597.3867125,2614.71835,2620.5703125,3304.0215
2026/2027,Enugu,17,cases,89907.35123580201,1666.1549,1381.2306,1648.8232625,1666.1549,1672.0068625,2355.4580499999997
2026/2027,Enugu,18,cases,27483.913566812003,509.3294000000001,224.4051000000001,491.9977625000001,509.3294000000001,515.1813625000001,1198.6325499999996
2026/2027,Enugu,19,cases,2593.097591949,48.05505000000001,0.0,30.72341250000001,48.05505000000001,53.90701250000001,737.3581999999996
2026/2027,Enugu,20,cases,591.4824900740001,10.9613,0.0,0.0,10.9613,16.8132625,700.2644499999996
2026/2027,Enugu,21,cases,532.692002364,9.8718,0.0,0.0,9.8718,15.7237625,699.1749499999995
2026/2027,Enugu,22,cases,543.7540032640001,10.0768,0.0,0.0,10.0768,15.9287625,699.3799499999996
2026/2027,Enugu,23,cases,1359.455157434,25.1933,0.0,7.861662500000001,25.1933,31.0452625,714.4964499999995
2026/2027,Enugu,24,cases,2463.2323994320004,45.6484,0.0,28.316762500000003,45.6484,51.5003625,734.9515499999995
2026/2027,Enugu,25,cases,4671.542337147999,86.5726,0.0,69.2409625,86.5726,92.4245625,775.8757499999995
2026/2027,Enugu,26,cases,12574.144046442,233.0229,0.0,215.6912625,233.0229,238.87486250000003,922.3260499999996
2026/2027,Enugu,27,cases,16368.990435677002,303.34865,18.424350000000004,286.0170125,303.34865,309.20061250000003,992.6517999999996
2026/2027,Enugu,28,cases,15369.800365115,284.83175,0.0,267.5001125,284.83175,290.6837125,974.1348999999996
2026/2027,Enugu,29,cases,25958.263987076,481.0562,196.1319,463.7245625,481.0562,486.9081625,1170.3593499999995
2026/2027,Enugu,30,cases,15860.810208478,293.9311,9.006799999999998,276.5994625,293.9311,299.7830625,983.2342499999996
2026/2027,Enugu,31,cases,12378.710867127,229.40115,0.0,212.0695125,229.40115,235.2531125,918.7042999999996
2026/2027,Enugu,32,cases,4013.606900204001,74.37980000000002,0.0,57.04816250000002,74.37980000000002,80.23176250000002,763.6829499999996
2026/2027,Enugu,33,cases,605.520439021,11.22145,0.0,0.0,11.22145,17.073412500000003,700.5245999999995
2026/2027,Enugu,34,cases,328.54142673,6.0885,0.0,0.0,6.0885,11.9404625,695.3916499999995
2026/2027,Enugu,35,cases,181.09844497800003,3.3561000000000005,0.0,0.0,3.3561000000000005,9.2080625,692.6592499999995
2026/2027,Enugu,36,cases,287.18033556,5.322,0.0,0.0,5.322,11.173962500000002,694.6251499999995
2026/2027,Enugu,37,cases,195.59776030400005,3.624800000000001,0.0,0.0,3.624800000000001,9.4767625,692.9279499999996
2026/2027,Enugu,38,cases,247.510921113,4.58685,0.0,0.0,4.58685,10.4388125,693.8899999999995
2026/2027,Enugu,39,cases,412.194435975,7.63875,0.0,0.0,7.63875,13.4907125,696.9418999999995
2026/2027,Enugu,40,cases,263.281017518,4.8791,0.0,0.0,4.8791,10.7310625,694.1822499999995
2026/2027,Enugu,41,cases,229.836002114,4.2593,0.0,0.0,4.2593,10.1112625,693.5624499999996
2026/2027,Enugu,42,cases,266.62120218,4.941000000000001,0.0,0.0,4.941000000000001,10.792962500000002,694.2441499999995
2026/2027,Enugu,43,cases,291.86954472199994,5.408899999999999,0.0,0.0,5.408899999999999,11.2608625,694.7120499999995
2026/2027,Enugu,44,cases,283.098187423,5.2463500000000005,0.0,0.0,5.2463500000000005,11.098312500000002,694.5494999999995
2026/2027,Enugu,45,cases,335.27845508300004,6.213350000000001,0.0,0.0,6.213350000000001,12.0653125,695.5164999999995
2026/2027,Enugu,46,cases,275.419539969,5.10405,0.0,0.0,5.10405,10.9560125,694.4071999999995
2026/2027,Enugu,47,cases,278.98905879600005,5.1702,0.0,0.0,5.1702,11.0221625,694.4733499999995
2026/2027,Enugu,48,cases,306.88148935800007,5.687100000000001,0.0,0.0,5.687100000000001,11.539062500000002,694.9902499999995
2026/2027,Enugu,49,cases,205.40786646799995,3.8066,0.0,0.0,3.8066,9.6585625,693.1097499999995
2026/2027,Enugu,50,cases,207.846902764,3.8518,0.0,0.0,3.8518,9.7037625,693.1549499999995
2026/2027,Enugu,51,cases,170.945686591,3.16795,0.0,0.0,3.16795,9.0199125,692.4710999999995
2026/2027,Enugu,52,cases,355.3330533000001,6.585000000000001,0.0,0.0,6.585000000000001,12.436962500000002,695.8881499999995
2026/2027,FCT,1,cases,1843.9868350455,38.39685,0.0,21.0652125,38.39685,44.2488125,727.6999999999995
2026/2027,FCT,2,cases,360.2576628665,7.501550000000001,0.0,0.0,7.501550000000001,13.3535125,696.8046999999995
2026/2027,FCT,3,cases,497.7996303865,10.36555,0.0,0.0,10.36555,16.2175125,699.6686999999995
2026/2027,FCT,4,cases,388.4600093840001,8.0888,0.0,0.0,8.0888,13.940762500000002,697.3919499999995
2026/2027,FCT,5,cases,450.4331350775,9.37925,0.0,0.0,9.37925,15.2312125,698.6823999999995
2026/2027,FCT,6,cases,505.898950506,10.5342,0.0,0.0,10.5342,16.3861625,699.8373499999996
2026/2027,FCT,7,cases,356.288443727,7.4189,0.0,0.0,7.4189,13.2708625,696.7220499999995
2026/2027,FCT,8,cases,359.808634446,7.4922,0.0,0.0,7.4922,13.3441625,696.7953499999995
2026/2027,FCT,9,cases,594.412777439,12.3773,0.0,0.0,12.3773,18.2292625,701.6804499999995
2026/2027,FCT,10,cases,864.1347848695001,17.993650000000002,0.0,0.662012500000003,17.993650000000002,23.8456125,707.2967999999995
2026/2027,FCT,11,cases,1481.3423580080002,30.845600000000005,0.0,13.513962500000003,30.845600000000005,36.6975625,720.1487499999995
2026/2027,FCT,12,cases,3847.712529157,80.1199,0.0,62.7882625,80.1199,85.9718625,769.4230499999995
2026/2027,FCT,13,cases,9161.865435693,190.7751,0.0,173.4434625,190.7751,196.6270625,880.0782499999996
2026/2027,FCT,14,cases,48281.898574116,1005.3612,720.4369,988.0295625,1005.3612,1011.2131625,1694.6643499999996
2026/2027,FCT,15,cases,57602.859341513,1199.4491,914.5248,1182.1174625,1199.4491,1205.3010625,1888.7522499999995
2026/2027,FCT,16,cases,117739.64849166648,2451.66155,2166.73725,2434.3299125,2451.66155,2457.5135125,3140.9646999999995
2026/2027,FCT,17,cases,80553.403069946,1677.3422,1392.4179,1660.0105625,1677.3422,1683.1941625,2366.64535
2026/2027,FCT,18,cases,55438.55436081051,1154.38235,869.4580500000001,1137.0507125,1154.38235,1160.2343125,1843.6855
2026/2027,FCT,19,cases,21208.587196144003,441.6208,156.6965,424.2891625,441.6208,447.4727625,1130.9239499999994
2026/2027,FCT,20,cases,3395.2887814560004,70.6992,0.0,53.367562500000005,70.6992,76.5511625,760.0023499999995
2026/2027,FCT,21,cases,1154.180731076,24.0332,0.0,6.701562500000001,24.0332,29.8851625,713.3363499999995
2026/2027,FCT,22,cases,1230.213008652,25.6164,0.0,8.284762500000003,25.6164,31.468362500000005,714.9195499999995
2026/2027,FCT,23,cases,1897.5965062545,39.51315,0.0,22.1815125,39.51315,45.3651125,728.8162999999995
2026/2027,FCT,24,cases,4098.745829652999,85.3471,0.0,68.0154625,85.3471,91.1990625,774.6502499999995
2026/2027,FCT,25,cases,8218.050917789,171.1223,0.0,153.7906625,171.1223,176.9742625,860.4254499999995
2026/2027,FCT,26,cases,12063.7152050065,251.19955000000004,0.0,233.86791250000005,251.19955000000004,257.05151250000006,940.5026999999995
2026/2027,FCT,27,cases,27378.9508565995,570.10465,285.18035,552.7730125,570.10465,575.9566125,1259.4077999999995
2026/2027,FCT,28,cases,43868.006829917,913.4519,628.5276,896.1202625000001,913.4519,919.3038625,1602.7550499999995
2026/2027,FCT,29,cases,48785.415512894,1015.8458,730.9215,998.5141625,1015.8458,1021.6977625,1705.1489499999996
2026/2027,FCT,30,cases,25898.115156328007,539.2696000000001,254.3453000000001,521.9379625000001,539.2696000000001,545.1215625000001,1228.5727499999996
2026/2027,FCT,31,cases,7736.651630247498,161.09824999999998,0.0,143.76661249999998,161.09824999999998,166.9502125,850.4013999999995
2026/2027,FCT,32,cases,2450.0383330950003,51.01650000000001,0.0,33.68486250000001,51.01650000000001,56.86846250000001,740.3196499999995
2026/2027,FCT,33,cases,901.6898891295,18.77565,0.0,1.4440124999999997,18.77565,24.6276125,708.0787999999995
2026/2027,FCT,34,cases,613.56011768,12.776,0.0,0.0,12.776,18.6279625,702.0791499999995
2026/2027,FCT,35,cases,520.618438301,10.8407,0.0,0.0,10.8407,16.6926625,700.1438499999995
2026/2027,FCT,36,cases,413.9057536195001,8.61865,0.0,0.0,8.61865,14.4706125,697.9217999999995
2026/2027,FCT,37,cases,610.500961489,12.7123,0.0,0.0,12.7123,18.5642625,702.0154499999995
2026/2027,FCT,38,cases,269.0448629675,5.602250000000001,0.0,0.0,5.602250000000001,11.4542125,694.9053999999995
2026/2027,FCT,39,cases,279.64865711150003,5.82305,0.0,0.0,5.82305,11.6750125,695.1261999999995
2026/2027,FCT,40,cases,436.249119677,9.0839,0.0,0.0,9.0839,14.9358625,698.3870499999995
2026/2027,FCT,41,cases,394.266162971,8.2097,0.0,0.0,8.2097,14.0616625,697.5128499999995
2026/2027,FCT,42,cases,260.441286333,5.4231,0.0,0.0,5.4231,11.2750625,694.7262499999995
2026/2027,FCT,43,cases,373.3299127125,7.773750000000001,0.0,0.0,7.773750000000001,13.625712500000002,697.0768999999995
2026/2027,FCT,44,cases,352.4536929915,7.339049999999999,0.0,0.0,7.339049999999999,13.1910125,696.6421999999995
2026/2027,FCT,45,cases,359.597326954,7.4878,0.0,0.0,7.4878,13.3397625,696.7909499999995
2026/2027,FCT,46,cases,416.832842628,8.6796,0.0,0.0,8.6796,14.5315625,697.9827499999996
2026/2027,FCT,47,cases,252.65172378700004,5.2609,0.0,0.0,5.2609,11.112862500000002,694.5640499999995
2026/2027,FCT,48,cases,228.2192950245,4.75215,0.0,0.0,4.75215,10.6041125,694.0552999999995
2026/2027,FCT,49,cases,491.96226092,10.244,0.0,0.0,10.244,16.0959625,699.5471499999995
2026/2027,FCT,50,cases,262.592780797,5.4679,0.0,0.0,5.4679,11.3198625,694.7710499999995
2026/2027,FCT,51,cases,435.64641308050005,9.07135,0.0,0.0,9.07135,14.923312500000002,698.3744999999996
2026/2027,FCT,52,cases,257.2020385295,5.35565,0.0,0.0,5.35565,11.2076125,694.6587999999995
2026/2027,Gombe,1,cases,2037.00488796,44.058,0.0,26.7263625,44.058,49.9099625,733.3611499999995
2026/2027,Gombe,2,cases,318.14042022,6.881,0.0,0.0,6.881,12.7329625,696.1841499999995
2026/2027,Gombe,3,cases,262.896984513,5.6861500000000005,0.0,0.0,5.6861500000000005,11.5381125,694.9892999999995
2026/2027,Gombe,4,cases,555.317085627,12.01085,0.0,0.0,12.01085,17.862812500000004,701.3139999999995
2026/2027,Gombe,5,cases,446.450737644,9.6562,0.0,0.0,9.6562,15.5081625,698.9593499999995
2026/2027,Gombe,6,cases,394.903759806,8.5413,0.0,0.0,8.5413,14.3932625,697.8444499999995
2026/2027,Gombe,7,cases,442.009902393,9.56015,0.0,0.0,9.56015,15.4121125,698.8632999999995
2026/2027,Gombe,8,cases,364.388910606,7.881299999999999,0.0,0.0,7.881299999999999,13.7332625,697.1844499999995
2026/2027,Gombe,9,cases,543.1897448010001,11.748550000000002,0.0,0.0,11.748550000000002,17.6005125,701.0516999999995
2026/2027,Gombe,10,cases,456.19930727100007,9.86705,0.0,0.0,9.86705,15.719012500000002,699.1701999999995
2026/2027,Gombe,11,cases,934.110392094,20.2037,0.0,2.872062500000002,20.2037,26.055662500000004,709.5068499999995
2026/2027,Gombe,12,cases,1083.4921375830002,23.43465,0.0,6.103012500000002,23.43465,29.286612500000004,712.7377999999995
2026/2027,Gombe,13,cases,1946.655505287,42.10385,0.0,24.7722125,42.10385,47.9558125,731.4069999999995
2026/2027,Gombe,14,cases,3889.596058857001,84.12735,0.0,66.79571250000001,84.12735,89.9793125,773.4304999999995
2026/2027,Gombe,15,cases,14536.381830714,314.40470000000005,29.48040000000003,297.07306250000005,314.40470000000005,320.25666250000006,1003.7078499999996
2026/2027,Gombe,16,cases,45695.14983037801,988.3319,703.4076000000001,971.0002625000002,988.3319,994.1838625,1677.6350499999996
2026/2027,Gombe,17,cases,77266.397680641,1671.18055,1386.25625,1653.8489125,1671.18055,1677.0325125,2360.4837
2026/2027,Gombe,18,cases,88251.401256453,1908.77315,1623.84885,1891.4415125,1908.77315,1914.6251125,2598.0763
2026/2027,Gombe,19,cases,55395.63776430901,1198.1419500000002,913.2176500000002,1180.8103125000002,1198.1419500000002,1203.9939125,1887.4451
2026/2027,Gombe,20,cases,25569.346889583,553.03465,268.11035000000004,535.7030125000001,553.03465,558.8866125000001,1242.3377999999996
2026/2027,Gombe,21,cases,5058.758635569,109.41495,0.0,92.0833125,109.41495,115.2669125,798.7180999999995
2026/2027,Gombe,22,cases,2678.34841929,57.9295,0.0,40.597862500000005,57.9295,63.7814625,747.2326499999995
2026/2027,Gombe,23,cases,1615.590197046,34.9433,0.0,17.6116625,34.9433,40.7952625,724.2464499999995
2026/2027,Gombe,24,cases,2977.4794754970003,64.39935,0.0,47.0677125,64.39935,70.2513125,753.7024999999995
2026/2027,Gombe,25,cases,6824.199859497001,147.59935000000002,0.0,130.26771250000002,147.59935000000002,153.45131250000003,836.9024999999995
2026/2027,Gombe,26,cases,14625.885119841,316.34055,31.41624999999999,299.0089125,316.34055,322.1925125,1005.6436999999996
2026/2027,Gombe,27,cases,27515.244147102003,595.1221,310.19780000000003,577.7904625000001,595.1221,600.9740625000001,1284.4252499999996
2026/2027,Gombe,28,cases,58262.44542991201,1260.1476000000002,975.2233000000002,1242.8159625000003,1260.1476000000002,1265.9995625,1949.45075
2026/2027,Gombe,29,cases,43863.341121171004,948.71205,663.7877500000001,931.3804125,948.71205,954.5640125,1638.0151999999996
2026/2027,Gombe,30,cases,30038.144838759003,649.6894500000001,364.76515000000006,632.3578125000001,649.6894500000001,655.5414125000001,1338.9925999999996
2026/2027,Gombe,31,cases,13007.60175618,281.339,0.0,264.0073625,281.339,287.1909625,970.6421499999994
2026/2027,Gombe,32,cases,3133.3363795170003,67.77035000000001,0.0,50.43871250000001,67.77035000000001,73.6223125,757.0734999999995
2026/2027,Gombe,33,cases,972.136055313,21.02615,0.0,3.694512500000002,21.02615,26.8781125,710.3292999999995
2026/2027,Gombe,34,cases,791.5921759439999,17.121199999999998,0.0,0.0,17.121199999999998,22.9731625,706.4243499999995
2026/2027,Gombe,35,cases,347.66122509,7.519500000000001,0.0,0.0,7.519500000000001,13.371462500000002,696.8226499999995
2026/2027,Gombe,36,cases,452.512096326,9.7873,0.0,0.0,9.7873,15.6392625,699.0904499999995
2026/2027,Gombe,37,cases,577.710823824,12.4952,0.0,0.0,12.4952,18.347162500000003,701.7983499999995
2026/2027,Gombe,38,cases,571.0969614330002,12.352150000000002,0.0,0.0,12.352150000000002,18.2041125,701.6552999999996
2026/2027,Gombe,39,cases,434.05061256,9.388,0.0,0.0,9.388,15.2399625,698.6911499999995
2026/2027,Gombe,40,cases,453.843653382,9.8161,0.0,0.0,9.8161,15.6680625,699.1192499999995
2026/2027,Gombe,41,cases,327.838131765,7.09075,0.0,0.0,7.09075,12.9427125,696.3938999999995
2026/2027,Gombe,42,cases,571.839027084,12.3682,0.0,0.0,12.3682,18.2201625,701.6713499999995
2026/2027,Gombe,43,cases,477.113537628,10.3194,0.0,0.0,10.3194,16.1713625,699.6225499999995
2026/2027,Gombe,44,cases,276.39518182200004,5.9781,0.0,0.0,5.9781,11.8300625,695.2812499999995
2026/2027,Gombe,45,cases,526.836559707,11.39485,0.0,0.0,11.39485,17.2468125,700.6979999999995
2026/2027,Gombe,46,cases,341.930443941,7.39555,0.0,0.0,7.39555,13.2475125,696.6986999999995
2026/2027,Gombe,47,cases,367.458889374,7.947699999999999,0.0,0.0,7.947699999999999,13.7996625,697.2508499999996
2026/2027,Gombe,48,cases,466.211414232,10.0836,0.0,0.0,10.0836,15.9355625,699.3867499999996
2026/2027,Gombe,49,cases,344.108094543,7.44265,0.0,0.0,7.44265,13.2946125,696.7457999999995
2026/2027,Gombe,50,cases,457.31356161299993,9.89115,0.0,0.0,9.89115,15.7431125,699.1942999999995
2026/2027,Gombe,51,cases,526.2193275300001,11.3815,0.0,0.0,11.3815,17.2334625,700.6846499999995
2026/2027,Gombe,52,cases,385.1436315240001,8.330200000000001,0.0,0.0,8.330200000000001,14.182162500000002,697.6333499999995
2026/2027,Imo,1,cases,1334.1039684179998,21.9869,0.0,4.655262499999999,21.9869,27.8388625,711.2900499999995
2026/2027,Imo,2,cases,419.661856686,6.9163,0.0,0.0,6.9163,12.7682625,696.2194499999995
2026/2027,Imo,3,cases,338.0115555930001,5.5706500000000005,0.0,0.0,5.5706500000000005,11.4226125,694.8737999999995
2026/2027,Imo,4,cases,270.004527417,4.44985,0.0,0.0,4.44985,10.3018125,693.7529999999995
2026/2027,Imo,5,cases,374.047756551,6.16455,0.0,0.0,6.16455,12.0165125,695.4676999999995
2026/2027,Imo,6,cases,292.003053528,4.8124,0.0,0.0,4.8124,10.6643625,694.1155499999995
2026/2027,Imo,7,cases,358.347525876,5.9058,0.0,0.0,5.9058,11.757762500000002,695.2089499999995
2026/2027,Imo,8,cases,606.13508919,9.9895,0.0,0.0,9.9895,15.841462500000002,699.2926499999995
2026/2027,Imo,9,cases,937.290118923,15.44715,0.0,0.0,15.44715,21.2991125,704.7502999999995
2026/2027,Imo,10,cases,2096.0338876800006,34.544000000000004,0.0,17.212362500000005,34.544000000000004,40.3959625,723.8471499999995
2026/2027,Imo,11,cases,5070.810444705,83.57025,0.0,66.2386125,83.57025,89.4222125,772.8733999999995
2026/2027,Imo,12,cases,14490.727377852005,238.81660000000005,0.0,221.48496250000005,238.81660000000005,244.6685625000001,928.1197499999996
2026/2027,Imo,13,cases,53647.148189217005,884.13985,599.21555,866.8082125000001,884.13985,889.9918125,1573.4429999999995
2026/2027,Imo,14,cases,129384.97601730902,2132.3484500000004,1847.4241500000005,2115.0168125000005,2132.3484500000004,2138.2004125000003,2821.6516
2026/2027,Imo,15,cases,171170.143335483,2820.99515,2536.07085,2803.6635125000003,2820.99515,2826.8471125,3510.2982999999995
2026/2027,Imo,16,cases,177139.8625236,2919.38,2634.4557,2902.0483625,2919.38,2925.2319625,3608.68315
2026/2027,Imo,17,cases,81729.069226143,1346.94815,1062.02385,1329.6165125,1346.94815,1352.8001124999998,2036.2512999999997
2026/2027,Imo,18,cases,27938.288955603,460.44115,175.51684999999998,443.1095125,460.44115,466.2931125,1149.7442999999994
2026/2027,Imo,19,cases,4492.887228954,74.0457,0.0,56.7140625,74.0457,79.8976625,763.3488499999995
2026/2027,Imo,20,cases,901.153800552,14.8516,0.0,0.0,14.8516,20.703562500000004,704.1547499999995
2026/2027,Imo,21,cases,627.884838699,10.34795,0.0,0.0,10.34795,16.199912500000003,699.6510999999995
2026/2027,Imo,22,cases,642.793231653,10.59365,0.0,0.0,10.59365,16.445612500000003,699.8967999999995
2026/2027,Imo,23,cases,1394.244195021,22.97805,0.0,5.6464125,22.97805,28.8300125,712.2811999999996
2026/2027,Imo,24,cases,3589.7826557790004,59.16195,0.0,41.830312500000005,59.16195,65.0139125,748.4650999999996
2026/2027,Imo,25,cases,4373.844591036,72.0838,0.0,54.7521625,72.0838,77.9357625,761.3869499999995
2026/2027,Imo,26,cases,13799.616875913,227.42665,0.0,210.0950125,227.42665,233.2786125,916.7297999999996
2026/2027,Imo,27,cases,13789.693116582,227.2631,0.0,209.9314625,227.2631,233.1150625,916.5662499999996
2026/2027,Imo,28,cases,25957.751122332,427.8006,142.8763,410.4689625,427.8006,433.6525625,1117.1037499999995
2026/2027,Imo,29,cases,46436.534344185,765.30425,480.37995,747.9726125,765.30425,771.1562125,1454.6073999999994
2026/2027,Imo,30,cases,19450.340749185,320.55425,35.62995000000001,303.2226125,320.55425,326.40621250000004,1009.8573999999996
2026/2027,Imo,31,cases,10202.941287942002,168.1511,0.0,150.8194625,168.1511,174.00306250000003,857.4542499999995
2026/2027,Imo,32,cases,1810.150131789,29.83245,0.0,12.500812500000002,29.83245,35.6844125,719.1355999999995
2026/2027,Imo,33,cases,641.488671423,10.57215,0.0,0.0,10.57215,16.4241125,699.8752999999995
2026/2027,Imo,34,cases,357.042965646,5.8843,0.0,0.0,5.8843,11.7362625,695.1874499999996
2026/2027,Imo,35,cases,489.20401852800006,8.0624,0.0,0.0,8.0624,13.9143625,697.3655499999995
2026/2027,Imo,36,cases,328.166676648,5.4084,0.0,0.0,5.4084,11.2603625,694.7115499999995
2026/2027,Imo,37,cases,332.01057853500004,5.47175,0.0,0.0,5.47175,11.3237125,694.7748999999995
2026/2027,Imo,38,cases,297.139380201,4.89705,0.0,0.0,4.89705,10.7490125,694.2001999999995
2026/2027,Imo,39,cases,354.30945688500003,5.83925,0.0,0.0,5.83925,11.6912125,695.1423999999995
2026/2027,Imo,40,cases,265.33238147700007,4.372850000000001,0.0,0.0,4.372850000000001,10.224812500000002,693.6759999999995
2026/2027,Imo,41,cases,470.630721486,7.756299999999999,0.0,0.0,7.756299999999999,13.6082625,697.0594499999995
2026/2027,Imo,42,cases,294.66981734700005,4.856350000000001,0.0,0.0,4.856350000000001,10.708312500000002,694.1594999999995
2026/2027,Imo,43,cases,316.93835708700004,5.223350000000001,0.0,0.0,5.223350000000001,11.075312500000004,694.5264999999995
2026/2027,Imo,44,cases,330.399598344,5.4452,0.0,0.0,5.4452,11.2971625,694.7483499999995
2026/2027,Imo,45,cases,416.837332095,6.86975,0.0,0.0,6.86975,12.7217125,696.1728999999995
2026/2027,Imo,46,cases,287.785986738,4.7429,0.0,0.0,4.7429,10.5948625,694.0460499999995
2026/2027,Imo,47,cases,381.890287236,6.2938,0.0,0.0,6.2938,12.1457625,695.5969499999995
2026/2027,Imo,48,cases,259.143305037,4.27085,0.0,0.0,4.27085,10.122812500000002,693.5739999999995
2026/2027,Imo,49,cases,381.7841021010001,6.2920500000000015,0.0,0.0,6.2920500000000015,12.144012500000002,695.5951999999995
2026/2027,Imo,50,cases,295.616381979,4.87195,0.0,0.0,4.87195,10.7239125,694.1750999999995
2026/2027,Imo,51,cases,407.0531303700001,6.708500000000001,0.0,0.0,6.708500000000001,12.560462500000002,696.0116499999995
2026/2027,Imo,52,cases,256.142816508,4.2214,0.0,0.0,4.2214,10.073362500000002,693.5245499999995
2026/2027,Jigawa,1,cases,1541.9195502600005,22.093450000000004,0.0,4.761812500000005,22.093450000000004,27.945412500000003,711.3965999999995
2026/2027,Jigawa,2,cases,699.6876654,10.0255,0.0,0.0,10.0255,15.877462500000002,699.3286499999995
2026/2027,Jigawa,3,cases,462.76185756,6.6307,0.0,0.0,6.6307,12.4826625,695.9338499999996
2026/2027,Jigawa,4,cases,951.18230274,13.62905,0.0,0.0,13.62905,19.4810125,702.9321999999995
2026/2027,Jigawa,5,cases,838.35500592,12.0124,0.0,0.0,12.0124,17.864362500000002,701.3155499999995
2026/2027,Jigawa,6,cases,882.8675781600001,12.650200000000002,0.0,0.0,12.650200000000002,18.502162500000004,701.9533499999995
2026/2027,Jigawa,7,cases,687.1427691,9.84575,0.0,0.0,9.84575,15.6977125,699.1488999999995
2026/2027,Jigawa,8,cases,775.6654198199999,11.11415,0.0,0.0,11.11415,16.9661125,700.4172999999995
2026/2027,Jigawa,9,cases,762.1574104800001,10.9206,0.0,0.0,10.9206,16.7725625,700.2237499999995
2026/2027,Jigawa,10,cases,614.3998182600001,8.803450000000002,0.0,0.0,8.803450000000002,14.655412500000002,698.1065999999995
2026/2027,Jigawa,11,cases,878.8755444,12.593,0.0,0.0,12.593,18.444962500000003,701.8961499999995
2026/2027,Jigawa,12,cases,1923.35069904,27.5588,0.0,10.227162500000002,27.5588,33.410762500000004,716.8619499999995
2026/2027,Jigawa,13,cases,2359.7665296,33.812,0.0,16.4803625,33.812,39.6639625,723.1151499999995
2026/2027,Jigawa,14,cases,7688.416243499999,110.16375,0.0,92.8321125,110.16375,116.0157125,799.4668999999994
2026/2027,Jigawa,15,cases,29643.48876024,424.7478,139.82350000000002,407.4161625,424.7478,430.59976250000005,1114.0509499999996
2026/2027,Jigawa,16,cases,58335.641677980006,835.8643500000001,550.94005,818.5327125000001,835.8643500000001,841.7163125000001,1525.1674999999996
2026/2027,Jigawa,17,cases,122367.0187197,1753.3402500000002,1468.41595,1736.0086125000005,1753.3402500000002,1759.1922125,2442.6434
2026/2027,Jigawa,18,cases,127230.62441688002,1823.0286000000003,1538.1043000000004,1805.6969625000004,1823.0286000000003,1828.8805625,2512.33175
2026/2027,Jigawa,19,cases,152579.3862489,2186.23925,1901.31495,2168.9076125,2186.23925,2192.0912125,2875.5424
2026/2027,Jigawa,20,cases,50044.847081520005,717.0694000000001,432.14510000000007,699.7377625000001,717.0694000000001,722.9213625000001,1406.3725499999996
2026/2027,Jigawa,21,cases,8479.08319578,121.49285,0.0,104.1612125,121.49285,127.3448125,810.7959999999995
2026/2027,Jigawa,22,cases,3984.32536614,57.08955,0.0,39.7579125,57.08955,62.9415125,746.3926999999995
2026/2027,Jigawa,23,cases,3541.43992842,50.74365,0.0,33.4120125,50.74365,56.5956125,740.0467999999995
2026/2027,Jigawa,24,cases,6845.475982020001,98.08565,0.0,80.7540125,98.08565,103.9376125,787.3887999999995
2026/2027,Jigawa,25,cases,12559.5174726,179.9595,0.0,162.6278625,179.9595,185.8114625,869.2626499999994
2026/2027,Jigawa,26,cases,19318.97978316,276.8127,0.0,259.4810625,276.8127,282.6646625,966.1158499999996
2026/2027,Jigawa,27,cases,30176.561359259995,432.38595,147.46164999999996,415.0543125,432.38595,438.2379125,1121.6890999999996
2026/2027,Jigawa,28,cases,64248.265910880014,920.5836000000002,635.6593000000001,903.2519625000002,920.5836000000002,926.4355625000002,1609.8867499999997
2026/2027,Jigawa,29,cases,74530.80967992,1067.9174,782.9931,1050.5857625,1067.9174,1073.7693625,1757.2205499999995
2026/2027,Jigawa,30,cases,63286.060151280006,906.7966,621.8723,889.4649625,906.7966,912.6485625,1596.0997499999994
2026/2027,Jigawa,31,cases,21176.981866620008,303.4351500000001,18.51085000000006,286.1035125000001,303.4351500000001,309.2871125000001,992.7382999999996
2026/2027,Jigawa,32,cases,6888.23680518,98.69835,0.0,81.3667125,98.69835,104.5503125,788.0014999999995
2026/2027,Jigawa,33,cases,2050.72937766,29.38395,0.0,12.0523125,29.38395,35.2359125,718.6870999999995
2026/2027,Jigawa,34,cases,610.7218431,8.75075,0.0,0.0,8.75075,14.6027125,698.0538999999995
2026/2027,Jigawa,35,cases,543.59007258,7.78885,0.0,0.0,7.78885,13.6408125,697.0919999999995
2026/2027,Jigawa,36,cases,638.11822164,9.1433,0.0,0.0,9.1433,14.9952625,698.4464499999995
2026/2027,Jigawa,37,cases,570.65145528,8.1766,0.0,0.0,8.1766,14.0285625,697.4797499999995
2026/2027,Jigawa,38,cases,722.95242858,10.35885,0.0,0.0,10.35885,16.210812500000003,699.6619999999995
2026/2027,Jigawa,39,cases,919.144836,13.170000000000002,0.0,0.0,13.170000000000002,19.0219625,702.4731499999995
2026/2027,Jigawa,40,cases,594.4082436,8.517,0.0,0.0,8.517,14.3689625,697.8201499999996
2026/2027,Jigawa,41,cases,447.0624171,6.40575,0.0,0.0,6.40575,12.2577125,695.7088999999995
2026/2027,Jigawa,42,cases,583.3080168600001,8.35795,0.0,0.0,8.35795,14.209912500000002,697.6610999999995
2026/2027,Jigawa,43,cases,541.95696786,7.765449999999999,0.0,0.0,7.765449999999999,13.6174125,697.0685999999995
2026/2027,Jigawa,44,cases,479.2045700400001,6.866300000000001,0.0,0.0,6.866300000000001,12.718262500000002,696.1694499999995
2026/2027,Jigawa,45,cases,547.19127786,7.840450000000001,0.0,0.0,7.840450000000001,13.6924125,697.1435999999995
2026/2027,Jigawa,46,cases,612.33401058,8.77385,0.0,0.0,8.77385,14.6258125,698.0769999999995
2026/2027,Jigawa,47,cases,696.9832719,9.98675,0.0,0.0,9.98675,15.838712500000002,699.2898999999995
2026/2027,Jigawa,48,cases,824.6446032599999,11.81595,0.0,0.0,11.81595,17.6679125,701.1190999999995
2026/2027,Jigawa,49,cases,838.0234996199999,12.00765,0.0,0.0,12.00765,17.8596125,701.3107999999995
2026/2027,Jigawa,50,cases,735.8567475,10.54375,0.0,0.0,10.54375,16.395712500000002,699.8468999999996
2026/2027,Jigawa,51,cases,532.19323494,7.62555,0.0,0.0,7.62555,13.4775125,696.9286999999995
2026/2027,Jigawa,52,cases,525.9993014400001,7.5368,0.0,0.0,7.5368,13.388762500000002,696.8399499999995
2026/2027,Kaduna,1,cases,1863.3995215350003,22.3851,0.0,5.053462500000002,22.3851,28.2370625,711.6882499999995
2026/2027,Kaduna,2,cases,626.53563481,7.5266,0.0,0.0,7.5266,13.3785625,696.8297499999995
2026/2027,Kaduna,3,cases,584.4064284250001,7.0205,0.0,0.0,7.0205,12.8724625,696.3236499999995
2026/2027,Kaduna,4,cases,917.5817734075,11.02295,0.0,0.0,11.02295,16.8749125,700.3260999999995
2026/2027,Kaduna,5,cases,627.6802239975,7.54035,0.0,0.0,7.54035,13.3923125,696.8434999999995
2026/2027,Kaduna,6,cases,518.594631215,6.2299,0.0,0.0,6.2299,12.0818625,695.5330499999995
2026/2027,Kaduna,7,cases,714.4026251275002,8.582150000000002,0.0,0.0,8.582150000000002,14.434112500000005,697.8852999999995
2026/2027,Kaduna,8,cases,864.7725093675001,10.38855,0.0,0.0,10.38855,16.2405125,699.6916999999995
2026/2027,Kaduna,9,cases,779.4985338275001,9.36415,0.0,0.0,9.36415,15.2161125,698.6672999999995
2026/2027,Kaduna,10,cases,1641.43246201,19.7186,0.0,2.3869625000000028,19.7186,25.5705625,709.0217499999995
2026/2027,Kaduna,11,cases,1988.7008214975003,23.89035,0.0,6.558712500000002,23.89035,29.742312500000004,713.1934999999995
2026/2027,Kaduna,12,cases,3031.5006520175,36.41755,0.0,19.0859125,36.41755,42.2695125,725.7206999999995
2026/2027,Kaduna,13,cases,13425.2278758725,161.27785,0.0,143.9462125,161.27785,167.1298125,850.5809999999994
2026/2027,Kaduna,14,cases,60094.59502915,721.919,436.9947,704.5873624999999,721.919,727.7709625,1411.2221499999996
2026/2027,Kaduna,15,cases,86899.48780694752,1043.9273500000002,759.0030500000001,1026.5957125000002,1043.9273500000002,1049.7793125,1733.2304999999997
2026/2027,Kaduna,16,cases,200843.37055757,2412.7402,2127.8159,2395.4085625,2412.7402,2418.5921625,3102.04335
2026/2027,Kaduna,17,cases,197170.6668805725,2368.61985,2083.69555,2351.2882125,2368.61985,2374.4718125,3057.923
2026/2027,Kaduna,18,cases,117238.41832221248,1408.39025,1123.4659499999998,1391.0586125,1408.39025,1414.2422124999998,2097.693399999999
2026/2027,Kaduna,19,cases,20218.30643369,242.8834,0.0,225.5517625,242.8834,248.7353625,932.1865499999994
2026/2027,Kaduna,20,cases,5365.4720046025,64.45565,0.0,47.124012500000006,64.45565,70.3076125,753.7587999999995
2026/2027,Kaduna,21,cases,2129.0565908825,25.57645,0.0,8.244812500000002,25.57645,31.4284125,714.8795999999995
2026/2027,Kaduna,22,cases,1729.52004588,20.7768,0.0,3.445162500000002,20.7768,26.6287625,710.0799499999995
2026/2027,Kaduna,23,cases,2588.9067428525,31.10065,0.0,13.769012500000002,31.10065,36.9526125,720.4037999999995
2026/2027,Kaduna,24,cases,7854.270896045001,94.3537,0.0,77.0220625,94.3537,100.2056625,783.6568499999995
2026/2027,Kaduna,25,cases,14844.256253395,178.3247,0.0,160.9930625,178.3247,184.1766625,867.6278499999995
2026/2027,Kaduna,26,cases,17736.2918345225,213.06685,0.0,195.7352125,213.06685,218.91881250000003,902.3699999999995
2026/2027,Kaduna,27,cases,70130.361349435,842.4791,557.5548,825.1474625000001,842.4791,848.3310625,1531.7822499999995
2026/2027,Kaduna,28,cases,99520.4940225425,1195.54405,910.61975,1178.2124125,1195.54405,1201.3960125,1884.8471999999997
2026/2027,Kaduna,29,cases,59612.42330695249,716.1266499999999,431.2023499999999,698.7950125,716.1266499999999,721.9786124999999,1405.4297999999994
2026/2027,Kaduna,30,cases,37382.857239415,449.0819,164.1576,431.7502625,449.0819,454.9338625,1138.3850499999994
2026/2027,Kaduna,31,cases,27129.764648492503,325.91105000000005,40.98675000000003,308.57941250000005,325.91105000000005,331.76301250000006,1015.2141999999996
2026/2027,Kaduna,32,cases,7063.526253182499,84.85445,0.0,67.5228125,84.85445,90.7064125,774.1575999999995
2026/2027,Kaduna,33,cases,1304.4612430675002,15.670550000000002,0.0,0.0,15.670550000000002,21.522512500000005,704.9736999999996
2026/2027,Kaduna,34,cases,787.1069303175001,9.45555,0.0,0.0,9.45555,15.3075125,698.7586999999995
2026/2027,Kaduna,35,cases,631.5510165225,7.58685,0.0,0.0,7.58685,13.4388125,696.8899999999995
2026/2027,Kaduna,36,cases,558.6552527775,6.71115,0.0,0.0,6.71115,12.5631125,696.0142999999995
2026/2027,Kaduna,37,cases,725.3532220449999,8.7137,0.0,0.0,8.7137,14.5656625,698.0168499999995
2026/2027,Kaduna,38,cases,938.9543751450002,11.279700000000002,0.0,0.0,11.279700000000002,17.131662500000004,700.5828499999996
2026/2027,Kaduna,39,cases,536.2129804175001,6.441550000000001,0.0,0.0,6.441550000000001,12.293512500000002,695.7446999999995
2026/2027,Kaduna,40,cases,358.701764935,4.3091,0.0,0.0,4.3091,10.1610625,693.6122499999994
2026/2027,Kaduna,41,cases,576.10711628,6.9208,0.0,0.0,6.9208,12.7727625,696.2239499999995
2026/2027,Kaduna,42,cases,694.2828282825001,8.34045,0.0,0.0,8.34045,14.1924125,697.6435999999995
2026/2027,Kaduna,43,cases,667.532738435,8.019100000000002,0.0,0.0,8.019100000000002,13.871062500000004,697.3222499999995
2026/2027,Kaduna,44,cases,435.701401185,5.234100000000001,0.0,0.0,5.234100000000001,11.0860625,694.5372499999995
2026/2027,Kaduna,45,cases,485.5805169050001,5.8333,0.0,0.0,5.8333,11.6852625,695.1364499999995
2026/2027,Kaduna,46,cases,1056.8304128875002,12.69575,0.0,0.0,12.69575,18.547712500000003,701.9988999999995
2026/2027,Kaduna,47,cases,690.7949528675,8.29855,0.0,0.0,8.29855,14.1505125,697.6016999999995
2026/2027,Kaduna,48,cases,513.9413559,6.174,0.0,0.0,6.174,12.0259625,695.4771499999995
2026/2027,Kaduna,49,cases,441.594994965,5.3049,0.0,0.0,5.3049,11.1568625,694.6080499999995
2026/2027,Kaduna,50,cases,686.1083804125001,8.24225,0.0,0.0,8.24225,14.0942125,697.5453999999995
2026/2027,Kaduna,51,cases,850.117605625,10.2125,0.0,0.0,10.2125,16.0644625,699.5156499999995
2026/2027,Kaduna,52,cases,912.6954181125,10.96425,0.0,0.0,10.96425,16.8162125,700.2673999999995
2026/2027,Kano,1,cases,2571.441480192,15.820800000000002,0.0,0.0,15.820800000000002,21.672762500000005,705.1239499999995
2026/2027,Kano,2,cases,874.8960355720002,5.3828000000000005,0.0,0.0,5.3828000000000005,11.234762500000002,694.6859499999995
2026/2027,Kano,3,cases,1560.4219717450003,9.6005,0.0,0.0,9.6005,15.4524625,698.9036499999995
2026/2027,Kano,4,cases,1448.9957665755,8.914950000000001,0.0,0.0,8.914950000000001,14.766912500000002,698.2180999999995
2026/2027,Kano,5,cases,1378.9836042580002,8.484200000000001,0.0,0.0,8.484200000000001,14.336162500000002,697.7873499999995
2026/2027,Kano,6,cases,1512.539016391,9.3059,0.0,0.0,9.3059,15.157862500000002,698.6090499999995
2026/2027,Kano,7,cases,1227.4436401565,7.55185,0.0,0.0,7.55185,13.4038125,696.8549999999994
2026/2027,Kano,8,cases,1101.405494436,6.776400000000001,0.0,0.0,6.776400000000001,12.6283625,696.0795499999995
2026/2027,Kano,9,cases,1206.6228438875,7.42375,0.0,0.0,7.42375,13.2757125,696.7268999999995
2026/2027,Kano,10,cases,2401.640653789,14.7761,0.0,0.0,14.7761,20.6280625,704.0792499999995
2026/2027,Kano,11,cases,2491.717822347,15.3303,0.0,0.0,15.3303,21.1822625,704.6334499999995
2026/2027,Kano,12,cases,2839.4543764274995,17.469749999999998,0.0,0.1381124999999983,17.469749999999998,23.3217125,706.7728999999995
2026/2027,Kano,13,cases,4480.339542497,27.5653,0.0,10.2336625,27.5653,33.4172625,716.8684499999995
2026/2027,Kano,14,cases,17420.732607239002,107.1811,0.0,89.84946250000002,107.1811,113.0330625,796.4842499999995
2026/2027,Kano,15,cases,74062.644249594,455.6706,170.74630000000002,438.3389625,455.6706,461.5225625000001,1144.9737499999997
2026/2027,Kano,16,cases,89204.011652171,548.8279,263.9036,531.4962625000001,548.8279,554.6798625,1238.1310499999995
2026/2027,Kano,17,cases,183206.200997534,1127.1766,842.2523,1109.8449625,1127.1766,1133.0285625,1816.4797499999995
2026/2027,Kano,18,cases,373307.1005934466,2296.7728500000003,2011.84855,2279.4412125000003,2296.7728500000003,2302.6248125,2986.076
2026/2027,Kano,19,cases,174089.341560199,1071.0851,786.1608,1053.7534625,1071.0851,1076.9370625,1760.3882499999995
2026/2027,Kano,20,cases,82885.119407441,509.9509000000001,225.02660000000003,492.6192625000001,509.9509000000001,515.8028625000001,1199.2540499999996
2026/2027,Kano,21,cases,24024.825876272,147.8128,0.0,130.4811625,147.8128,153.66476250000002,837.1159499999995
2026/2027,Kano,22,cases,7423.621589936501,45.67385,0.0,28.3422125,45.67385,51.5258125,734.9769999999995
2026/2027,Kano,23,cases,6617.3399114680005,40.7132,0.0,23.3815625,40.7132,46.5651625,730.0163499999995
2026/2027,Kano,24,cases,14803.764936298,91.0802,0.0,73.74856249999999,91.0802,96.9321625,780.3833499999995
2026/2027,Kano,25,cases,22204.704698605005,136.61450000000002,0.0,119.28286250000002,136.61450000000002,142.46646250000003,825.9176499999995
2026/2027,Kano,26,cases,54730.136701877,336.7273,51.803,319.3956625,336.7273,342.5792625,1026.0304499999995
2026/2027,Kano,27,cases,101253.2470055665,622.96085,338.03655000000003,605.6292125,622.96085,628.8128125000001,1312.2639999999997
2026/2027,Kano,28,cases,177986.51189135047,1095.06245,810.1381499999999,1077.7308125,1095.06245,1100.9144124999998,1784.3655999999994
2026/2027,Kano,29,cases,221661.60219828956,1363.77355,1078.8492500000002,1346.4419125000002,1363.77355,1369.6255125,2053.0767
2026/2027,Kano,30,cases,86851.960576381,534.3569,249.4326,517.0252625,534.3569,540.2088625,1223.6600499999995
2026/2027,Kano,31,cases,42168.410694962506,259.44125,0.0,242.10961250000005,259.44125,265.29321250000004,948.7443999999996
2026/2027,Kano,32,cases,10981.8322834675,67.56575000000001,0.0,50.23411250000001,67.56575000000001,73.41771250000001,756.8688999999995
2026/2027,Kano,33,cases,2931.9208166885,18.03865,0.0,0.7070125000000012,18.03865,23.890612500000003,707.3417999999995
2026/2027,Kano,34,cases,1512.9697354395,9.30855,0.0,0.0,9.30855,15.1605125,698.6116999999995
2026/2027,Kano,35,cases,1357.2607360195,8.35055,0.0,0.0,8.35055,14.2025125,697.6536999999995
2026/2027,Kano,36,cases,1516.7568123565,9.33185,0.0,0.0,9.33185,15.1838125,698.6349999999995
2026/2027,Kano,37,cases,1971.0109998085,12.12665,0.0,0.0,12.12665,17.978612500000004,701.4297999999995
2026/2027,Kano,38,cases,1980.283649513,12.1837,0.0,0.0,12.1837,18.0356625,701.4868499999995
2026/2027,Kano,39,cases,1810.872908286,11.1414,0.0,0.0,11.1414,16.993362500000003,700.4445499999995
2026/2027,Kano,40,cases,1272.018998289,7.8261,0.0,0.0,7.8261,13.6780625,697.1292499999995
2026/2027,Kano,41,cases,1504.4041151165,9.25585,0.0,0.0,9.25585,15.1078125,698.5589999999995
2026/2027,Kano,42,cases,933.392558423,5.742700000000001,0.0,0.0,5.742700000000001,11.594662500000002,695.0458499999995
2026/2027,Kano,43,cases,1331.783297962,8.1938,0.0,0.0,8.1938,14.0457625,697.4969499999995
2026/2027,Kano,44,cases,1257.065733209,7.7341,0.0,0.0,7.7341,13.5860625,697.0372499999995
2026/2027,Kano,45,cases,1394.0100103085003,8.57665,0.0,0.0,8.57665,14.428612500000002,697.8797999999995
2026/2027,Kano,46,cases,1564.6885283575002,9.62675,0.0,0.0,9.62675,15.478712500000002,698.9298999999995
2026/2027,Kano,47,cases,1606.907121885,9.8865,0.0,0.0,9.8865,15.7384625,699.1896499999995
2026/2027,Kano,48,cases,1406.3952146465,8.65285,0.0,0.0,8.65285,14.504812500000002,697.9559999999994
2026/2027,Kano,49,cases,1290.759340286,7.9414,0.0,0.0,7.9414,13.7933625,697.2445499999995
2026/2027,Kano,50,cases,1386.6471526115,8.53135,0.0,0.0,8.53135,14.3833125,697.8344999999995
2026/2027,Kano,51,cases,1173.034884879,7.2171,0.0,0.0,7.2171,13.0690625,696.5202499999995
2026/2027,Kano,52,cases,1084.3961554075,6.67175,0.0,0.0,6.67175,12.523712500000002,695.9748999999995
2026/2027,Katsina,1,cases,3368.668113265,36.22075,0.0,18.889112500000003,36.22075,42.0727125,725.5238999999995
2026/2027,Katsina,2,cases,978.869855691,10.52505,0.0,0.0,10.52505,16.3770125,699.8281999999995
2026/2027,Katsina,3,cases,846.0417999670002,9.096850000000002,0.0,0.0,9.096850000000002,14.948812500000004,698.3999999999995
2026/2027,Katsina,4,cases,994.745607765,10.69575,0.0,0.0,10.69575,16.547712500000003,699.9988999999995
2026/2027,Katsina,5,cases,1037.0809466290002,11.150950000000002,0.0,0.0,11.150950000000002,17.0029125,700.4540999999995
2026/2027,Katsina,6,cases,1153.554280606,12.4033,0.0,0.0,12.4033,18.2552625,701.7064499999994
2026/2027,Katsina,7,cases,1490.976789757,16.03135,0.0,0.0,16.03135,21.8833125,705.3344999999995
2026/2027,Katsina,8,cases,629.4405533780001,6.767900000000001,0.0,0.0,6.767900000000001,12.619862500000002,696.0710499999996
2026/2027,Katsina,9,cases,1150.136390221,12.36655,0.0,0.0,12.36655,18.218512500000003,701.6696999999995
2026/2027,Katsina,10,cases,1030.682283813,11.08215,0.0,0.0,11.08215,16.9341125,700.3852999999995
2026/2027,Katsina,11,cases,768.369659694,8.261700000000001,0.0,0.0,8.261700000000001,14.113662500000002,697.5648499999995
2026/2027,Katsina,12,cases,1957.31189381,21.0455,0.0,3.713862500000001,21.0455,26.897462500000003,710.3486499999995
2026/2027,Katsina,13,cases,4678.329305741,50.30255,0.0,32.970912500000004,50.30255,56.1545125,739.6056999999995
2026/2027,Katsina,14,cases,10682.762879334,114.8637,0.0,97.5320625,114.8637,120.7156625,804.1668499999995
2026/2027,Katsina,15,cases,37143.96793580201,399.38110000000006,114.45680000000004,382.04946250000006,399.38110000000006,405.2330625000001,1088.6842499999996
2026/2027,Katsina,16,cases,72754.154073692,782.2706,497.3462999999999,764.9389624999999,782.2706,788.1225625,1471.5737499999996
2026/2027,Katsina,17,cases,143151.99126501,1539.2055,1254.2812,1521.8738625,1539.2055,1545.0574625,2228.50865
2026/2027,Katsina,18,cases,129274.435564092,1389.9906,1105.0663,1372.6589625,1389.9906,1395.8425625,2079.29375
2026/2027,Katsina,19,cases,109096.647640071,1173.0340500000002,888.1097500000002,1155.7024125000005,1173.0340500000002,1178.8860125,1862.3372
2026/2027,Katsina,20,cases,42245.73898381201,454.23660000000007,169.31230000000005,436.90496250000007,454.23660000000007,460.0885625000001,1143.5397499999997
2026/2027,Katsina,21,cases,11311.887219724002,121.62820000000002,0.0,104.29656250000002,121.62820000000002,127.48016250000002,810.9313499999995
2026/2027,Katsina,22,cases,4892.638008167001,52.60685000000001,0.0,35.27521250000001,52.60685000000001,58.45881250000001,741.9099999999995
2026/2027,Katsina,23,cases,3185.218078315,34.24825,0.0,16.9166125,34.24825,40.1002125,723.5513999999995
2026/2027,Katsina,24,cases,6862.077600105,73.78275,0.0,56.4511125,73.78275,79.63471249999999,763.0858999999995
2026/2027,Katsina,25,cases,17326.374506259002,186.29745000000003,0.0,168.96581250000003,186.29745000000003,192.14941250000004,875.6005999999995
2026/2027,Katsina,26,cases,44459.815823878,478.0429,193.1186,460.7112625,478.0429,483.8948625,1167.3460499999997
2026/2027,Katsina,27,cases,57840.52186740101,621.91555,336.99125000000004,604.5839125,621.91555,627.7675125000001,1311.2186999999994
2026/2027,Katsina,28,cases,106351.742196973,1143.52015,858.59585,1126.1885125,1143.52015,1149.3721125,1832.8233
2026/2027,Katsina,29,cases,124557.15160834402,1339.2692000000002,1054.3449,1321.9375625000002,1339.2692000000002,1345.1211625,2028.57235
2026/2027,Katsina,30,cases,63961.214866185015,687.7267500000002,402.80245000000014,670.3951125000001,687.7267500000002,693.5787125000002,1377.0298999999995
2026/2027,Katsina,31,cases,36331.542366574,390.6457,105.72140000000002,373.3140625,390.6457,396.4976625000001,1079.9488499999995
2026/2027,Katsina,32,cases,5119.427823237,55.04535,0.0,37.7137125,55.04535,60.8973125,744.3484999999995
2026/2027,Katsina,33,cases,1522.8073471520004,16.373600000000003,0.0,0.0,16.373600000000003,22.2255625,705.6767499999995
2026/2027,Katsina,34,cases,953.307755764,10.2502,0.0,0.0,10.2502,16.102162500000002,699.5533499999995
2026/2027,Katsina,35,cases,658.5600494199999,7.081,0.0,0.0,7.081,12.9329625,696.3841499999995
2026/2027,Katsina,36,cases,1134.609402472,12.1996,0.0,0.0,12.1996,18.051562500000003,701.5027499999995
2026/2027,Katsina,37,cases,915.608657327,9.84485,0.0,0.0,9.84485,15.696812500000002,699.1479999999995
2026/2027,Katsina,38,cases,571.094606901,6.140550000000001,0.0,0.0,6.140550000000001,11.992512500000002,695.4436999999995
2026/2027,Katsina,39,cases,806.9801955670002,8.676850000000002,0.0,0.0,8.676850000000002,14.528812500000004,697.9799999999996
2026/2027,Katsina,40,cases,910.963116518,9.7949,0.0,0.0,9.7949,15.6468625,699.0980499999995
2026/2027,Katsina,41,cases,838.0574220200001,9.011,0.0,0.0,9.011,14.862962500000002,698.3141499999995
2026/2027,Katsina,42,cases,819.7031181429999,8.813649999999999,0.0,0.0,8.813649999999999,14.6656125,698.1167999999996
2026/2027,Katsina,43,cases,1026.478511149,11.03695,0.0,0.0,11.03695,16.888912500000004,700.3400999999996
2026/2027,Katsina,44,cases,581.4273313030001,6.251650000000001,0.0,0.0,6.251650000000001,12.1036125,695.5547999999995
2026/2027,Katsina,45,cases,916.236433112,9.8516,0.0,0.0,9.8516,15.7035625,699.1547499999995
2026/2027,Katsina,46,cases,981.729723156,10.5558,0.0,0.0,10.5558,16.407762500000004,699.8589499999995
2026/2027,Katsina,47,cases,702.96937347,7.5585,0.0,0.0,7.5585,13.4104625,696.8616499999995
2026/2027,Katsina,48,cases,396.8612505130001,4.267150000000001,0.0,0.0,4.267150000000001,10.119112500000002,693.5702999999995
2026/2027,Katsina,49,cases,939.9663577850002,10.106750000000002,0.0,0.0,10.106750000000002,15.958712500000004,699.4098999999995
2026/2027,Katsina,50,cases,762.115152799,8.19445,0.0,0.0,8.19445,14.0464125,697.4975999999995
2026/2027,Katsina,51,cases,721.3376279199999,7.756,0.0,0.0,7.756,13.6079625,697.0591499999995
2026/2027,Katsina,52,cases,1019.83338821,10.9655,0.0,0.0,10.9655,16.8174625,700.2686499999995
2026/2027,Kebbi,1,cases,1683.8026991850002,28.05585,0.0,10.7242125,28.05585,33.9078125,717.3589999999995
2026/2027,Kebbi,2,cases,653.944428015,10.89615,0.0,0.0,10.89615,16.748112499999998,700.1992999999995
2026/2027,Kebbi,3,cases,527.51151095,8.7895,0.0,0.0,8.7895,14.6414625,698.0926499999995
2026/2027,Kebbi,4,cases,666.7458621449999,11.10945,0.0,0.0,11.10945,16.9614125,700.4125999999995
2026/2027,Kebbi,5,cases,611.1049358350001,10.18235,0.0,0.0,10.18235,16.034312500000002,699.4854999999995
2026/2027,Kebbi,6,cases,475.66360216,7.9256,0.0,0.0,7.9256,13.777562500000002,697.2287499999995
2026/2027,Kebbi,7,cases,606.951821715,10.11315,0.0,0.0,10.11315,15.965112500000002,699.4162999999995
2026/2027,Kebbi,8,cases,636.6027759200001,10.607200000000002,0.0,0.0,10.607200000000002,16.459162500000005,699.9103499999995
2026/2027,Kebbi,9,cases,518.680141835,8.64235,0.0,0.0,8.64235,14.4943125,697.9454999999995
2026/2027,Kebbi,10,cases,538.071343745,8.96545,0.0,0.0,8.96545,14.8174125,698.2685999999995
2026/2027,Kebbi,11,cases,589.5651575450001,9.82345,0.0,0.0,9.82345,15.675412500000002,699.1265999999995
2026/2027,Kebbi,12,cases,1155.09386704,19.2464,0.0,1.914762500000002,19.2464,25.0983625,708.5495499999995
2026/2027,Kebbi,13,cases,2727.3026298850004,45.44285000000001,0.0,28.111212500000008,45.44285000000001,51.294812500000006,734.7459999999995
2026/2027,Kebbi,14,cases,7163.884793405,119.36605,0.0,102.0344125,119.36605,125.2180125,808.6691999999995
2026/2027,Kebbi,15,cases,19543.651806415,325.64015,40.71584999999999,308.3085125,325.64015,331.4921125,1014.9432999999996
2026/2027,Kebbi,16,cases,59687.38581869001,994.5229000000002,709.5986000000001,977.1912625000002,994.5229000000002,1000.3748625000002,1683.8260499999997
2026/2027,Kebbi,17,cases,71380.21455271,1189.3511,904.4267999999998,1172.0194625,1189.3511,1195.2030624999998,1878.6542499999996
2026/2027,Kebbi,18,cases,100092.081836985,1667.75385,1382.82955,1650.4222125,1667.75385,1673.6058125,2357.057
2026/2027,Kebbi,19,cases,96600.975308035,1609.58435,1324.66005,1592.2527125,1609.58435,1615.4363124999998,2298.8875
2026/2027,Kebbi,20,cases,32122.570244055005,535.2325500000001,250.30825000000004,517.9009125,535.2325500000001,541.0845125000001,1224.5356999999997
2026/2027,Kebbi,21,cases,5610.218004655001,93.47855,0.0,76.14691250000001,93.47855,99.3305125,782.7816999999995
2026/2027,Kebbi,22,cases,2567.305708895,42.77695,0.0,25.4453125,42.77695,48.6289125,732.0800999999994
2026/2027,Kebbi,23,cases,2989.305915240001,49.808400000000006,0.0,32.47676250000001,49.808400000000006,55.660362500000005,739.1115499999995
2026/2027,Kebbi,24,cases,3641.812957660001,60.68060000000001,0.0,43.34896250000001,60.68060000000001,66.53256250000001,749.9837499999995
2026/2027,Kebbi,25,cases,7805.048792925001,130.04925000000003,0.0,112.71761250000004,130.04925000000003,135.90121250000004,819.3523999999995
2026/2027,Kebbi,26,cases,21616.001737805,360.17005,75.24574999999999,342.8384125,360.17005,366.0220125,1049.4731999999997
2026/2027,Kebbi,27,cases,36176.79883689,602.7849000000001,317.8606000000001,585.4532625000002,602.7849000000001,608.6368625000001,1292.0880499999996
2026/2027,Kebbi,28,cases,45801.46076169,763.1529,478.2286,745.8212625000001,763.1529,769.0048625000001,1452.4560499999995
2026/2027,Kebbi,29,cases,47952.098694725006,798.9872500000001,514.0629500000001,781.6556125000002,798.9872500000001,804.8392125000001,1488.2903999999996
2026/2027,Kebbi,30,cases,49181.20741709001,819.4669000000001,534.5426000000001,802.1352625000002,819.4669000000001,825.3188625000001,1508.7700499999996
2026/2027,Kebbi,31,cases,17181.640169985,286.28385000000003,1.359550000000013,268.95221250000003,286.28385000000003,292.13581250000004,975.5869999999996
2026/2027,Kebbi,32,cases,5092.297066485,84.84885,0.0,67.5172125,84.84885,90.7008125,774.1519999999995
2026/2027,Kebbi,33,cases,1526.2814423200002,25.431200000000004,0.0,8.099562500000005,25.431200000000004,31.283162500000003,714.7343499999995
2026/2027,Kebbi,34,cases,693.51604355,11.5555,0.0,0.0,11.5555,17.4074625,700.8586499999996
2026/2027,Kebbi,35,cases,469.42192776,7.8216,0.0,0.0,7.8216,13.6735625,697.1247499999995
2026/2027,Kebbi,36,cases,489.008181995,8.14795,0.0,0.0,8.14795,13.9999125,697.4510999999995
2026/2027,Kebbi,37,cases,569.891879965,9.49565,0.0,0.0,9.49565,15.3476125,698.7987999999995
2026/2027,Kebbi,38,cases,505.00547345,8.4145,0.0,0.0,8.4145,14.2664625,697.7176499999995
2026/2027,Kebbi,39,cases,383.427858875,6.38875,0.0,0.0,6.38875,12.2407125,695.6918999999995
2026/2027,Kebbi,40,cases,505.935723,8.43,0.0,0.0,8.43,14.2819625,697.7331499999995
2026/2027,Kebbi,41,cases,399.950291205,6.6640500000000005,0.0,0.0,6.6640500000000005,12.516012500000002,695.9671999999995
2026/2027,Kebbi,42,cases,628.935719145,10.47945,0.0,0.0,10.47945,16.3314125,699.7825999999995
2026/2027,Kebbi,43,cases,517.7498922850001,8.626850000000001,0.0,0.0,8.626850000000001,14.478812500000002,697.9299999999995
2026/2027,Kebbi,44,cases,519.766433245,8.66045,0.0,0.0,8.66045,14.512412500000002,697.9635999999995
2026/2027,Kebbi,45,cases,914.2162488850004,15.232850000000004,0.0,0.0,15.232850000000004,21.084812500000005,704.5359999999995
2026/2027,Kebbi,46,cases,729.3786641050001,12.15305,0.0,0.0,12.15305,18.0050125,701.4561999999995
2026/2027,Kebbi,47,cases,840.33342898,14.0018,0.0,0.0,14.0018,19.8537625,703.3049499999995
2026/2027,Kebbi,48,cases,750.150236315,12.49915,0.0,0.0,12.49915,18.3511125,701.8022999999995
2026/2027,Kebbi,49,cases,585.35502813,9.7533,0.0,0.0,9.7533,15.605262500000002,699.0564499999995
2026/2027,Kebbi,50,cases,442.063588575,7.36575,0.0,0.0,7.36575,13.2177125,696.6688999999996
2026/2027,Kebbi,51,cases,476.608855735,7.94135,0.0,0.0,7.94135,13.7933125,697.2444999999996
2026/2027,Kebbi,52,cases,623.654302345,10.39145,0.0,0.0,10.39145,16.2434125,699.6945999999995
2026/2027,Kogi,1,cases,1662.6102605909998,32.89865,0.0,15.567012499999995,32.89865,38.7506125,722.2017999999995
2026/2027,Kogi,2,cases,450.901728081,8.92215,0.0,0.0,8.92215,14.7741125,698.2252999999995
2026/2027,Kogi,3,cases,639.4110600150001,12.652250000000002,0.0,0.0,12.652250000000002,18.5042125,701.9553999999995
2026/2027,Kogi,4,cases,320.84893732500007,6.348750000000001,0.0,0.0,6.348750000000001,12.200712500000002,695.6518999999995
2026/2027,Kogi,5,cases,389.104668729,7.69935,0.0,0.0,7.69935,13.551312500000002,697.0024999999995
2026/2027,Kogi,6,cases,405.15532791300006,8.016950000000001,0.0,0.0,8.016950000000001,13.868912500000002,697.3200999999995
2026/2027,Kogi,7,cases,274.258563579,5.42685,0.0,0.0,5.42685,11.2788125,694.7299999999994
2026/2027,Kogi,8,cases,504.78716685600006,9.9884,0.0,0.0,9.9884,15.8403625,699.2915499999995
2026/2027,Kogi,9,cases,632.9321730270001,12.52405,0.0,0.0,12.52405,18.3760125,701.8271999999995
2026/2027,Kogi,10,cases,766.6893508050001,15.170750000000002,0.0,0.0,15.170750000000002,21.022712500000004,704.4738999999995
2026/2027,Kogi,11,cases,1015.002044028,20.084200000000003,0.0,2.752562500000004,20.084200000000003,25.9361625,709.3873499999995
2026/2027,Kogi,12,cases,2992.899607677,59.22155,0.0,41.8899125,59.22155,65.0735125,748.5246999999995
2026/2027,Kogi,13,cases,13045.610399787,258.13805,0.0,240.8064125,258.13805,263.99001250000003,947.4411999999996
2026/2027,Kogi,14,cases,32661.997306029007,646.2943500000001,361.3700500000001,628.9627125000002,646.2943500000001,652.1463125000001,1335.5974999999996
2026/2027,Kogi,15,cases,70732.40977164601,1399.6069000000002,1114.6826,1382.2752625000005,1399.6069000000002,1405.4588625,2088.9100499999995
2026/2027,Kogi,16,cases,117953.63607913202,2333.9898000000003,2049.0655,2316.6581625000003,2333.9898000000003,2339.8417625,3023.29295
2026/2027,Kogi,17,cases,103786.65011521798,2053.6627,1768.7383999999995,2036.3310625,2053.6627,2059.5146625,2742.96585
2026/2027,Kogi,18,cases,54829.802252043,1084.93645,800.0121499999999,1067.6048125,1084.93645,1090.7884124999998,1774.2395999999994
2026/2027,Kogi,19,cases,17463.705952203,345.56045,60.63614999999999,328.2288125,345.56045,351.4124125,1034.8635999999997
2026/2027,Kogi,20,cases,2672.745558777,52.88655,0.0,35.5549125,52.88655,58.7385125,742.1896999999994
2026/2027,Kogi,21,cases,1123.311144249,22.22735,0.0,4.895712500000002,22.22735,28.0793125,711.5304999999995
2026/2027,Kogi,22,cases,1902.890043621,37.65315,0.0,20.3215125,37.65315,43.5051125,726.9562999999995
2026/2027,Kogi,23,cases,2114.065372545,41.83175,0.0,24.5001125,41.83175,47.6837125,731.1348999999996
2026/2027,Kogi,24,cases,3196.782398439,63.25585,0.0,45.9242125,63.25585,69.10781250000001,752.5589999999995
2026/2027,Kogi,25,cases,9109.214030448002,180.2472,0.0,162.91556250000002,180.2472,186.09916250000003,869.5503499999995
2026/2027,Kogi,26,cases,10649.117102652,210.7178,0.0,193.3861625,210.7178,216.5697625,900.0209499999995
2026/2027,Kogi,27,cases,27498.544214022004,544.1233000000001,259.19900000000007,526.7916625,544.1233000000001,549.9752625000001,1233.4264499999997
2026/2027,Kogi,28,cases,34861.005839646,689.8069,404.8826,672.4752625000001,689.8069,695.6588625,1379.1100499999995
2026/2027,Kogi,29,cases,25155.423401661,497.75915,212.83485,480.4275125,497.75915,503.6111125,1187.0622999999996
2026/2027,Kogi,30,cases,27016.650462186,534.5879,249.6636,517.2562625,534.5879,540.4398625,1223.8910499999995
2026/2027,Kogi,31,cases,9640.849159179,190.76685,0.0,173.4352125,190.76685,196.6188125,880.0699999999995
2026/2027,Kogi,32,cases,4321.038590946,85.5019,0.0,68.1702625,85.5019,91.3538625,774.8050499999995
2026/2027,Kogi,33,cases,1105.072218243,21.86645,0.0,4.534812500000001,21.86645,27.7184125,711.1695999999995
2026/2027,Kogi,34,cases,513.044968212,10.1518,0.0,0.0,10.1518,16.0037625,699.4549499999995
2026/2027,Kogi,35,cases,281.015405937,5.56055,0.0,0.0,5.56055,11.412512500000002,694.8636999999995
2026/2027,Kogi,36,cases,274.950925137,5.44055,0.0,0.0,5.44055,11.2925125,694.7436999999995
2026/2027,Kogi,37,cases,356.492923227,7.05405,0.0,0.0,7.05405,12.9060125,696.3571999999995
2026/2027,Kogi,38,cases,467.887328055,9.25825,0.0,0.0,9.25825,15.1102125,698.5613999999995
2026/2027,Kogi,39,cases,404.1066781080001,7.996200000000002,0.0,0.0,7.996200000000002,13.848162500000004,697.2993499999995
2026/2027,Kogi,40,cases,445.74691940100007,8.820150000000002,0.0,0.0,8.820150000000002,14.672112500000004,698.1232999999995
2026/2027,Kogi,41,cases,219.79952599500004,4.3492500000000005,0.0,0.0,4.3492500000000005,10.2012125,693.6523999999995
2026/2027,Kogi,42,cases,373.056536412,7.3818,0.0,0.0,7.3818,13.2337625,696.6849499999995
2026/2027,Kogi,43,cases,371.7400387050001,7.35575,0.0,0.0,7.35575,13.2077125,696.6588999999994
2026/2027,Kogi,44,cases,278.791762977,5.5165500000000005,0.0,0.0,5.5165500000000005,11.3685125,694.8196999999996
2026/2027,Kogi,45,cases,397.70359713,7.8695,0.0,0.0,7.8695,13.7214625,697.1726499999995
2026/2027,Kogi,46,cases,278.592140484,5.512600000000001,0.0,0.0,5.512600000000001,11.364562500000002,694.8157499999995
2026/2027,Kogi,47,cases,253.111213656,5.0084,0.0,0.0,5.0084,10.8603625,694.3115499999996
2026/2027,Kogi,48,cases,303.592962582,6.0073,0.0,0.0,6.0073,11.8592625,695.3104499999995
2026/2027,Kogi,49,cases,388.432522107,7.68605,0.0,0.0,7.68605,13.5380125,696.9891999999995
2026/2027,Kogi,50,cases,342.96660417600003,6.7864,0.0,0.0,6.7864,12.6383625,696.0895499999995
2026/2027,Kogi,51,cases,449.865712611,8.90165,0.0,0.0,8.90165,14.7536125,698.2047999999995
2026/2027,Kogi,52,cases,311.236735257,6.15855,0.0,0.0,6.15855,12.0105125,695.4616999999995
2026/2027,Kwara,1,cases,1584.1479448935,37.18995,0.0,19.8583125,37.18995,43.0419125,726.4930999999995
2026/2027,Kwara,2,cases,397.2472487670001,9.3259,0.0,0.0,9.3259,15.177862500000002,698.6290499999996
2026/2027,Kwara,3,cases,559.4043262575001,13.13275,0.0,0.0,13.13275,18.9847125,702.4358999999995
2026/2027,Kwara,4,cases,304.9989398325,7.16025,0.0,0.0,7.16025,13.0122125,696.4633999999995
2026/2027,Kwara,5,cases,402.9998561235,9.46095,0.0,0.0,9.46095,15.3129125,698.7640999999995
2026/2027,Kwara,6,cases,348.9922228965001,8.193050000000001,0.0,0.0,8.193050000000001,14.045012500000002,697.4961999999995
2026/2027,Kwara,7,cases,292.74829284450004,6.87265,0.0,0.0,6.87265,12.7246125,696.1757999999995
2026/2027,Kwara,8,cases,559.598138649,13.1373,0.0,0.0,13.1373,18.9892625,702.4404499999995
2026/2027,Kwara,9,cases,382.4600022375001,8.978750000000002,0.0,0.0,8.978750000000002,14.830712500000002,698.2818999999995
2026/2027,Kwara,10,cases,599.2061501295001,14.067150000000002,0.0,0.0,14.067150000000002,19.919112500000004,703.3702999999995
2026/2027,Kwara,11,cases,1116.759778662,26.2174,0.0,8.885762499999998,26.2174,32.0693625,715.5205499999995
2026/2027,Kwara,12,cases,3546.9541874220004,83.2694,0.0,65.9377625,83.2694,89.1213625,772.5725499999995
2026/2027,Kwara,13,cases,9936.8486342715,233.28055,0.0,215.9489125,233.28055,239.1325125,922.5836999999996
2026/2027,Kwara,14,cases,29764.335491184,698.7568,413.8325,681.4251624999999,698.7568,704.6087625,1388.0599499999994
2026/2027,Kwara,15,cases,52633.94211140401,1235.6508,950.7265,1218.3191625000002,1235.6508,1241.5027625,1924.95395
2026/2027,Kwara,16,cases,92237.408584833,2165.3941,1880.4698,2148.0624625,2165.3941,2171.2460625,2854.6972499999997
2026/2027,Kwara,17,cases,80958.4410865215,1900.60555,1615.68125,1883.2739125,1900.60555,1906.4575125,2589.9086999999995
2026/2027,Kwara,18,cases,54882.055102866005,1288.4282,1003.5039,1271.0965625,1288.4282,1294.2801625,1977.73135
2026/2027,Kwara,19,cases,15646.042015075502,367.31135000000006,82.38705000000004,349.97971250000006,367.31135000000006,373.1633125000001,1056.6144999999997
2026/2027,Kwara,20,cases,3465.7574444160005,81.3632,0.0,64.0315625,81.3632,87.2151625,770.6663499999995
2026/2027,Kwara,21,cases,769.601319162,18.0674,0.0,0.7357624999999999,18.0674,23.9193625,707.3705499999995
2026/2027,Kwara,22,cases,875.554932924,20.5548,0.0,3.223162500000001,20.5548,26.4067625,709.8579499999995
2026/2027,Kwara,23,cases,1793.5611690060002,42.1062,0.0,24.7745625,42.1062,47.9581625,731.4093499999994
2026/2027,Kwara,24,cases,2313.212656941,54.3057,0.0,36.9740625,54.3057,60.1576625,743.6088499999995
2026/2027,Kwara,25,cases,5563.299505747499,130.60575,0.0,113.2741125,130.60575,136.4577125,819.9088999999994
2026/2027,Kwara,26,cases,8795.150951301,206.47770000000003,0.0,189.14606250000003,206.47770000000003,212.32966250000004,895.7808499999995
2026/2027,Kwara,27,cases,24471.089060217,574.4909,289.5666,557.1592625000001,574.4909,580.3428625,1263.7940499999995
2026/2027,Kwara,28,cases,23744.665308229494,557.43715,272.51285,540.1055125,557.43715,563.2891125,1246.7402999999997
2026/2027,Kwara,29,cases,23993.84627931,563.287,278.3627,545.9553625000001,563.287,569.1389625,1252.5901499999995
2026/2027,Kwara,30,cases,32247.4023463065,757.05005,472.12575,739.7184125000001,757.05005,762.9020125000001,1446.3531999999996
2026/2027,Kwara,31,cases,14685.258615441004,344.75570000000005,59.83140000000003,327.42406250000005,344.75570000000005,350.60766250000006,1034.0588499999994
2026/2027,Kwara,32,cases,2700.3454546395005,63.39415000000001,0.0,46.06251250000001,63.39415000000001,69.24611250000001,752.6972999999995
2026/2027,Kwara,33,cases,596.0966326395001,13.99415,0.0,0.0,13.99415,19.846112500000004,703.2972999999995
2026/2027,Kwara,34,cases,327.40024459950007,7.686150000000001,0.0,0.0,7.686150000000001,13.538112500000002,696.9892999999995
2026/2027,Kwara,35,cases,282.9469233315,6.64255,0.0,0.0,6.64255,12.4945125,695.9456999999995
2026/2027,Kwara,36,cases,259.6340613825,6.09525,0.0,0.0,6.09525,11.9472125,695.3983999999995
2026/2027,Kwara,37,cases,456.996840318,10.7286,0.0,0.0,10.7286,16.5805625,700.0317499999995
2026/2027,Kwara,38,cases,293.3063021475,6.88575,0.0,0.0,6.88575,12.7377125,696.1888999999995
2026/2027,Kwara,39,cases,301.491148527,7.0779000000000005,0.0,0.0,7.0779000000000005,12.929862500000002,696.3810499999995
2026/2027,Kwara,40,cases,461.149962993,10.8261,0.0,0.0,10.8261,16.678062500000003,700.1292499999995
2026/2027,Kwara,41,cases,362.5101047520001,8.5104,0.0,0.0,8.5104,14.3623625,697.8135499999995
2026/2027,Kwara,42,cases,333.8492986815,7.83755,0.0,0.0,7.83755,13.6895125,697.1406999999995
2026/2027,Kwara,43,cases,305.74224230100003,7.177700000000001,0.0,0.0,7.177700000000001,13.0296625,696.4808499999995
2026/2027,Kwara,44,cases,417.05870883,9.791,0.0,0.0,9.791,15.6429625,699.0941499999996
2026/2027,Kwara,45,cases,216.9868160265,5.09405,0.0,0.0,5.09405,10.946012500000002,694.3971999999995
2026/2027,Kwara,46,cases,339.46133880900004,7.9693,0.0,0.0,7.9693,13.8212625,697.2724499999995
2026/2027,Kwara,47,cases,399.4004831385,9.37645,0.0,0.0,9.37645,15.2284125,698.6795999999995
2026/2027,Kwara,48,cases,434.8532421375,10.20875,0.0,0.0,10.20875,16.0607125,699.5118999999995
2026/2027,Kwara,49,cases,383.94660717450006,9.013650000000002,0.0,0.0,9.013650000000002,14.865612500000005,698.3167999999995
2026/2027,Kwara,50,cases,296.40304079849994,6.958449999999999,0.0,0.0,6.958449999999999,12.8104125,696.2615999999995
2026/2027,Kwara,51,cases,315.55000123350004,7.40795,0.0,0.0,7.40795,13.259912500000002,696.7110999999995
2026/2027,Kwara,52,cases,246.767900316,5.7932,0.0,0.0,5.7932,11.6451625,695.0963499999995
2026/2027,Lagos,1,cases,2023.519061244,12.8291,0.0,0.0,12.8291,18.681062500000003,702.1322499999995
2026/2027,Lagos,2,cases,1063.620773214,6.74335,0.0,0.0,6.74335,12.595312500000002,696.0464999999995
2026/2027,Lagos,3,cases,749.8350189180002,4.753950000000001,0.0,0.0,4.753950000000001,10.605912500000002,694.0570999999995
2026/2027,Lagos,4,cases,790.7577664559999,5.0134,0.0,0.0,5.0134,10.8653625,694.3165499999996
2026/2027,Lagos,5,cases,979.4487777480002,6.209700000000001,0.0,0.0,6.209700000000001,12.0616625,695.5128499999995
2026/2027,Lagos,6,cases,1561.247376972,9.8983,0.0,0.0,9.8983,15.750262500000002,699.2014499999995
2026/2027,Lagos,7,cases,1085.4662175540002,6.881850000000001,0.0,0.0,6.881850000000001,12.733812500000004,696.1849999999995
2026/2027,Lagos,8,cases,1901.689305228,12.0567,0.0,0.0,12.0567,17.9086625,701.3598499999995
2026/2027,Lagos,9,cases,2763.29098017,17.51925,0.0,0.1876125000000001,17.51925,23.3712125,706.8223999999996
2026/2027,Lagos,10,cases,5355.848377482,33.95605,0.0,16.6244125,33.95605,39.8080125,723.2591999999995
2026/2027,Lagos,11,cases,19456.861878576,123.3564,0.0,106.0247625,123.3564,129.20836250000002,812.6595499999995
2026/2027,Lagos,12,cases,56691.830272956,359.4259,74.5016,342.0942625,359.4259,365.2778625,1048.7290499999997
2026/2027,Lagos,13,cases,152845.168677942,969.03755,684.11325,951.7059125,969.03755,974.8895125,1658.3406999999995
2026/2027,Lagos,14,cases,285790.706964102,1811.91155,1526.98725,1794.5799125,1811.91155,1817.7635125,2501.2146999999995
2026/2027,Lagos,15,cases,500472.01625871606,3172.9899000000005,2888.0656000000004,3155.6582625000005,3172.9899000000005,3178.8418625000004,3862.29305
2026/2027,Lagos,16,cases,280622.39817738,1779.1445,1494.2201999999995,1761.8128625,1779.1445,1784.9964624999998,2468.447649999999
2026/2027,Lagos,17,cases,152318.08621331403,965.69585,680.77155,948.3642125,965.69585,971.5478125,1654.9989999999996
2026/2027,Lagos,18,cases,51052.22771231401,323.67085000000003,38.74655000000001,306.33921250000003,323.67085000000003,329.52281250000004,1012.9739999999996
2026/2027,Lagos,19,cases,10170.292511664,64.4796,0.0,47.147962500000006,64.4796,70.3315625,753.7827499999995
2026/2027,Lagos,20,cases,3014.5609087319995,19.1123,0.0,1.7806624999999985,19.1123,24.9642625,708.4154499999995
2026/2027,Lagos,21,cases,1260.955324938,7.99445,0.0,0.0,7.99445,13.8464125,697.2975999999995
2026/2027,Lagos,22,cases,2229.465607632,14.1348,0.0,0.0,14.1348,19.9867625,703.4379499999995
2026/2027,Lagos,23,cases,3438.362528928,21.7992,0.0,4.4675625,21.7992,27.6511625,711.1023499999995
2026/2027,Lagos,24,cases,7918.334771448,50.202200000000005,0.0,32.870562500000005,50.202200000000005,56.0541625,739.5053499999995
2026/2027,Lagos,25,cases,14424.736172310002,91.45275,0.0,74.12111250000001,91.45275,97.3047125,780.7558999999995
2026/2027,Lagos,26,cases,29461.397152284004,186.7851,0.0,169.4534625,186.7851,192.6370625,876.0882499999996
2026/2027,Lagos,27,cases,37833.620320158,239.86495,0.0,222.5333125,239.86495,245.7169125,929.1680999999996
2026/2027,Lagos,28,cases,88853.12718461399,563.32835,278.40405,545.9967125000001,563.32835,569.1803125,1252.6314999999995
2026/2027,Lagos,29,cases,56648.13149783401,359.14885000000004,74.22455000000002,341.81721250000004,359.14885000000004,365.00081250000005,1048.4519999999995
2026/2027,Lagos,30,cases,46480.914698550005,294.68875,9.76445000000001,277.3571125,294.68875,300.54071250000004,983.9918999999996
2026/2027,Lagos,31,cases,24518.979723768,155.4502,0.0,138.1185625,155.4502,161.3021625,844.7533499999995
2026/2027,Lagos,32,cases,5405.7222366900005,34.27225,0.0,16.9406125,34.27225,40.1242125,723.5753999999995
2026/2027,Lagos,33,cases,1188.376399212,7.534300000000001,0.0,0.0,7.534300000000001,13.3862625,696.8374499999995
2026/2027,Lagos,34,cases,636.3964371900001,4.034750000000001,0.0,0.0,4.034750000000001,9.886712500000002,693.3378999999995
2026/2027,Lagos,35,cases,820.134762906,5.19965,0.0,0.0,5.19965,11.0516125,694.5027999999995
2026/2027,Lagos,36,cases,993.691692,6.3,0.0,0.0,6.3,12.1519625,695.6031499999995
2026/2027,Lagos,37,cases,996.917246778,6.32045,0.0,0.0,6.32045,12.1724125,695.6235999999996
2026/2027,Lagos,38,cases,742.958041494,4.71035,0.0,0.0,4.71035,10.5623125,694.0134999999995
2026/2027,Lagos,39,cases,847.8871523040001,5.3756,0.0,0.0,5.3756,11.2275625,694.6787499999995
2026/2027,Lagos,40,cases,655.5368319240001,4.1561,0.0,0.0,4.1561,10.0080625,693.4592499999995
2026/2027,Lagos,41,cases,1341.8702198580002,8.50745,0.0,0.0,8.50745,14.3594125,697.8105999999995
2026/2027,Lagos,42,cases,898.928204928,5.6992,0.0,0.0,5.6992,11.5511625,695.0023499999995
2026/2027,Lagos,43,cases,778.1315728139999,4.93335,0.0,0.0,4.93335,10.7853125,694.2364999999995
2026/2027,Lagos,44,cases,738.809773002,4.68405,0.0,0.0,4.68405,10.536012500000002,693.9871999999995
2026/2027,Lagos,45,cases,1009.7484879120004,6.4018000000000015,0.0,0.0,6.4018000000000015,12.253762500000002,695.7049499999995
2026/2027,Lagos,46,cases,742.760880444,4.7091,0.0,0.0,4.7091,10.561062500000002,694.0122499999995
2026/2027,Lagos,47,cases,594.606181032,3.7698,0.0,0.0,3.7698,9.6217625,693.0729499999995
2026/2027,Lagos,48,cases,1150.142928396,7.291900000000001,0.0,0.0,7.291900000000001,13.1438625,696.5950499999996
2026/2027,Lagos,49,cases,997.887279144,6.3266,0.0,0.0,6.3266,12.178562500000002,695.6297499999995
2026/2027,Lagos,50,cases,760.5842393639999,4.8221,0.0,0.0,4.8221,10.674062500000002,694.1252499999995
2026/2027,Lagos,51,cases,625.4106234840001,3.9651,0.0,0.0,3.9651,9.8170625,693.2682499999995
2026/2027,Lagos,52,cases,751.8302887440001,4.7666,0.0,0.0,4.7666,10.6185625,694.0697499999995
2026/2027,Nasarawa,1,cases,1362.648989806,37.5154,0.0,20.1837625,37.5154,43.3673625,726.8185499999995
2026/2027,Nasarawa,2,cases,170.203087301,4.6859,0.0,0.0,4.6859,10.5378625,693.9890499999995
2026/2027,Nasarawa,3,cases,272.0928396095,7.491049999999999,0.0,0.0,7.491049999999999,13.3430125,696.7941999999995
2026/2027,Nasarawa,4,cases,193.70730587,5.333,0.0,0.0,5.333,11.1849625,694.6361499999995
2026/2027,Nasarawa,5,cases,259.243794147,7.137300000000001,0.0,0.0,7.137300000000001,12.989262500000002,696.4404499999995
2026/2027,Nasarawa,6,cases,291.748700958,8.0322,0.0,0.0,8.0322,13.8841625,697.3353499999995
2026/2027,Nasarawa,7,cases,287.8059055235,7.92365,0.0,0.0,7.92365,13.7756125,697.2267999999995
2026/2027,Nasarawa,8,cases,420.53699918100006,11.5779,0.0,0.0,11.5779,17.429862500000002,700.8810499999995
2026/2027,Nasarawa,9,cases,273.94346538,7.542,0.0,0.0,7.542,13.3939625,696.8451499999995
2026/2027,Nasarawa,10,cases,496.6378545895001,13.673050000000002,0.0,0.0,13.673050000000002,19.525012500000003,702.9761999999995
2026/2027,Nasarawa,11,cases,1316.4923127135005,36.24465000000001,0.0,18.913012500000008,36.24465000000001,42.096612500000006,725.5477999999995
2026/2027,Nasarawa,12,cases,2462.0514580870004,67.78330000000001,0.0,50.45166250000001,67.78330000000001,73.63526250000001,757.0864499999996
2026/2027,Nasarawa,13,cases,8095.3000037845,222.87355,0.0,205.5419125,222.87355,228.72551250000004,912.1766999999996
2026/2027,Nasarawa,14,cases,20870.253239043,574.5837,289.6594,557.2520625,574.5837,580.4356625,1263.8868499999994
2026/2027,Nasarawa,15,cases,33647.5420039785,926.35815,641.43385,909.0265125,926.35815,932.2101125,1615.6612999999995
2026/2027,Nasarawa,16,cases,72432.64816180251,1994.1597500000005,1709.23545,1976.8281125000003,1994.1597500000005,2000.0117125,2683.4628999999995
2026/2027,Nasarawa,17,cases,65642.509701171,1807.2189000000003,1522.2946000000002,1789.8872625000004,1807.2189000000003,1813.0708625,2496.52205
2026/2027,Nasarawa,18,cases,37287.563076036,1026.5724,741.6481,1009.2407625,1026.5724,1032.4243625,1715.8755499999995
2026/2027,Nasarawa,19,cases,8957.798763888002,246.61920000000003,0.0,229.28756250000004,246.61920000000003,252.47116250000005,935.9223499999996
2026/2027,Nasarawa,20,cases,1889.051226881,52.0079,0.0,34.6762625,52.0079,57.8598625,741.3110499999995
2026/2027,Nasarawa,21,cases,1048.8035628915002,28.87485,0.0,11.543212500000005,28.87485,34.7268125,718.1779999999995
2026/2027,Nasarawa,22,cases,602.6483820435,16.59165,0.0,0.0,16.59165,22.4436125,705.8947999999995
2026/2027,Nasarawa,23,cases,1274.5435845025002,35.08975,0.0,17.758112500000003,35.08975,40.9417125,724.3928999999995
2026/2027,Nasarawa,24,cases,2912.4944970745005,80.18455,0.0,62.8529125,80.18455,86.0365125,769.4876999999994
2026/2027,Nasarawa,25,cases,8125.801730787,223.7133,0.0,206.3816625,223.7133,229.5652625,913.0164499999996
2026/2027,Nasarawa,26,cases,13015.391111983,358.3297,73.40539999999999,340.9980625,358.3297,364.1816625,1047.6328499999995
2026/2027,Nasarawa,27,cases,16227.285621469002,446.7571,161.83280000000002,429.4254625,446.7571,452.6090625000001,1136.0602499999995
2026/2027,Nasarawa,28,cases,27861.599579079502,767.0640500000001,482.1397500000001,749.7324125,767.0640500000001,772.9160125000001,1456.3671999999997
2026/2027,Nasarawa,29,cases,25251.390908302,695.2018,410.2775,677.8701625000001,695.2018,701.0537625000001,1384.5049499999996
2026/2027,Nasarawa,30,cases,11532.805590397,317.5123,32.587999999999965,300.1806625,317.5123,323.3642625,1006.8154499999996
2026/2027,Nasarawa,31,cases,9584.2964272055,263.86745,0.0,246.5358125,263.86745,269.71941250000003,953.1705999999996
2026/2027,Nasarawa,32,cases,3106.205435183501,85.51765000000002,0.0,68.18601250000002,85.51765000000002,91.36961250000002,774.8207999999995
2026/2027,Nasarawa,33,cases,630.309698148,17.3532,0.0,0.0215625000000017,17.3532,23.2051625,706.6563499999995
2026/2027,Nasarawa,34,cases,165.746330048,4.5632,0.0,0.0,4.5632,10.4151625,693.8663499999996
2026/2027,Nasarawa,35,cases,267.9448226715,7.37685,0.0,0.0,7.37685,13.2288125,696.6799999999995
2026/2027,Nasarawa,36,cases,249.5656933315,6.87085,0.0,0.0,6.87085,12.7228125,696.1739999999995
2026/2027,Nasarawa,37,cases,259.9502646325,7.156750000000001,0.0,0.0,7.156750000000001,13.0087125,696.4598999999995
2026/2027,Nasarawa,38,cases,376.942866703,10.3777,0.0,0.0,10.3777,16.229662500000003,699.6808499999995
2026/2027,Nasarawa,39,cases,263.333695261,7.2499,0.0,0.0,7.2499,13.1018625,696.5530499999995
2026/2027,Nasarawa,40,cases,237.09984908350003,6.52765,0.0,0.0,6.52765,12.3796125,695.8307999999995
2026/2027,Nasarawa,41,cases,252.248101833,6.9447,0.0,0.0,6.9447,12.7966625,696.2478499999995
2026/2027,Nasarawa,42,cases,172.4568916005,4.74795,0.0,0.0,4.74795,10.599912500000002,694.0510999999995
2026/2027,Nasarawa,43,cases,386.7081412545,10.64655,0.0,0.0,10.64655,16.4985125,699.9496999999996
2026/2027,Nasarawa,44,cases,224.84104245850008,6.190150000000001,0.0,0.0,6.190150000000001,12.042112500000002,695.4932999999995
2026/2027,Nasarawa,45,cases,313.810920644,8.6396,0.0,0.0,8.6396,14.4915625,697.9427499999995
2026/2027,Nasarawa,46,cases,152.583095912,4.2008,0.0,0.0,4.2008,10.0527625,693.5039499999995
2026/2027,Nasarawa,47,cases,186.1540648695,5.12505,0.0,0.0,5.12505,10.9770125,694.4281999999995
2026/2027,Nasarawa,48,cases,371.890422254,10.2386,0.0,0.0,10.2386,16.0905625,699.5417499999995
2026/2027,Nasarawa,49,cases,304.9028544965,8.39435,0.0,0.0,8.39435,14.2463125,697.6974999999995
2026/2027,Nasarawa,50,cases,253.007239784,6.9656,0.0,0.0,6.9656,12.8175625,696.2687499999995
2026/2027,Nasarawa,51,cases,208.0528338005,5.72795,0.0,0.0,5.72795,11.5799125,695.0310999999995
2026/2027,Nasarawa,52,cases,201.19879880750003,5.539250000000001,0.0,0.0,5.539250000000001,11.391212500000002,694.8423999999995
2026/2027,Niger,1,cases,3279.8123098825004,48.80225,0.0,31.4706125,48.80225,54.6542125,738.1053999999995
2026/2027,Niger,2,cases,490.36309878800006,7.2964,0.0,0.0,7.2964,13.1483625,696.5995499999995
2026/2027,Niger,3,cases,458.8366844410001,6.827300000000001,0.0,0.0,6.827300000000001,12.679262500000002,696.1304499999995
2026/2027,Niger,4,cases,631.5094970220001,9.3966,0.0,0.0,9.3966,15.248562500000002,698.6997499999995
2026/2027,Niger,5,cases,398.687162291,5.9323,0.0,0.0,5.9323,11.7842625,695.2354499999996
2026/2027,Niger,6,cases,458.083975337,6.8161000000000005,0.0,0.0,6.8161000000000005,12.6680625,696.1192499999995
2026/2027,Niger,7,cases,634.6816282460001,9.4438,0.0,0.0,9.4438,15.295762500000002,698.7469499999995
2026/2027,Niger,8,cases,440.8691148915,6.559950000000001,0.0,0.0,6.559950000000001,12.4119125,695.8630999999995
2026/2027,Niger,9,cases,906.234878748,13.4844,0.0,0.0,13.4844,19.3363625,702.7875499999996
2026/2027,Niger,10,cases,875.508217824,13.0272,0.0,0.0,13.0272,18.8791625,702.3303499999995
2026/2027,Niger,11,cases,1394.601954287,20.7511,0.0,3.4194625000000016,20.7511,26.6030625,710.0542499999995
2026/2027,Niger,12,cases,5983.3518738660005,89.0298,0.0,71.6981625,89.0298,94.8817625,778.3329499999995
2026/2027,Niger,13,cases,12722.390085063,189.3039,0.0,171.9722625,189.3039,195.1558625,878.6070499999995
2026/2027,Niger,14,cases,43115.6445600015,641.54295,356.61865,624.2113125000001,641.54295,647.3949125,1330.8460999999995
2026/2027,Niger,15,cases,101574.13850169552,1511.3811500000002,1226.45685,1494.0495125000002,1511.3811500000002,1517.2331125,2200.6843
2026/2027,Niger,16,cases,126642.4028250135,1884.38655,1599.46225,1867.0549125,1884.38655,1890.2385125,2573.6897
2026/2027,Niger,17,cases,116674.08798346552,1736.0621500000002,1451.13785,1718.7305125000005,1736.0621500000002,1741.9141125,2425.3652999999995
2026/2027,Niger,18,cases,62988.838339234506,937.24785,652.3235500000001,919.9162125,937.24785,943.0998125,1626.5509999999997
2026/2027,Niger,19,cases,16981.097224389,252.6717,0.0,235.3400625,252.6717,258.5236625,941.9748499999996
2026/2027,Niger,20,cases,4715.903993219001,70.17070000000001,0.0,52.83906250000001,70.17070000000001,76.02266250000001,759.4738499999995
2026/2027,Niger,21,cases,1359.385921207,20.2271,0.0,2.8954625000000007,20.2271,26.0790625,709.5302499999995
2026/2027,Niger,22,cases,2302.335530626,34.2578,0.0,16.926162500000004,34.2578,40.1097625,723.5609499999995
2026/2027,Niger,23,cases,2155.933609898,32.0794,0.0,14.7477625,32.0794,37.9313625,721.3825499999995
2026/2027,Niger,24,cases,6075.121899001,90.3953,0.0,73.0636625,90.3953,96.2472625,779.6984499999995
2026/2027,Niger,25,cases,6540.8304143245,97.32485,0.0,79.9932125,97.32485,103.1768125,786.6279999999995
2026/2027,Niger,26,cases,15806.508108831,235.1943,0.0,217.8626625,235.1943,241.0462625,924.4974499999996
2026/2027,Niger,27,cases,43546.59740450951,647.9553500000001,363.0310500000001,630.6237125,647.9553500000001,653.8073125000001,1337.2584999999997
2026/2027,Niger,28,cases,53271.32684320101,792.6553000000001,507.7310000000001,775.3236625000002,792.6553000000001,798.5072625000001,1481.9584499999996
2026/2027,Niger,29,cases,90397.9002842695,1345.08335,1060.1590500000002,1327.7517125000002,1345.08335,1350.9353125,2034.3865
2026/2027,Niger,30,cases,51634.796118148006,768.3044000000001,483.3801000000001,750.9727625,768.3044000000001,774.1563625000001,1457.6075499999995
2026/2027,Niger,31,cases,16883.2416805605,251.21565,0.0,233.8840125,251.21565,257.0676125,940.5187999999996
2026/2027,Niger,32,cases,4845.669026563502,72.10155000000002,0.0,54.76991250000002,72.10155000000002,77.95351250000002,761.4046999999995
2026/2027,Niger,33,cases,1084.747907502,16.1406,0.0,0.0,16.1406,21.9925625,705.4437499999995
2026/2027,Niger,34,cases,642.1515940415001,9.55495,0.0,0.0,9.55495,15.4069125,698.8580999999995
2026/2027,Niger,35,cases,424.507772805,6.3165,0.0,0.0,6.3165,12.1684625,695.6196499999995
2026/2027,Niger,36,cases,472.2611168985,7.027050000000001,0.0,0.0,7.027050000000001,12.879012500000002,696.3301999999995
2026/2027,Niger,37,cases,655.3374445955001,9.75115,0.0,0.0,9.75115,15.603112500000002,699.0542999999996
2026/2027,Niger,38,cases,585.3287773065,8.70945,0.0,0.0,8.70945,14.5614125,698.0125999999995
2026/2027,Niger,39,cases,499.3317621745,7.42985,0.0,0.0,7.42985,13.2818125,696.7329999999995
2026/2027,Niger,40,cases,552.0953262415001,8.21495,0.0,0.0,8.21495,14.0669125,697.5180999999995
2026/2027,Niger,41,cases,569.3505103890001,8.4717,0.0,0.0,8.4717,14.3236625,697.7748499999996
2026/2027,Niger,42,cases,457.0254781595,6.800350000000001,0.0,0.0,6.800350000000001,12.6523125,696.1034999999995
2026/2027,Niger,43,cases,453.4333083730001,6.7469,0.0,0.0,6.7469,12.5988625,696.0500499999995
2026/2027,Niger,44,cases,400.790715412,5.9636,0.0,0.0,5.9636,11.8155625,695.2667499999995
2026/2027,Niger,45,cases,841.212909273,12.5169,0.0,0.0,12.5169,18.3688625,701.8200499999995
2026/2027,Niger,46,cases,316.6586714975,4.71175,0.0,0.0,4.71175,10.5637125,694.0148999999996
2026/2027,Niger,47,cases,429.299572726,6.3878,0.0,0.0,6.3878,12.2397625,695.6909499999995
2026/2027,Niger,48,cases,448.03329261350007,6.666550000000001,0.0,0.0,6.666550000000001,12.518512500000002,695.9696999999995
2026/2027,Niger,49,cases,526.08989876,7.828,0.0,0.0,7.828,13.679962500000002,697.1311499999995
2026/2027,Niger,50,cases,513.273682141,7.6373,0.0,0.0,7.6373,13.4892625,696.9404499999995
2026/2027,Niger,51,cases,538.9027550705001,8.018650000000001,0.0,0.0,8.018650000000001,13.870612500000002,697.3217999999995
2026/2027,Niger,52,cases,269.4127339875,4.00875,0.0,0.0,4.00875,9.860712500000002,693.3118999999995
2026/2027,Ogun,1,cases,1436.9063858625,22.29395,0.0,4.962312500000003,22.29395,28.1459125,711.5970999999995
2026/2027,Ogun,2,cases,470.3600563125,7.297750000000001,0.0,0.0,7.297750000000001,13.1497125,696.6008999999995
2026/2027,Ogun,3,cases,352.36318425,5.4670000000000005,0.0,0.0,5.4670000000000005,11.3189625,694.7701499999995
2026/2027,Ogun,4,cases,296.385970875,4.5985000000000005,0.0,0.0,4.5985000000000005,10.4504625,693.9016499999994
2026/2027,Ogun,5,cases,335.044730325,5.1983,0.0,0.0,5.1983,11.0502625,694.5014499999995
2026/2027,Ogun,6,cases,564.9928065000001,8.766000000000002,0.0,0.0,8.766000000000002,14.617962500000004,698.0691499999995
2026/2027,Ogun,7,cases,384.054601425,5.9587,0.0,0.0,5.9587,11.8106625,695.2618499999995
2026/2027,Ogun,8,cases,702.72833325,10.903,0.0,0.0,10.903,16.7549625,700.2061499999995
2026/2027,Ogun,9,cases,1107.3079129125,17.18015,0.0,0.0,17.18015,23.032112500000004,706.4832999999995
2026/2027,Ogun,10,cases,1653.4031731125,25.65295,0.0,8.321312500000001,25.65295,31.504912500000003,714.9560999999995
2026/2027,Ogun,11,cases,3112.5618709125,48.29215,0.0,30.9605125,48.29215,54.1441125,737.5952999999995
2026/2027,Ogun,12,cases,15251.357553375,236.62850000000003,0.0,219.29686250000003,236.62850000000003,242.48046250000004,925.9316499999996
2026/2027,Ogun,13,cases,42400.531624875,657.8544999999999,372.9301999999999,640.5228625,657.8544999999999,663.7064624999999,1347.1576499999994
2026/2027,Ogun,14,cases,144206.254140975,2237.3949,1952.4706,2220.0632625000003,2237.3949,2243.2468625,2926.69805
2026/2027,Ogun,15,cases,258648.99531967507,4013.0017000000007,3728.0774000000006,3995.6700625000008,4013.0017000000007,4018.8536625000006,4702.30485
2026/2027,Ogun,16,cases,151932.8530336125,2357.27495,2072.35065,2339.9433125,2357.27495,2363.1269125,3046.5781
2026/2027,Ogun,17,cases,76576.8246743625,1188.10795,903.18365,1170.7763125,1188.10795,1193.9599125,1877.4111
2026/2027,Ogun,18,cases,25267.904646037503,392.03765,107.11335000000004,374.7060125,392.03765,397.88961250000006,1081.3407999999995
2026/2027,Ogun,19,cases,3326.1840655125,51.60655,0.0,34.2749125,51.60655,57.4585125,740.9096999999995
2026/2027,Ogun,20,cases,710.8622703,11.0292,0.0,0.0,11.0292,16.881162500000002,700.3323499999995
2026/2027,Ogun,21,cases,742.3925556,11.5184,0.0,0.0,11.5184,17.3703625,700.8215499999995
2026/2027,Ogun,22,cases,603.26484945,9.359800000000002,0.0,0.0,9.359800000000002,15.211762500000004,698.6629499999995
2026/2027,Ogun,23,cases,1128.3001735875002,17.505850000000002,0.0,0.174212500000003,17.505850000000002,23.3578125,706.8089999999995
2026/2027,Ogun,24,cases,2865.1084278375006,44.452850000000005,0.0,27.12121250000001,44.452850000000005,50.3048125,733.7559999999995
2026/2027,Ogun,25,cases,7290.914415825001,113.1203,0.0,95.78866250000002,113.1203,118.9722625,802.4234499999995
2026/2027,Ogun,26,cases,9432.5407249125,146.34815,0.0,129.0165125,146.34815,152.20011250000002,835.6512999999995
2026/2027,Ogun,27,cases,22600.2375499125,350.64815,65.72384999999997,333.3165125,350.64815,356.5001125,1039.9512999999995
2026/2027,Ogun,28,cases,25377.345415537504,393.7356500000001,108.81135000000006,376.4040125000001,393.7356500000001,399.5876125000001,1083.0387999999996
2026/2027,Ogun,29,cases,20403.832848600003,316.5704,31.64609999999999,299.2387625,316.5704,322.4223625,1005.8735499999996
2026/2027,Ogun,30,cases,19609.34958045,304.2438,19.319500000000005,286.9121625,304.2438,310.09576250000003,993.5469499999996
2026/2027,Ogun,31,cases,12352.4114317875,191.65065,0.0,174.3190125,191.65065,197.50261250000003,880.9537999999995
2026/2027,Ogun,32,cases,3299.5715250375,51.193650000000005,0.0,33.862012500000006,51.193650000000005,57.0456125,740.4967999999996
2026/2027,Ogun,33,cases,629.6808090375,9.76965,0.0,0.0,9.76965,15.6216125,699.0727999999995
2026/2027,Ogun,34,cases,361.5767048625,5.60995,0.0,0.0,5.60995,11.4619125,694.9130999999995
2026/2027,Ogun,35,cases,388.153796325,6.0223,0.0,0.0,6.0223,11.8742625,695.3254499999995
2026/2027,Ogun,36,cases,394.80854276250005,6.1255500000000005,0.0,0.0,6.1255500000000005,11.9775125,695.4286999999995
2026/2027,Ogun,37,cases,368.0670967875,5.71065,0.0,0.0,5.71065,11.5626125,695.0137999999995
2026/2027,Ogun,38,cases,347.69680515,5.3946000000000005,0.0,0.0,5.3946000000000005,11.2465625,694.6977499999995
2026/2027,Ogun,39,cases,338.1352396875,5.24625,0.0,0.0,5.24625,11.0982125,694.5493999999995
2026/2027,Ogun,40,cases,373.1008565625,5.78875,0.0,0.0,5.78875,11.6407125,695.0918999999996
2026/2027,Ogun,41,cases,435.4975638375,6.75685,0.0,0.0,6.75685,12.6088125,696.0599999999995
2026/2027,Ogun,42,cases,402.6041028750001,6.246500000000001,0.0,0.0,6.246500000000001,12.098462500000002,695.5496499999995
2026/2027,Ogun,43,cases,347.48733371250006,5.39135,0.0,0.0,5.39135,11.243312500000002,694.6944999999995
2026/2027,Ogun,44,cases,282.25792807500005,4.379300000000001,0.0,0.0,4.379300000000001,10.2312625,693.6824499999996
2026/2027,Ogun,45,cases,437.36347095,6.7858,0.0,0.0,6.7858,12.6377625,696.0889499999995
2026/2027,Ogun,46,cases,324.4196944875,5.03345,0.0,0.0,5.03345,10.8854125,694.3365999999995
2026/2027,Ogun,47,cases,252.0618147,3.9108,0.0,0.0,3.9108,9.7627625,693.2139499999995
2026/2027,Ogun,48,cases,340.26862571250007,5.279350000000001,0.0,0.0,5.279350000000001,11.131312500000002,694.5824999999995
2026/2027,Ogun,49,cases,416.6451344625,6.46435,0.0,0.0,6.46435,12.3163125,695.7674999999995
2026/2027,Ogun,50,cases,357.4871778750001,5.546500000000001,0.0,0.0,5.546500000000001,11.3984625,694.8496499999995
2026/2027,Ogun,51,cases,367.309776975,5.6989,0.0,0.0,5.6989,11.5508625,695.0020499999995
2026/2027,Ogun,52,cases,388.1505736875,6.02225,0.0,0.0,6.02225,11.8742125,695.3253999999995
2026/2027,Ondo,1,cases,1139.4903850425,20.83275,0.0,3.5011125000000014,20.83275,26.684712500000003,710.1358999999995
2026/2027,Ondo,2,cases,322.554091497,5.8971,0.0,0.0,5.8971,11.7490625,695.2002499999995
2026/2027,Ondo,3,cases,274.059669235,5.0105,0.0,0.0,5.0105,10.8624625,694.3136499999995
2026/2027,Ondo,4,cases,356.1845849865,6.511950000000001,0.0,0.0,6.511950000000001,12.3639125,695.8150999999995
2026/2027,Ondo,5,cases,341.265959144,6.2392,0.0,0.0,6.2392,12.0911625,695.5423499999995
2026/2027,Ondo,6,cases,245.3956697015,4.48645,0.0,0.0,4.48645,10.3384125,693.7895999999995
2026/2027,Ondo,7,cases,499.0041044635001,9.12305,0.0,0.0,9.12305,14.975012500000002,698.4261999999995
2026/2027,Ondo,8,cases,476.0997064010001,8.7043,0.0,0.0,8.7043,14.5562625,698.0074499999995
2026/2027,Ondo,9,cases,882.5891866665002,16.13595,0.0,0.0,16.13595,21.9879125,705.4390999999995
2026/2027,Ondo,10,cases,1786.9560117535002,32.67005,0.0,15.338412500000004,32.67005,38.5220125,721.9731999999995
2026/2027,Ondo,11,cases,5708.232717709501,104.36085,0.0,87.02921250000001,104.36085,110.2128125,793.6639999999995
2026/2027,Ondo,12,cases,15413.7464549935,281.80205,0.0,264.4704125,281.80205,287.6540125,971.1051999999996
2026/2027,Ondo,13,cases,31394.553843798003,573.9714,289.0471,556.6397625,573.9714,579.8233625,1263.2745499999996
2026/2027,Ondo,14,cases,79851.0847105555,1459.87865,1174.95435,1442.5470125000002,1459.87865,1465.7306125,2149.1817999999994
2026/2027,Ondo,15,cases,166046.88459387553,3035.7546500000003,2750.83035,3018.4230125000004,3035.7546500000003,3041.6066125,3725.0578
2026/2027,Ondo,16,cases,152169.239713348,2782.0364,2497.1121,2764.7047625,2782.0364,2787.8883625,3471.33955
2026/2027,Ondo,17,cases,68222.7447047845,1247.2833500000002,962.35905,1229.9517125000002,1247.2833500000002,1253.1353125,1936.5865
2026/2027,Ondo,18,cases,24540.857821002,448.6686,163.7443,431.3369625,448.6686,454.5205625,1137.9717499999997
2026/2027,Ondo,19,cases,4034.297261697,73.75710000000001,0.0,56.42546250000001,73.75710000000001,79.60906250000001,763.0602499999995
2026/2027,Ondo,20,cases,733.5451406235001,13.41105,0.0,0.0,13.41105,19.2630125,702.7141999999996
2026/2027,Ondo,21,cases,596.4305255475,10.90425,0.0,0.0,10.90425,16.756212500000004,700.2073999999996
2026/2027,Ondo,22,cases,687.3917529574999,12.56725,0.0,0.0,12.56725,18.4192125,701.8703999999994
2026/2027,Ondo,23,cases,1535.7433086575,28.07725,0.0,10.7456125,28.07725,33.9292125,717.3803999999996
2026/2027,Ondo,24,cases,3423.7029298730004,62.593900000000005,0.0,45.262262500000006,62.593900000000005,68.4458625,751.8970499999995
2026/2027,Ondo,25,cases,3984.8100876145,72.85235,0.0,55.5207125,72.85235,78.7043125,762.1554999999995
2026/2027,Ondo,26,cases,10983.00756479,200.79700000000005,0.0,183.46536250000003,200.79700000000005,206.64896250000004,890.1001499999995
2026/2027,Ondo,27,cases,25644.239935284,468.8412,183.9169,451.5095625,468.8412,474.6931625,1158.1443499999996
2026/2027,Ondo,28,cases,32807.652647248,599.8063999999999,314.8820999999999,582.4747625,599.8063999999999,605.6583625,1289.1095499999994
2026/2027,Ondo,29,cases,28058.653385542504,512.98275,228.05845,495.6511125,512.98275,518.8347125,1202.2858999999994
2026/2027,Ondo,30,cases,10798.940984826,197.4318,0.0,180.1001625,197.4318,203.2837625,886.7349499999996
2026/2027,Ondo,31,cases,14210.646112394505,259.80635000000007,0.0,242.47471250000007,259.80635000000007,265.6583125000001,949.1094999999996
2026/2027,Ondo,32,cases,1441.8038257860003,26.359800000000003,0.0,9.028162500000004,26.359800000000003,32.211762500000006,715.6629499999995
2026/2027,Ondo,33,cases,638.5089814985001,11.673550000000002,0.0,0.0,11.673550000000002,17.525512500000005,700.9766999999995
2026/2027,Ondo,34,cases,338.14549130050005,6.18215,0.0,0.0,6.18215,12.0341125,695.4852999999995
2026/2027,Ondo,35,cases,278.7937006435,5.09705,0.0,0.0,5.09705,10.949012500000002,694.4001999999995
2026/2027,Ondo,36,cases,249.188911506,4.5558,0.0,0.0,4.5558,10.4077625,693.8589499999995
2026/2027,Ondo,37,cases,431.7321780705,7.89315,0.0,0.0,7.89315,13.7451125,697.1962999999995
2026/2027,Ondo,38,cases,270.49342027100005,4.9453000000000005,0.0,0.0,4.9453000000000005,10.797262500000002,694.2484499999995
2026/2027,Ondo,39,cases,301.692628999,5.515700000000001,0.0,0.0,5.515700000000001,11.367662500000002,694.8188499999995
2026/2027,Ondo,40,cases,239.332499492,4.3756,0.0,0.0,4.3756,10.2275625,693.6787499999995
2026/2027,Ondo,41,cases,218.5558174525,3.99575,0.0,0.0,3.99575,9.8477125,693.2988999999995
2026/2027,Ondo,42,cases,361.1401395285,6.60255,0.0,0.0,6.60255,12.4545125,695.9056999999995
2026/2027,Ondo,43,cases,298.202955933,5.4519,0.0,0.0,5.4519,11.3038625,694.7550499999995
2026/2027,Ondo,44,cases,282.9999053265,5.17395,0.0,0.0,5.17395,11.0259125,694.4770999999995
2026/2027,Ondo,45,cases,266.287215588,4.8684,0.0,0.0,4.8684,10.7203625,694.1715499999995
2026/2027,Ondo,46,cases,377.502768019,6.9017,0.0,0.0,6.9017,12.7536625,696.2048499999995
2026/2027,Ondo,47,cases,247.591757062,4.5266,0.0,0.0,4.5266,10.3785625,693.8297499999995
2026/2027,Ondo,48,cases,358.468187659,6.5537,0.0,0.0,6.5537,12.405662500000002,695.8568499999996
2026/2027,Ondo,49,cases,337.62039942850004,6.17255,0.0,0.0,6.17255,12.0245125,695.4756999999995
2026/2027,Ondo,50,cases,380.2130078375,6.95125,0.0,0.0,6.95125,12.8032125,696.2543999999995
2026/2027,Ondo,51,cases,312.19720129250004,5.707750000000001,0.0,0.0,5.707750000000001,11.559712500000002,695.0108999999995
2026/2027,Ondo,52,cases,360.25951670150005,6.586450000000001,0.0,0.0,6.586450000000001,12.438412500000002,695.8895999999995
2026/2027,Osun,1,cases,1000.6462345139998,23.61465,0.0,6.283012499999998,23.61465,29.4666125,712.9177999999995
2026/2027,Osun,2,cases,271.636151882,6.41045,0.0,0.0,6.41045,12.2624125,695.7135999999995
2026/2027,Osun,3,cases,169.66745453800002,4.00405,0.0,0.0,4.00405,9.856012500000002,693.3071999999995
2026/2027,Osun,4,cases,176.38372719800003,4.16255,0.0,0.0,4.16255,10.014512500000002,693.4656999999995
2026/2027,Osun,5,cases,281.85039494,6.6515,0.0,0.0,6.6515,12.5034625,695.9546499999996
2026/2027,Osun,6,cases,330.01687527200005,7.788200000000001,0.0,0.0,7.788200000000001,13.640162500000002,697.0913499999995
2026/2027,Osun,7,cases,274.86081023799994,6.486549999999999,0.0,0.0,6.486549999999999,12.3385125,695.7896999999995
2026/2027,Osun,8,cases,468.098780026,11.04685,0.0,0.0,11.04685,16.8988125,700.3499999999995
2026/2027,Osun,9,cases,744.389711414,17.567149999999998,0.0,0.2355124999999986,17.567149999999998,23.4191125,706.8702999999995
2026/2027,Osun,10,cases,1779.0516423180002,41.984550000000006,0.0,24.652912500000006,41.984550000000006,47.836512500000005,731.2876999999995
2026/2027,Osun,11,cases,3871.4968554,91.365,0.0,74.03336250000001,91.365,97.2169625,780.6681499999995
2026/2027,Osun,12,cases,15252.551394658,359.95105,75.02674999999999,342.6194125,359.95105,365.8030125,1049.2541999999994
2026/2027,Osun,13,cases,29344.297816888004,692.5078000000001,407.5835000000001,675.1761625000001,692.5078000000001,698.3597625000001,1381.8109499999996
2026/2027,Osun,14,cases,69118.000948468,1631.1433,1346.219,1613.8116625,1631.1433,1636.9952625,2320.4464499999995
2026/2027,Osun,15,cases,115553.29102597,2726.9882500000003,2442.06395,2709.6566125000004,2726.9882500000003,2732.8402125,3416.2914
2026/2027,Osun,16,cases,98957.114327162,2335.32845,2050.40415,2317.9968125,2335.32845,2341.1804125,3024.6316
2026/2027,Osun,17,cases,51035.892356944,1204.4164,919.4921,1187.0847625,1204.4164,1210.2683625,1893.71955
2026/2027,Osun,18,cases,18239.544802508,430.4423000000001,145.51800000000003,413.1106625000001,430.4423000000001,436.29426250000006,1119.7454499999994
2026/2027,Osun,19,cases,3172.6485574960006,74.8726,0.0,57.540962500000006,74.8726,80.7245625,764.1757499999995
2026/2027,Osun,20,cases,558.10742716,13.171,0.0,0.0,13.171,19.0229625,702.4741499999996
2026/2027,Osun,21,cases,367.60469649,8.67525,0.0,0.0,8.67525,14.5272125,697.9783999999995
2026/2027,Osun,22,cases,366.45000608,8.648,0.0,0.0,8.648,14.4999625,697.9511499999995
2026/2027,Osun,23,cases,1435.58739084,33.879000000000005,0.0,16.547362500000006,33.879000000000005,39.7309625,723.1821499999995
2026/2027,Osun,24,cases,2110.697796352,49.8112,0.0,32.4795625,49.8112,55.6631625,739.1143499999995
2026/2027,Osun,25,cases,3103.5578157160003,73.24210000000001,0.0,55.91046250000001,73.24210000000001,79.0940625,762.5452499999996
2026/2027,Osun,26,cases,7829.254381172,184.7657,0.0,167.4340625,184.7657,190.6176625,874.0688499999995
2026/2027,Osun,27,cases,16842.333388542,397.46895,112.54465,380.1373125,397.46895,403.3209125,1086.7720999999997
2026/2027,Osun,28,cases,24486.752556194,577.87265,292.94835,560.5410125000001,577.87265,583.7246125,1267.1757999999995
2026/2027,Osun,29,cases,26316.415656336,621.0516,336.1273,603.7199625000001,621.0516,626.9035625,1310.3547499999995
2026/2027,Osun,30,cases,9978.717994830002,235.49175,0.0,218.16011250000005,235.49175,241.34371250000004,924.7948999999996
2026/2027,Osun,31,cases,6338.248206746001,149.57885000000002,0.0,132.24721250000002,149.57885000000002,155.43081250000003,838.8819999999995
2026/2027,Osun,32,cases,2203.888727882,52.010450000000006,0.0,34.67881250000001,52.010450000000006,57.862412500000005,741.3135999999995
2026/2027,Osun,33,cases,545.5054114559999,12.8736,0.0,0.0,12.8736,18.7255625,702.1767499999995
2026/2027,Osun,34,cases,269.998398328,6.3718,0.0,0.0,6.3718,12.2237625,695.6749499999995
2026/2027,Osun,35,cases,140.84044955,3.3237499999999995,0.0,0.0,3.3237499999999995,9.1757125,692.6268999999995
2026/2027,Osun,36,cases,288.257337692,6.802700000000001,0.0,0.0,6.802700000000001,12.6546625,696.1058499999995
2026/2027,Osun,37,cases,197.26349598800005,4.6553,0.0,0.0,4.6553,10.5072625,693.9584499999995
2026/2027,Osun,38,cases,164.81351742,3.8895,0.0,0.0,3.8895,9.7414625,693.1926499999995
2026/2027,Osun,39,cases,218.83396032600004,5.164350000000001,0.0,0.0,5.164350000000001,11.016312500000002,694.4674999999995
2026/2027,Osun,40,cases,207.755288484,4.9029,0.0,0.0,4.9029,10.754862500000002,694.2060499999995
2026/2027,Osun,41,cases,226.16041800999997,5.337249999999999,0.0,0.0,5.337249999999999,11.1892125,694.6403999999995
2026/2027,Osun,42,cases,180.805449924,4.2669,0.0,0.0,4.2669,10.1188625,693.5700499999995
2026/2027,Osun,43,cases,256.169656482,6.04545,0.0,0.0,6.04545,11.897412500000002,695.3485999999995
2026/2027,Osun,44,cases,137.75350656400002,3.250900000000001,0.0,0.0,3.250900000000001,9.1028625,692.5540499999995
2026/2027,Osun,45,cases,222.598886672,5.2532000000000005,0.0,0.0,5.2532000000000005,11.105162500000002,694.5563499999995
2026/2027,Osun,46,cases,306.653992426,7.23685,0.0,0.0,7.23685,13.0888125,696.5399999999995
2026/2027,Osun,47,cases,229.696524972,5.4207,0.0,0.0,5.4207,11.2726625,694.7238499999995
2026/2027,Osun,48,cases,219.63482817000005,5.183250000000001,0.0,0.0,5.183250000000001,11.035212500000002,694.4863999999995
2026/2027,Osun,49,cases,273.63620279400004,6.457650000000001,0.0,0.0,6.457650000000001,12.309612500000002,695.7607999999996
2026/2027,Osun,50,cases,219.954751568,5.190799999999999,0.0,0.0,5.190799999999999,11.0427625,694.4939499999995
2026/2027,Osun,51,cases,230.660532562,5.44345,0.0,0.0,5.44345,11.2954125,694.7465999999995
2026/2027,Osun,52,cases,243.739255316,5.7521,0.0,0.0,5.7521,11.6040625,695.0552499999995
2026/2027,Oyo,1,cases,1871.97808035,24.917,0.0,7.585362499999999,24.917,30.7689625,714.2201499999995
2026/2027,Oyo,2,cases,286.247288355,3.8101,0.0,0.0,3.8101,9.6620625,693.1132499999995
2026/2027,Oyo,3,cases,419.6154903150001,5.5853,0.0,0.0,5.5853,11.4372625,694.8884499999995
2026/2027,Oyo,4,cases,455.17383303,6.0586,0.0,0.0,6.0586,11.9105625,695.3617499999995
2026/2027,Oyo,5,cases,293.42582130750003,3.905650000000001,0.0,0.0,3.905650000000001,9.7576125,693.2087999999995
2026/2027,Oyo,6,cases,466.33793556,6.207199999999999,0.0,0.0,6.207199999999999,12.0591625,695.5103499999994
2026/2027,Oyo,7,cases,450.267938715,5.9933000000000005,0.0,0.0,5.9933000000000005,11.8452625,695.2964499999995
2026/2027,Oyo,8,cases,590.3939537475,7.858449999999999,0.0,0.0,7.858449999999999,13.7104125,697.1615999999995
2026/2027,Oyo,9,cases,645.8087722275002,8.596050000000002,0.0,0.0,8.596050000000002,14.448012500000004,697.8991999999995
2026/2027,Oyo,10,cases,1383.2255418975,18.41145,0.0,1.0798125000000027,18.41145,24.2634125,707.7145999999996
2026/2027,Oyo,11,cases,5820.1599349425005,77.46935,0.0,60.137712500000006,77.46935,83.3213125,766.7724999999995
2026/2027,Oyo,12,cases,24989.67902088,332.6256,47.70129999999995,315.2939625,332.6256,338.4775625,1021.9287499999996
2026/2027,Oyo,13,cases,70790.680112985,942.2607000000002,657.3364000000001,924.9290625,942.2607000000002,948.1126625000002,1631.5638499999995
2026/2027,Oyo,14,cases,137119.10375514752,1825.12645,1540.20215,1807.7948125000005,1825.12645,1830.9784125,2514.4295999999995
2026/2027,Oyo,15,cases,335885.5139462025,4470.81055,4185.8862500000005,4453.4789125,4470.81055,4476.6625125,5160.1137
2026/2027,Oyo,16,cases,150443.20844406003,2002.4772000000005,1717.5529,1985.1455625000003,2002.4772000000005,2008.3291625,2691.78035
2026/2027,Oyo,17,cases,90718.858566105,1207.5151,922.5908,1190.1834625,1207.5151,1213.3670625,1896.81825
2026/2027,Oyo,18,cases,30484.318217955,405.7621,120.83780000000002,388.4304625,405.7621,411.6140625000001,1095.0652499999997
2026/2027,Oyo,19,cases,3991.1027952075,53.12365,0.0,35.7920125,53.12365,58.9756125,742.4267999999995
2026/2027,Oyo,20,cases,942.750609675,12.5485,0.0,0.0,12.5485,18.400462500000003,701.8516499999995
2026/2027,Oyo,21,cases,756.2514971550002,10.066100000000002,0.0,0.0,10.066100000000002,15.918062500000003,699.3692499999995
2026/2027,Oyo,22,cases,832.9239388575002,11.086650000000002,0.0,0.0,11.086650000000002,16.938612500000005,700.3897999999995
2026/2027,Oyo,23,cases,1832.88118293,24.3966,0.0,7.0649625,24.3966,30.2485625,713.6997499999995
2026/2027,Oyo,24,cases,2406.29232795,32.029,0.0,14.697362499999995,32.029,37.8809625,721.3321499999995
2026/2027,Oyo,25,cases,6025.5989549175,80.20385,0.0,62.8722125,80.20385,86.0558125,769.5069999999995
2026/2027,Oyo,26,cases,11787.4704043425,156.89735000000002,0.0,139.56571250000002,156.89735000000002,162.74931250000003,846.2004999999995
2026/2027,Oyo,27,cases,22805.654508105003,303.55510000000004,18.630800000000026,286.22346250000004,303.55510000000004,309.40706250000005,992.8582499999995
2026/2027,Oyo,28,cases,34401.64477706251,457.90375000000006,172.97945000000004,440.57211250000006,457.90375000000006,463.7557125000001,1147.2068999999997
2026/2027,Oyo,29,cases,32586.009352785,433.7367,148.81240000000005,416.4050625,433.7367,439.58866250000005,1123.0398499999997
2026/2027,Oyo,30,cases,24599.58153786,327.4332,42.50889999999998,310.1015625,327.4332,333.2851625,1016.7363499999994
2026/2027,Oyo,31,cases,16007.865534150002,213.07300000000004,0.0,195.74136250000004,213.07300000000004,218.92496250000005,902.3761499999996
2026/2027,Oyo,32,cases,5724.123109477499,76.19105,0.0,58.859412500000005,76.19105,82.0430125,765.4941999999995
2026/2027,Oyo,33,cases,741.1994921625001,9.86575,0.0,0.0,9.86575,15.7177125,699.1688999999996
2026/2027,Oyo,34,cases,524.80297317,6.9854,0.0,0.0,6.9854,12.8373625,696.2885499999995
2026/2027,Oyo,35,cases,552.803383755,7.3581,0.0,0.0,7.3581,13.2100625,696.6612499999995
2026/2027,Oyo,36,cases,462.82567584750007,6.160450000000001,0.0,0.0,6.160450000000001,12.012412500000002,695.4635999999995
2026/2027,Oyo,37,cases,480.2292044550001,6.392100000000001,0.0,0.0,6.392100000000001,12.244062500000002,695.6952499999995
2026/2027,Oyo,38,cases,403.00456791,5.3642,0.0,0.0,5.3642,11.2161625,694.6673499999995
2026/2027,Oyo,39,cases,501.4267248375,6.67425,0.0,0.0,6.67425,12.5262125,695.9773999999995
2026/2027,Oyo,40,cases,409.533238905,5.4511,0.0,0.0,5.4511,11.3030625,694.7542499999995
2026/2027,Oyo,41,cases,459.32092899,6.1138,0.0,0.0,6.1138,11.9657625,695.4169499999995
2026/2027,Oyo,42,cases,307.29079521,4.0902,0.0,0.0,4.0902,9.942162500000002,693.3933499999995
2026/2027,Oyo,43,cases,466.450628385,6.2087,0.0,0.0,6.2087,12.0606625,695.5118499999995
2026/2027,Oyo,44,cases,345.283302945,4.5959,0.0,0.0,4.5959,10.4478625,693.8990499999995
2026/2027,Oyo,45,cases,412.60224017249993,5.491949999999999,0.0,0.0,5.491949999999999,11.3439125,694.7950999999995
2026/2027,Oyo,46,cases,307.54623228,4.0936,0.0,0.0,4.0936,9.9455625,693.3967499999995
2026/2027,Oyo,47,cases,506.14479777750006,6.737050000000001,0.0,0.0,6.737050000000001,12.589012500000004,696.0401999999995
2026/2027,Oyo,48,cases,306.76865178750006,4.0832500000000005,0.0,0.0,4.0832500000000005,9.935212500000002,693.3863999999995
2026/2027,Oyo,49,cases,337.03418815500004,4.4861,0.0,0.0,4.4861,10.3380625,693.7892499999995
2026/2027,Oyo,50,cases,586.8929633175001,7.811850000000001,0.0,0.0,7.811850000000001,13.663812500000002,697.1149999999996
2026/2027,Oyo,51,cases,513.2707407450001,6.831900000000001,0.0,0.0,6.831900000000001,12.683862500000002,696.1350499999995
2026/2027,Oyo,52,cases,394.282143255,5.2481,0.0,0.0,5.2481,11.1000625,694.5512499999995
2026/2027,Plateau,1,cases,1713.0323245540003,31.7171,0.0,14.385462500000004,31.7171,37.5690625,721.0202499999995
2026/2027,Plateau,2,cases,339.605143659,6.287850000000001,0.0,0.0,6.287850000000001,12.1398125,695.5909999999996
2026/2027,Plateau,3,cases,541.488150805,10.02575,0.0,0.0,10.02575,15.8777125,699.3288999999995
2026/2027,Plateau,4,cases,484.2945366320001,8.966800000000001,0.0,0.0,8.966800000000001,14.818762500000002,698.2699499999995
2026/2027,Plateau,5,cases,395.0434412820001,7.314300000000001,0.0,0.0,7.314300000000001,13.166262500000002,696.6174499999995
2026/2027,Plateau,6,cases,307.887923844,5.7006000000000006,0.0,0.0,5.7006000000000006,11.5525625,695.0037499999995
2026/2027,Plateau,7,cases,556.737800894,10.3081,0.0,0.0,10.3081,16.160062500000002,699.6112499999995
2026/2027,Plateau,8,cases,352.354142786,6.5239,0.0,0.0,6.5239,12.3758625,695.8270499999995
2026/2027,Plateau,9,cases,516.5221484900001,9.5635,0.0,0.0,9.5635,15.415462500000002,698.8666499999995
2026/2027,Plateau,10,cases,1113.343277925,20.61375,0.0,3.2821125,20.61375,26.4657125,709.9168999999995
2026/2027,Plateau,11,cases,2253.39437228,41.722,0.0,24.3903625,41.722,47.5739625,731.0251499999995
2026/2027,Plateau,12,cases,4082.161468193001,75.58195,0.0,58.25031250000001,75.58195,81.4339125,764.8850999999995
2026/2027,Plateau,13,cases,9892.93707093,183.1695,0.0,165.8378625,183.1695,189.0214625,872.4726499999995
2026/2027,Plateau,14,cases,42129.611763302,780.0373000000001,495.11300000000006,762.7056625,780.0373000000001,785.8892625000001,1469.3404499999997
2026/2027,Plateau,15,cases,76498.83403470399,1416.3896,1131.4652999999998,1399.0579625,1416.3896,1422.2415625,2105.6927499999997
2026/2027,Plateau,16,cases,99750.75083522,1846.903,1561.9787,1829.5713625,1846.903,1852.7549625,2536.2061499999995
2026/2027,Plateau,17,cases,119160.954829536,2206.2864000000004,1921.3621000000005,2188.9547625000005,2206.2864000000004,2212.1383625000003,2895.58955
2026/2027,Plateau,18,cases,86520.16035907502,1601.9362500000002,1317.01195,1584.6046125000005,1601.9362500000002,1607.7882125,2291.2393999999995
2026/2027,Plateau,19,cases,17957.063838155,332.47825,47.55394999999999,315.1466125,332.47825,338.3302125,1021.7813999999996
2026/2027,Plateau,20,cases,2935.102610073,54.34395000000001,0.0,37.01231250000001,54.34395000000001,60.195912500000006,743.6470999999995
2026/2027,Plateau,21,cases,1499.1591551280003,27.757200000000005,0.0,10.425562500000003,27.757200000000005,33.609162500000004,717.0603499999995
2026/2027,Plateau,22,cases,1053.5625972060002,19.5069,0.0,2.1752625000000023,19.5069,25.3588625,708.8100499999995
2026/2027,Plateau,23,cases,2634.508701616,48.778400000000005,0.0,31.44676250000001,48.778400000000005,54.6303625,738.0815499999995
2026/2027,Plateau,24,cases,4174.955602487,77.30005,0.0,59.9684125,77.30005,83.1520125,766.6031999999996
2026/2027,Plateau,25,cases,6256.850146858,115.8467,0.0,98.5150625,115.8467,121.6986625,805.1498499999996
2026/2027,Plateau,26,cases,11820.949764580002,218.867,0.0,201.5353625,218.867,224.71896250000003,908.1701499999996
2026/2027,Plateau,27,cases,36117.96313555701,668.7305500000001,383.8062500000001,651.3989125,668.7305500000001,674.5825125000001,1358.0336999999995
2026/2027,Plateau,28,cases,40485.884737116,749.6034000000001,464.67910000000006,732.2717625,749.6034000000001,755.4553625000001,1438.9065499999997
2026/2027,Plateau,29,cases,54327.708841815,1005.88725,720.96295,988.5556125,1005.88725,1011.7392125,1695.1903999999995
2026/2027,Plateau,30,cases,40594.946605098,751.6227,466.6984,734.2910625,751.6227,757.4746625,1440.9258499999996
2026/2027,Plateau,31,cases,9512.794916914,176.1311,0.0,158.7994625,176.1311,181.9830625,865.4342499999996
2026/2027,Plateau,32,cases,3018.2100974980003,55.8827,0.0,38.5510625,55.8827,61.7346625,745.1858499999995
2026/2027,Plateau,33,cases,755.312711465,13.984750000000002,0.0,0.0,13.984750000000002,19.836712500000004,703.2878999999995
2026/2027,Plateau,34,cases,405.04604513,7.4995,0.0,0.0,7.4995,13.3514625,696.8026499999995
2026/2027,Plateau,35,cases,319.362293107,5.91305,0.0,0.0,5.91305,11.7650125,695.2161999999995
2026/2027,Plateau,36,cases,281.099092804,5.2046,0.0,0.0,5.2046,11.056562500000002,694.5077499999995
2026/2027,Plateau,37,cases,615.794751097,11.40155,0.0,0.0,11.40155,17.2535125,700.7046999999995
2026/2027,Plateau,38,cases,359.847994211,6.66265,0.0,0.0,6.66265,12.514612500000002,695.9657999999995
2026/2027,Plateau,39,cases,445.7558866550001,8.253250000000001,0.0,0.0,8.253250000000001,14.105212500000002,697.5563999999995
2026/2027,Plateau,40,cases,318.519741163,5.89745,0.0,0.0,5.89745,11.749412500000002,695.2005999999996
2026/2027,Plateau,41,cases,477.508212801,8.841149999999999,0.0,0.0,8.841149999999999,14.6931125,698.1442999999995
2026/2027,Plateau,42,cases,497.9644018259999,9.2199,0.0,0.0,9.2199,15.0718625,698.5230499999996
2026/2027,Plateau,43,cases,406.9930962570001,7.535550000000001,0.0,0.0,7.535550000000001,13.3875125,696.8386999999996
2026/2027,Plateau,44,cases,407.63311167600006,7.5474,0.0,0.0,7.5474,13.399362500000002,696.8505499999995
2026/2027,Plateau,45,cases,464.300130884,8.5966,0.0,0.0,8.5966,14.4485625,697.8997499999995
2026/2027,Plateau,46,cases,388.559571995,7.19425,0.0,0.0,7.19425,13.0462125,696.4973999999995
2026/2027,Plateau,47,cases,370.366391076,6.8574,0.0,0.0,6.8574,12.7093625,696.1605499999995
2026/2027,Plateau,48,cases,238.188354374,4.4101,0.0,0.0,4.4101,10.2620625,693.7132499999996
2026/2027,Plateau,49,cases,354.301193913,6.559950000000001,0.0,0.0,6.559950000000001,12.4119125,695.8630999999995
2026/2027,Plateau,50,cases,378.030373182,6.9993,0.0,0.0,6.9993,12.8512625,696.3024499999995
2026/2027,Plateau,51,cases,410.536135201,7.60115,0.0,0.0,7.60115,13.4531125,696.9042999999995
2026/2027,Plateau,52,cases,476.792583746,8.8279,0.0,0.0,8.8279,14.6798625,698.1310499999995
2026/2027,Rivers,1,cases,1387.0275262895,19.17115,0.0,1.8395125000000012,19.17115,25.023112500000003,708.4742999999995
2026/2027,Rivers,2,cases,307.081194012,4.244400000000001,0.0,0.0,4.244400000000001,10.0963625,693.5475499999995
2026/2027,Rivers,3,cases,361.9403767845,5.00265,0.0,0.0,5.00265,10.854612500000002,694.3057999999995
2026/2027,Rivers,4,cases,348.378419896,4.8152,0.0,0.0,4.8152,10.6671625,694.1183499999995
2026/2027,Rivers,5,cases,359.5311307755,4.96935,0.0,0.0,4.96935,10.8213125,694.2724999999995
2026/2027,Rivers,6,cases,403.921307617,5.5829,0.0,0.0,5.5829,11.4348625,694.8860499999995
2026/2027,Rivers,7,cases,659.9199747625,9.12125,0.0,0.0,9.12125,14.9732125,698.4243999999995
2026/2027,Rivers,8,cases,590.9055673155001,8.16735,0.0,0.0,8.16735,14.019312500000002,697.4704999999996
2026/2027,Rivers,9,cases,1148.0491331265,15.868050000000002,0.0,0.0,15.868050000000002,21.720012500000003,705.1711999999995
2026/2027,Rivers,10,cases,2335.637393698,32.2826,0.0,14.950962500000005,32.2826,38.1345625,721.5857499999995
2026/2027,Rivers,11,cases,6455.093555410999,89.2207,0.0,71.8890625,89.2207,95.0726625,778.5238499999995
2026/2027,Rivers,12,cases,22380.701653065,309.3405,24.416200000000003,292.0088625,309.3405,315.19246250000003,998.6436499999996
2026/2027,Rivers,13,cases,49044.3373002645,677.87865,392.95435,660.5470124999999,677.87865,683.7306125,1367.1817999999994
2026/2027,Rivers,14,cases,107324.0416678125,1483.40625,1198.48195,1466.0746125,1483.40625,1489.2582125,2172.7094
2026/2027,Rivers,15,cases,217397.944638492,3004.8204,2719.8961,2987.4887625,3004.8204,3010.6723625,3694.1235499999993
2026/2027,Rivers,16,cases,142915.79678390452,1975.34665,1690.4223500000005,1958.0150125,1975.34665,1981.1986125,2664.6498
2026/2027,Rivers,17,cases,128158.032705505,1771.3685,1486.4442,1754.0368625,1771.3685,1777.2204625,2460.6716499999998
2026/2027,Rivers,18,cases,23723.8707730285,327.90545,42.98114999999996,310.5738125,327.90545,333.7574125,1017.2085999999996
2026/2027,Rivers,19,cases,5275.554202302001,72.91740000000001,0.0,55.585762500000016,72.91740000000001,78.76936250000001,762.2205499999995
2026/2027,Rivers,20,cases,967.2616278025,13.36925,0.0,0.0,13.36925,19.2212125,702.6723999999995
2026/2027,Rivers,21,cases,1026.9899474039998,14.1948,0.0,0.0,14.1948,20.0467625,703.4979499999995
2026/2027,Rivers,22,cases,1081.2052175795002,14.94415,0.0,0.0,14.94415,20.7961125,704.2472999999995
2026/2027,Rivers,23,cases,1614.585514572,22.3164,0.0,4.984762499999999,22.3164,28.1683625,711.6195499999995
2026/2027,Rivers,24,cases,4017.2947254665,55.52605,0.0,38.1944125,55.52605,61.3780125,744.8291999999994
2026/2027,Rivers,25,cases,6633.044951319001,91.68030000000002,0.0,74.34866250000002,91.68030000000002,97.53226250000002,780.9834499999995
2026/2027,Rivers,26,cases,12026.145759952,166.2224,0.0,148.8907625,166.2224,172.0743625,855.5255499999995
2026/2027,Rivers,27,cases,22599.0205808265,312.35805,27.43374999999997,295.0264125,312.35805,318.2100125,1001.6611999999996
2026/2027,Rivers,28,cases,27960.888011018505,386.4684500000001,101.54415000000006,369.1368125000001,386.4684500000001,392.3204125000001,1075.7715999999996
2026/2027,Rivers,29,cases,26562.8235334175,367.14475,82.22045000000003,349.81311250000005,367.14475,372.99671250000006,1056.4478999999997
2026/2027,Rivers,30,cases,25340.85468115,350.25500000000005,65.33070000000004,332.92336250000005,350.25500000000005,356.10696250000007,1039.5581499999996
2026/2027,Rivers,31,cases,5702.699773249,78.82130000000001,0.0,61.48966250000001,78.82130000000001,84.6732625,768.1244499999996
2026/2027,Rivers,32,cases,3282.0695342335,45.36395,0.0,28.032312500000003,45.36395,51.2159125,734.6670999999996
2026/2027,Rivers,33,cases,743.4549730204999,10.27585,0.0,0.0,10.27585,16.1278125,699.5789999999995
2026/2027,Rivers,34,cases,486.3674424385,6.72245,0.0,0.0,6.72245,12.5744125,696.0255999999995
2026/2027,Rivers,35,cases,285.904428041,3.9517,0.0,0.0,3.9517,9.803662500000002,693.2548499999995
2026/2027,Rivers,36,cases,222.432009912,3.0744,0.0,0.0,3.0744,8.926362500000002,692.3775499999995
2026/2027,Rivers,37,cases,321.616254769,4.4453000000000005,0.0,0.0,4.4453000000000005,10.297262500000002,693.7484499999995
2026/2027,Rivers,38,cases,337.1461243135,4.65995,0.0,0.0,4.65995,10.5119125,693.9630999999995
2026/2027,Rivers,39,cases,401.76166817650005,5.553050000000001,0.0,0.0,5.553050000000001,11.405012500000002,694.8561999999995
2026/2027,Rivers,40,cases,385.870049982,5.3334,0.0,0.0,5.3334,11.1853625,694.6365499999995
2026/2027,Rivers,41,cases,379.0402354700001,5.239000000000001,0.0,0.0,5.239000000000001,11.090962500000002,694.5421499999995
2026/2027,Rivers,42,cases,259.7246782405,3.58985,0.0,0.0,3.58985,9.4418125,692.8929999999995
2026/2027,Rivers,43,cases,408.833854284,5.6508,0.0,0.0,5.6508,11.5027625,694.9539499999995
2026/2027,Rivers,44,cases,342.35892236000007,4.732000000000001,0.0,0.0,4.732000000000001,10.583962500000002,694.0351499999995
2026/2027,Rivers,45,cases,548.8124944015,7.58555,0.0,0.0,7.58555,13.4375125,696.8886999999995
2026/2027,Rivers,46,cases,436.42804130600007,6.0322000000000005,0.0,0.0,6.0322000000000005,11.884162500000002,695.3353499999995
2026/2027,Rivers,47,cases,329.1731840675001,4.54975,0.0,0.0,4.54975,10.401712500000002,693.8528999999995
2026/2027,Rivers,48,cases,351.1602670145,4.85365,0.0,0.0,4.85365,10.7056125,694.1567999999995
2026/2027,Rivers,49,cases,357.09656236100005,4.935700000000001,0.0,0.0,4.935700000000001,10.7876625,694.2388499999995
2026/2027,Rivers,50,cases,500.197093328,6.913600000000001,0.0,0.0,6.913600000000001,12.7655625,696.2167499999995
2026/2027,Rivers,51,cases,504.14377109950016,6.968150000000001,0.0,0.0,6.968150000000001,12.820112500000002,696.2712999999995
2026/2027,Rivers,52,cases,295.25563064350007,4.0809500000000005,0.0,0.0,4.0809500000000005,9.9329125,693.3840999999995
2026/2027,Sokoto,1,cases,1840.6450423305,29.86515,0.0,12.5335125,29.86515,35.7171125,719.1682999999995
2026/2027,Sokoto,2,cases,501.0948374415,8.13045,0.0,0.0,8.13045,13.9824125,697.4335999999995
2026/2027,Sokoto,3,cases,621.391002901,10.0823,0.0,0.0,10.0823,15.9342625,699.3854499999995
2026/2027,Sokoto,4,cases,701.1549690549999,11.3765,0.0,0.0,11.3765,17.2284625,700.6796499999995
2026/2027,Sokoto,5,cases,375.9944677155,6.10065,0.0,0.0,6.10065,11.9526125,695.4037999999995
2026/2027,Sokoto,6,cases,638.9653306315001,10.367450000000002,0.0,0.0,10.367450000000002,16.219412500000004,699.6705999999995
2026/2027,Sokoto,7,cases,734.9446417825002,11.92475,0.0,0.0,11.92475,17.776712500000002,701.2278999999995
2026/2027,Sokoto,8,cases,589.7522824365001,9.56895,0.0,0.0,9.56895,15.420912500000002,698.8720999999995
2026/2027,Sokoto,9,cases,739.4037075770001,11.9971,0.0,0.0,11.9971,17.849062500000002,701.3002499999996
2026/2027,Sokoto,10,cases,591.2622632515,9.59345,0.0,0.0,9.59345,15.445412500000002,698.8965999999995
2026/2027,Sokoto,11,cases,1282.0384253985,20.80155,0.0,3.4699124999999995,20.80155,26.6535125,710.1046999999995
2026/2027,Sokoto,12,cases,1414.4051925975,22.94925,0.0,5.6176125,22.94925,28.8012125,712.2523999999995
2026/2027,Sokoto,13,cases,2374.8084596205003,38.53215,0.0,21.2005125,38.53215,44.3841125,727.8352999999995
2026/2027,Sokoto,14,cases,6040.052686927001,98.0021,0.0,80.6704625,98.0021,103.8540625,787.3052499999995
2026/2027,Sokoto,15,cases,20241.157234961,328.4203,43.49599999999998,311.0886625,328.4203,334.2722625,1017.7234499999996
2026/2027,Sokoto,16,cases,47886.44992759151,776.97545,492.05115,759.6438125,776.97545,782.8274125,1466.2785999999996
2026/2027,Sokoto,17,cases,77337.49786094551,1254.82965,969.90535,1237.4980125000002,1254.82965,1260.6816125,1944.1328
2026/2027,Sokoto,18,cases,120580.50717333848,1956.46355,1671.5392499999998,1939.1319125,1956.46355,1962.3155125,2645.766699999999
2026/2027,Sokoto,19,cases,98763.395288136,1602.4728,1317.5485,1585.1411625,1602.4728,1608.3247625,2291.7759499999997
2026/2027,Sokoto,20,cases,24085.438963024,390.7952,105.8709,373.4635625,390.7952,396.6471625,1080.0983499999995
2026/2027,Sokoto,21,cases,6265.489741013,101.6599,0.0,84.32826250000001,101.6599,107.5118625,790.9630499999995
2026/2027,Sokoto,22,cases,2985.124215482501,48.43475000000001,0.0,31.10311250000001,48.43475000000001,54.28671250000001,737.7378999999995
2026/2027,Sokoto,23,cases,3555.9246978940005,57.696200000000005,0.0,40.364562500000005,57.696200000000005,63.5481625,746.9993499999995
2026/2027,Sokoto,24,cases,4844.4036537075,78.60225,0.0,61.2706125,78.60225,84.4542125,767.9053999999995
2026/2027,Sokoto,25,cases,10439.545115885005,169.38550000000004,0.0,152.05386250000004,169.38550000000004,175.23746250000005,858.6886499999996
2026/2027,Sokoto,26,cases,30497.7820422795,494.83785,209.91355,477.5062125,494.83785,500.6898125,1184.1409999999996
2026/2027,Sokoto,27,cases,28275.3368100795,458.77785000000006,173.85355000000004,441.44621250000006,458.77785000000006,464.62981250000007,1148.0809999999997
2026/2027,Sokoto,28,cases,69266.75517894952,1123.8788500000005,838.9545500000003,1106.5472125000003,1123.8788500000005,1129.7308125000002,1813.182
2026/2027,Sokoto,29,cases,44630.40433796301,724.1449000000001,439.2206000000001,706.8132625000001,724.1449000000001,729.9968625000001,1413.4480499999995
2026/2027,Sokoto,30,cases,24589.455151103502,398.97305000000006,114.04875000000004,381.64141250000006,398.97305000000006,404.82501250000007,1088.2761999999996
2026/2027,Sokoto,31,cases,15776.6955702425,255.98275,0.0,238.6511125,255.98275,261.8347125,945.2858999999996
2026/2027,Sokoto,32,cases,6566.284082548,106.5404,0.0,89.20876249999999,106.5404,112.3923625,795.8435499999995
2026/2027,Sokoto,33,cases,1480.040052554,24.0142,0.0,6.682562500000003,24.0142,29.8661625,713.3173499999995
2026/2027,Sokoto,34,cases,495.9424131095,8.046850000000001,0.0,0.0,8.046850000000001,13.898812500000002,697.3499999999995
2026/2027,Sokoto,35,cases,665.2235888450001,10.793500000000002,0.0,0.0,10.793500000000002,16.6454625,700.0966499999995
2026/2027,Sokoto,36,cases,456.2699783905,7.40315,0.0,0.0,7.40315,13.2551125,696.7062999999995
2026/2027,Sokoto,37,cases,530.1142034310001,8.6013,0.0,0.0,8.6013,14.4532625,697.9044499999995
2026/2027,Sokoto,38,cases,675.4852952000001,10.96,0.0,0.0,10.96,16.8119625,700.2631499999995
2026/2027,Sokoto,39,cases,374.555363551,6.0773,0.0,0.0,6.0773,11.9292625,695.3804499999995
2026/2027,Sokoto,40,cases,721.1236949349999,11.7005,0.0,0.0,11.7005,17.5524625,701.0036499999995
2026/2027,Sokoto,41,cases,602.2943679815,9.77245,0.0,0.0,9.77245,15.624412500000002,699.0755999999996
2026/2027,Sokoto,42,cases,420.5296569775,6.82325,0.0,0.0,6.82325,12.6752125,696.1263999999995
2026/2027,Sokoto,43,cases,577.4567243715001,9.36945,0.0,0.0,9.36945,15.2214125,698.6725999999995
2026/2027,Sokoto,44,cases,570.655647517,9.2591,0.0,0.0,9.2591,15.1110625,698.5622499999995
2026/2027,Sokoto,45,cases,502.805121834,8.1582,0.0,0.0,8.1582,14.010162500000002,697.4613499999995
2026/2027,Sokoto,46,cases,421.451053434,6.8382000000000005,0.0,0.0,6.8382000000000005,12.6901625,696.1413499999995
2026/2027,Sokoto,47,cases,717.4103747675001,11.640250000000002,0.0,0.0,11.640250000000002,17.4922125,700.9433999999995
2026/2027,Sokoto,48,cases,669.161865338,10.8574,0.0,0.0,10.8574,16.7093625,700.1605499999995
2026/2027,Sokoto,49,cases,504.5955276575,8.18725,0.0,0.0,8.18725,14.0392125,697.4903999999995
2026/2027,Sokoto,50,cases,789.7661901475001,12.81425,0.0,0.0,12.81425,18.6662125,702.1173999999995
2026/2027,Sokoto,51,cases,544.542224198,8.8354,0.0,0.0,8.8354,14.6873625,698.1385499999996
2026/2027,Sokoto,52,cases,539.001519085,8.7455,0.0,0.0,8.7455,14.5974625,698.0486499999995
2026/2027,Taraba,1,cases,1876.5920754825008,43.32045000000001,0.0,25.98881250000001,43.32045000000001,49.17241250000001,732.6235999999996
2026/2027,Taraba,2,cases,181.917510575,4.1995000000000005,0.0,0.0,4.1995000000000005,10.0514625,693.5026499999994
2026/2027,Taraba,3,cases,294.56384811500004,6.799900000000001,0.0,0.0,6.799900000000001,12.651862500000002,696.1030499999995
2026/2027,Taraba,4,cases,458.04485613,10.5738,0.0,0.0,10.5738,16.4257625,699.8769499999995
2026/2027,Taraba,5,cases,316.665125385,7.310100000000001,0.0,0.0,7.310100000000001,13.1620625,696.6132499999995
2026/2027,Taraba,6,cases,216.05709626,4.9876,0.0,0.0,4.9876,10.8395625,694.2907499999995
2026/2027,Taraba,7,cases,346.0461353975,7.98835,0.0,0.0,7.98835,13.8403125,697.2914999999995
2026/2027,Taraba,8,cases,396.89596747,9.1622,0.0,0.0,9.1622,15.0141625,698.4653499999995
2026/2027,Taraba,9,cases,640.8482371875001,14.79375,0.0,0.0,14.79375,20.6457125,704.0968999999996
2026/2027,Taraba,10,cases,603.45757181,13.9306,0.0,0.0,13.9306,19.7825625,703.2337499999995
2026/2027,Taraba,11,cases,1271.204648905,29.3453,0.0,12.013662500000002,29.3453,35.1972625,718.6484499999995
2026/2027,Taraba,12,cases,3009.408160235,69.4711,0.0,52.13946250000001,69.4711,75.3230625,758.7742499999995
2026/2027,Taraba,13,cases,6040.209334542501,139.43605000000002,0.0,122.10441250000002,139.43605000000002,145.28801250000004,828.7391999999995
2026/2027,Taraba,14,cases,24726.542532205,570.8033,285.879,553.4716625000001,570.8033,576.6552625,1260.1064499999995
2026/2027,Taraba,15,cases,55897.24050926001,1290.3676,1005.4433,1273.0359625,1290.3676,1296.2195625,1979.6707499999995
2026/2027,Taraba,16,cases,77202.40395396,1782.1896000000002,1497.2653,1764.8579625000002,1782.1896000000002,1788.0415625,2471.4927499999994
2026/2027,Taraba,17,cases,91881.04825908,2121.0408,1836.1165,2103.7091625000003,2121.0408,2126.8927625,2810.3439499999995
2026/2027,Taraba,18,cases,31194.311082190005,720.1094,435.1851,702.7777625000001,720.1094,725.9613625000001,1409.4125499999996
2026/2027,Taraba,19,cases,18270.0996955525,421.7586500000001,136.83435000000003,404.4270125000001,421.7586500000001,427.61061250000006,1111.0617999999995
2026/2027,Taraba,20,cases,2309.2954043625004,53.309250000000006,0.0,35.977612500000006,53.309250000000006,59.161212500000005,742.6123999999995
2026/2027,Taraba,21,cases,1181.6515903000002,27.278,0.0,9.946362500000005,27.278,33.129962500000005,716.5811499999995
2026/2027,Taraba,22,cases,1565.75116948,36.1448,0.0,18.813162500000004,36.1448,41.9967625,725.4479499999995
2026/2027,Taraba,23,cases,1827.513984375,42.1875,0.0,24.8558625,42.1875,48.0394625,731.4906499999995
2026/2027,Taraba,24,cases,3954.151125827501,91.28015,0.0,73.9485125,91.28015,97.1321125,780.5832999999996
2026/2027,Taraba,25,cases,7509.662700472501,173.35785,0.0,156.0262125,173.35785,179.20981250000003,862.6609999999995
2026/2027,Taraba,26,cases,14144.243478037502,326.51475000000005,41.59045000000003,309.18311250000005,326.51475000000005,332.36671250000006,1015.8178999999996
2026/2027,Taraba,27,cases,17857.957658825002,412.2445,127.3202,394.9128625,412.2445,418.0964625,1101.5476499999995
2026/2027,Taraba,28,cases,25353.9662577775,585.28715,300.36285,567.9555124999999,585.28715,591.1391125,1274.5902999999994
2026/2027,Taraba,29,cases,48903.607111585006,1128.9221000000002,843.9978000000002,1111.5904625000005,1128.9221000000002,1134.7740625,1818.22525
2026/2027,Taraba,30,cases,28364.546192905003,654.7853,369.861,637.4536625000001,654.7853,660.6372625,1344.0884499999995
2026/2027,Taraba,31,cases,8502.411615635001,196.2751,0.0,178.9434625,196.2751,202.1270625,885.5782499999996
2026/2027,Taraba,32,cases,2470.83789384,57.0384,0.0,39.7067625,57.0384,62.8903625,746.3415499999995
2026/2027,Taraba,33,cases,701.0051241825001,16.182450000000003,0.0,0.0,16.182450000000003,22.0344125,705.4855999999995
2026/2027,Taraba,34,cases,442.5172143475,10.21535,0.0,0.0,10.21535,16.0673125,699.5184999999994
2026/2027,Taraba,35,cases,366.889000075,8.4695,0.0,0.0,8.4695,14.3214625,697.7726499999995
2026/2027,Taraba,36,cases,270.452576205,6.2433,0.0,0.0,6.2433,12.0952625,695.5464499999995
2026/2027,Taraba,37,cases,215.541601945,4.9757,0.0,0.0,4.9757,10.8276625,694.2788499999995
2026/2027,Taraba,38,cases,323.648124005,7.4713,0.0,0.0,7.4713,13.323262500000002,696.7744499999995
2026/2027,Taraba,39,cases,129.692305015,2.9939,0.0,0.0,2.9939,8.8458625,692.2970499999996
2026/2027,Taraba,40,cases,421.7934765075,9.73695,0.0,0.0,9.73695,15.5889125,699.0400999999995
2026/2027,Taraba,41,cases,235.5007620825,5.436450000000001,0.0,0.0,5.436450000000001,11.288412500000002,694.7395999999995
2026/2027,Taraba,42,cases,293.5047022325,6.77545,0.0,0.0,6.77545,12.627412500000002,696.0785999999995
2026/2027,Taraba,43,cases,347.73773649000003,8.0274,0.0,0.0,8.0274,13.8793625,697.3305499999994
2026/2027,Taraba,44,cases,279.14666940000006,6.444000000000001,0.0,0.0,6.444000000000001,12.295962500000002,695.7471499999995
2026/2027,Taraba,45,cases,220.731200175,5.0955,0.0,0.0,5.0955,10.9474625,694.3986499999995
2026/2027,Taraba,46,cases,387.1990428975,8.93835,0.0,0.0,8.93835,14.7903125,698.2414999999995
2026/2027,Taraba,47,cases,440.0437080125,10.15825,0.0,0.0,10.15825,16.0102125,699.4613999999995
2026/2027,Taraba,48,cases,237.0862319925,5.473050000000001,0.0,0.0,5.473050000000001,11.3250125,694.7761999999996
2026/2027,Taraba,49,cases,317.11347548250006,7.320450000000001,0.0,0.0,7.320450000000001,13.172412500000002,696.6235999999996
2026/2027,Taraba,50,cases,477.88488943,11.0318,0.0,0.0,11.0318,16.8837625,700.3349499999995
2026/2027,Taraba,51,cases,339.59812457500004,7.8395,0.0,0.0,7.8395,13.6914625,697.1426499999995
2026/2027,Taraba,52,cases,272.748475255,6.2963000000000005,0.0,0.0,6.2963000000000005,12.1482625,695.5994499999995
2026/2027,Yobe,1,cases,1620.6440085275003,37.252750000000006,0.0,19.921112500000007,37.252750000000006,43.104712500000005,726.5558999999995
2026/2027,Yobe,2,cases,282.7477873935,6.499350000000001,0.0,0.0,6.499350000000001,12.351312500000002,695.8024999999996
2026/2027,Yobe,3,cases,338.3459121735,7.77735,0.0,0.0,7.77735,13.6293125,697.0804999999995
2026/2027,Yobe,4,cases,431.3922887615,9.91615,0.0,0.0,9.91615,15.7681125,699.2192999999995
2026/2027,Yobe,5,cases,392.4344478065,9.02065,0.0,0.0,9.02065,14.8726125,698.3237999999996
2026/2027,Yobe,6,cases,389.347838297,8.9497,0.0,0.0,8.9497,14.8016625,698.2528499999995
2026/2027,Yobe,7,cases,289.005839232,6.6432,0.0,0.0,6.6432,12.4951625,695.9463499999995
2026/2027,Yobe,8,cases,383.453044942,8.8142,0.0,0.0,8.8142,14.6661625,698.1173499999995
2026/2027,Yobe,9,cases,357.4332965610001,8.2161,0.0,0.0,8.2161,14.068062500000002,697.5192499999995
2026/2027,Yobe,10,cases,355.74751617350006,8.17735,0.0,0.0,8.17735,14.0293125,697.4804999999996
2026/2027,Yobe,11,cases,591.241247905,13.5905,0.0,0.0,13.5905,19.4424625,702.8936499999995
2026/2027,Yobe,12,cases,661.7394961100001,15.211000000000002,0.0,0.0,15.211000000000002,21.062962500000005,704.5141499999995
2026/2027,Yobe,13,cases,1911.962085891,43.9491,0.0,26.6174625,43.9491,49.8010625,733.2522499999995
2026/2027,Yobe,14,cases,5678.095530789,130.5189,0.0,113.1872625,130.5189,136.37086250000002,819.8220499999995
2026/2027,Yobe,15,cases,14633.709218161004,336.37610000000006,51.45180000000005,319.04446250000007,336.37610000000006,342.2280625000001,1025.6792499999997
2026/2027,Yobe,16,cases,38080.9893558435,875.3443500000001,590.4200500000001,858.0127125000001,875.3443500000001,881.1963125000001,1564.6474999999996
2026/2027,Yobe,17,cases,67712.708196705,1556.4705,1271.5462000000002,1539.1388625000002,1556.4705,1562.3224625,2245.77365
2026/2027,Yobe,18,cases,82702.815315989,1901.0389,1616.1146000000003,1883.7072625000003,1901.0389,1906.8908625,2590.34205
2026/2027,Yobe,19,cases,49908.15265448101,1147.2081,862.2838,1129.8764625,1147.2081,1153.0600625,1836.51125
2026/2027,Yobe,20,cases,17665.3970902365,406.06365,121.13934999999998,388.7320125,406.06365,411.9156125,1095.3667999999996
2026/2027,Yobe,21,cases,6840.648839618001,157.2418,0.0,139.9101625,157.2418,163.09376250000005,846.5449499999995
2026/2027,Yobe,22,cases,2010.1093076515,46.20515,0.0,28.873512500000004,46.20515,52.0571125,735.5082999999995
2026/2027,Yobe,23,cases,1568.3086844975,36.04975,0.0,18.718112500000004,36.04975,41.9017125,725.3528999999995
2026/2027,Yobe,24,cases,3013.6554599305,69.27305,0.0,51.9414125,69.27305,75.1250125,758.5761999999995
2026/2027,Yobe,25,cases,6838.9130296190015,157.20190000000002,0.0,139.87026250000002,157.20190000000002,163.05386250000004,846.5050499999995
2026/2027,Yobe,26,cases,18579.355434722504,427.07225000000005,142.14795000000004,409.74061250000005,427.07225000000005,432.92421250000007,1116.3753999999994
2026/2027,Yobe,27,cases,37348.89952516251,858.5162500000001,573.5919500000001,841.1846125000002,858.5162500000001,864.3682125000001,1547.8193999999996
2026/2027,Yobe,28,cases,32480.6398413255,746.61255,461.68825,729.2809125000001,746.61255,752.4645125000001,1435.9156999999996
2026/2027,Yobe,29,cases,41008.09793827999,942.628,657.7036999999999,925.2963625,942.628,948.4799625,1631.9311499999994
2026/2027,Yobe,30,cases,24259.952446086503,557.6486500000001,272.7243500000001,540.3170125000001,557.6486500000001,563.5006125000001,1246.9517999999996
2026/2027,Yobe,31,cases,15365.603280797002,353.19970000000006,68.27540000000005,335.86806250000006,353.19970000000006,359.0516625000001,1042.5028499999996
2026/2027,Yobe,32,cases,3221.7438405625003,74.05625,0.0,56.724612500000006,74.05625,79.9082125,763.3593999999995
2026/2027,Yobe,33,cases,1231.0525477745002,28.297450000000005,0.0,10.965812500000006,28.297450000000005,34.149412500000004,717.6005999999995
2026/2027,Yobe,34,cases,367.1586179965,8.43965,0.0,0.0,8.43965,14.2916125,697.7427999999995
2026/2027,Yobe,35,cases,350.2486093095,8.05095,0.0,0.0,8.05095,13.9029125,697.3540999999996
2026/2027,Yobe,36,cases,273.392250043,6.2843,0.0,0.0,6.2843,12.1362625,695.5874499999995
2026/2027,Yobe,37,cases,365.89265130550007,8.41055,0.0,0.0,8.41055,14.2625125,697.7136999999996
2026/2027,Yobe,38,cases,270.995179092,6.2292000000000005,0.0,0.0,6.2292000000000005,12.0811625,695.5323499999995
2026/2027,Yobe,39,cases,533.3395857954999,12.25955,0.0,0.0,12.25955,18.1115125,701.5626999999995
2026/2027,Yobe,40,cases,365.65337925050005,8.405050000000001,0.0,0.0,8.405050000000001,14.257012500000002,697.7081999999995
2026/2027,Yobe,41,cases,357.44852296449994,8.21645,0.0,0.0,8.21645,14.0684125,697.5195999999995
2026/2027,Yobe,42,cases,424.0575126755,9.74755,0.0,0.0,9.74755,15.5995125,699.0506999999996
2026/2027,Yobe,43,cases,437.73734862,10.062,0.0,0.0,10.062,15.913962500000002,699.3651499999995
2026/2027,Yobe,44,cases,392.688946265,9.0265,0.0,0.0,9.0265,14.8784625,698.3296499999994
2026/2027,Yobe,45,cases,453.4966762425,10.42425,0.0,0.0,10.42425,16.2762125,699.7273999999995
2026/2027,Yobe,46,cases,516.3947739004999,11.87005,0.0,0.0,11.87005,17.722012499999998,701.1731999999995
2026/2027,Yobe,47,cases,543.6500361655,12.49655,0.0,0.0,12.49655,18.3485125,701.7996999999995
2026/2027,Yobe,48,cases,429.741311582,9.8782,0.0,0.0,9.8782,15.7301625,699.1813499999995
2026/2027,Yobe,49,cases,337.599818402,7.7602,0.0,0.0,7.7602,13.6121625,697.0633499999996
2026/2027,Yobe,50,cases,323.952610465,7.4465,0.0,0.0,7.4465,13.2984625,696.7496499999995
2026/2027,Yobe,51,cases,447.0928859705001,10.27705,0.0,0.0,10.27705,16.1290125,699.5801999999995
2026/2027,Yobe,52,cases,317.748938639,7.3039,0.0,0.0,7.3039,13.1558625,696.6070499999995
2026/2027,Zamfara,1,cases,2058.605801405,37.3085,0.0,19.976862500000003,37.3085,43.1604625,726.6116499999995
2026/2027,Zamfara,2,cases,392.6378731905,7.11585,0.0,0.0,7.11585,12.9678125,696.4189999999995
2026/2027,Zamfara,3,cases,717.4620704110001,13.0027,0.0,0.0,13.0027,18.854662500000003,702.3058499999995
2026/2027,Zamfara,4,cases,494.664624657,8.9649,0.0,0.0,8.9649,14.8168625,698.2680499999994
2026/2027,Zamfara,5,cases,388.54642968100006,7.0417000000000005,0.0,0.0,7.0417000000000005,12.8936625,696.3448499999995
2026/2027,Zamfara,6,cases,558.8200038680001,10.1276,0.0,0.0,10.1276,15.979562500000002,699.4307499999995
2026/2027,Zamfara,7,cases,607.989057291,11.0187,0.0,0.0,11.0187,16.8706625,700.3218499999995
2026/2027,Zamfara,8,cases,714.8383598395001,12.95515,0.0,0.0,12.95515,18.8071125,702.2582999999995
2026/2027,Zamfara,9,cases,452.4590260000001,8.200000000000001,0.0,0.0,8.200000000000001,14.051962500000002,697.5031499999996
2026/2027,Zamfara,10,cases,577.845354132,10.4724,0.0,0.0,10.4724,16.3243625,699.7755499999995
2026/2027,Zamfara,11,cases,762.4017354995001,13.817150000000002,0.0,0.0,13.817150000000002,19.669112500000004,703.1202999999995
2026/2027,Zamfara,12,cases,991.5446432035,17.96995,0.0,0.6383125000000014,17.96995,23.821912500000003,707.2730999999995
2026/2027,Zamfara,13,cases,1752.7986777590002,31.7663,0.0,14.434662500000002,31.7663,37.6182625,721.0694499999995
2026/2027,Zamfara,14,cases,7522.3934024175,136.32975,0.0,118.9981125,136.32975,142.1817125,825.6328999999995
2026/2027,Zamfara,15,cases,22599.9448620865,409.58305,124.65875,392.2514125,409.58305,415.4350125,1098.8861999999997
2026/2027,Zamfara,16,cases,41347.5349442595,749.34915,464.42485,732.0175125000001,749.34915,755.2011125,1438.6522999999995
2026/2027,Zamfara,17,cases,94268.751061879,1708.4503,1423.5259999999998,1691.1186625,1708.4503,1714.3022625,2397.7534499999992
2026/2027,Zamfara,18,cases,70263.4960540015,1273.39855,988.47425,1256.0669125000002,1273.39855,1279.2505125,1962.7017
2026/2027,Zamfara,19,cases,73460.596361786,1331.3402,1046.4159,1314.0085625000002,1331.3402,1337.1921625,2020.64335
2026/2027,Zamfara,20,cases,22988.2650622545,416.62065,131.69635,399.2890125,416.62065,422.4726125,1105.9237999999996
2026/2027,Zamfara,21,cases,6497.419210323501,117.75395,0.0,100.4223125,117.75395,123.6059125,807.0570999999995
2026/2027,Zamfara,22,cases,2878.5939835490008,52.16930000000001,0.0,34.83766250000001,52.16930000000001,58.021262500000006,741.4724499999995
2026/2027,Zamfara,23,cases,3111.786951315,56.3955,0.0,39.0638625,56.3955,62.2474625,745.6986499999995
2026/2027,Zamfara,24,cases,4840.1500827735,87.71895,0.0,70.38731250000001,87.71895,93.5709125,777.0220999999995
2026/2027,Zamfara,25,cases,7820.0341924235,141.72395,0.0,124.3923125,141.72395,147.57591250000002,831.0270999999996
2026/2027,Zamfara,26,cases,23258.201013607497,421.51275,136.58844999999997,404.1811125,421.51275,427.3647125,1110.8158999999996
2026/2027,Zamfara,27,cases,32232.403003427,584.1539,299.2296,566.8222625000001,584.1539,590.0058625,1273.4570499999995
2026/2027,Zamfara,28,cases,42792.9980697115,775.54555,490.62125,758.2139125000001,775.54555,781.3975125000001,1464.8486999999996
2026/2027,Zamfara,29,cases,45569.58461406951,825.8661500000002,540.9418500000002,808.5345125000001,825.8661500000002,831.7181125000002,1515.1692999999996
2026/2027,Zamfara,30,cases,42824.060485405,776.1084999999999,491.1841999999999,758.7768624999999,776.1084999999999,781.9604625,1465.4116499999996
2026/2027,Zamfara,31,cases,15538.430637787002,281.6059,0.0,264.2742625,281.6059,287.45786250000003,970.9090499999996
2026/2027,Zamfara,32,cases,6035.149548369501,109.37615,0.0,92.0445125,109.37615,115.2281125,798.6792999999996
2026/2027,Zamfara,33,cases,837.4244080240001,15.176800000000002,0.0,0.0,15.176800000000002,21.028762500000003,704.4799499999995
2026/2027,Zamfara,34,cases,713.0230059425,12.922250000000002,0.0,0.0,12.922250000000002,18.774212500000004,702.2253999999995
2026/2027,Zamfara,35,cases,668.3509538145,12.11265,0.0,0.0,12.11265,17.9646125,701.4157999999995
2026/2027,Zamfara,36,cases,675.201293824,12.2368,0.0,0.0,12.2368,18.0887625,701.5399499999995
2026/2027,Zamfara,37,cases,700.4451967990001,12.6943,0.0,0.0,12.6943,18.5462625,701.9974499999995
2026/2027,Zamfara,38,cases,413.4813362480001,7.493600000000001,0.0,0.0,7.493600000000001,13.345562500000002,696.7967499999995
2026/2027,Zamfara,39,cases,411.456306217,7.456900000000001,0.0,0.0,7.456900000000001,13.308862500000002,696.7600499999995
2026/2027,Zamfara,40,cases,670.395296121,12.1497,0.0,0.0,12.1497,18.001662500000002,701.4528499999996
2026/2027,Zamfara,41,cases,544.4875365505001,9.86785,0.0,0.0,9.86785,15.719812500000002,699.1709999999995
2026/2027,Zamfara,42,cases,672.3541126360001,12.185200000000002,0.0,0.0,12.185200000000002,18.0371625,701.4883499999995
2026/2027,Zamfara,43,cases,472.88865458250007,8.570250000000001,0.0,0.0,8.570250000000001,14.422212500000002,697.8733999999995
2026/2027,Zamfara,44,cases,530.5882159834999,9.61595,0.0,0.0,9.61595,15.4679125,698.9190999999995
2026/2027,Zamfara,45,cases,621.998733718,11.2726,0.0,0.0,11.2726,17.124562500000003,700.5757499999995
2026/2027,Zamfara,46,cases,456.2414731015001,8.268550000000001,0.0,0.0,8.268550000000001,14.120512500000002,697.5716999999995
2026/2027,Zamfara,47,cases,740.1898597779999,13.4146,0.0,0.0,13.4146,19.2665625,702.7177499999995
2026/2027,Zamfara,48,cases,686.6645087815,12.44455,0.0,0.0,12.44455,18.2965125,701.7476999999996
2026/2027,Zamfara,49,cases,344.939311602,6.2514,0.0,0.0,6.2514,12.1033625,695.5545499999995
2026/2027,Zamfara,50,cases,556.188016607,10.0799,0.0,0.0,10.0799,15.9318625,699.3830499999995
2026/2027,Zamfara,51,cases,575.643754725,10.4325,0.0,0.0,10.4325,16.284462500000004,699.7356499999995
2026/2027,Zamfara,52,cases,401.093890963,7.2691,0.0,0.0,7.2691,13.1210625,696.5722499999995
