season,state,region,zone,epi_week_of_season,population,cases_per_100k,cases_q05,cases_q25,cases_q50,cases_q75,cases_q95,cases,cases_q05_count,cases_q25_count,cases_q50_count,cases_q75_count,cases_q95_count
2026/2027,Abia,South,SE,1,4841943,25.467350000000003,0.0,8.135712500000004,25.467350000000003,31.319312500000002,714.7704999999995,1233.1145706105,0.0,393.92656189387515,1233.1145706105,1516.4632592418752,34608.78019081498
2026/2027,Abia,South,SE,2,4841943,4.91985,0.0,0.0,4.91985,10.771812500000001,694.2229999999995,238.21633268550002,0.0,0.0,238.21633268550002,521.5650213168751,33613.88195288998
2026/2027,Abia,South,SE,3,4841943,7.17265,0.0,0.0,7.17265,13.0246125,696.4757999999995,347.2956245895,0.0,0.0,347.2956245895,630.644313220875,33722.96124479397
2026/2027,Abia,South,SE,4,4841943,6.383,0.0,0.0,6.383,12.234962500000002,695.6861499999995,309.06122169,0.0,0.0,309.06122169,592.409910321375,33684.72684189448
2026/2027,Abia,South,SE,5,4841943,4.8328,0.0,0.0,4.8328,10.684762500000001,694.1359499999995,234.001421304,0.0,0.0,234.001421304,517.350109935375,33609.66704150848
2026/2027,Abia,South,SE,6,4841943,5.2072,0.0,0.0,5.2072,11.059162500000001,694.5103499999996,252.129655896,0.0,0.0,252.129655896,535.478344527375,33627.79527610048
2026/2027,Abia,South,SE,7,4841943,5.954400000000001,0.0,0.0,5.954400000000001,11.806362500000002,695.2575499999995,288.308653992,0.0,0.0,288.308653992,571.6573426233751,33663.97427419647
2026/2027,Abia,South,SE,8,4841943,10.53275,0.0,0.0,10.53275,16.3847125,699.8358999999995,509.98975133249996,0.0,0.0,509.98975133249996,793.338439963875,33885.655371536974
2026/2027,Abia,South,SE,9,4841943,13.4906,0.0,0.0,13.4906,19.3425625,702.7937499999995,653.207162358,0.0,0.0,653.207162358,936.555850989375,34028.872782562474
2026/2027,Abia,South,SE,10,4841943,36.78165,0.0,19.4500125,36.78165,42.6336125,726.0847999999995,1780.9465274594997,0.0,941.758518742875,1780.9465274594997,2064.295216090875,35156.612147663975
2026/2027,Abia,South,SE,11,4841943,62.401650000000004,0.0,45.070012500000004,62.401650000000004,68.2536125,751.7047999999995,3021.4523240595,0.0,2182.2643153428753,3021.4523240595,3304.801012690875,36397.11794426398
2026/2027,Abia,South,SE,12,4841943,191.7775,0.0,174.4458625,191.7775,197.62946250000002,881.0806499999995,9285.757236825,0.0,8446.569228108376,9285.757236825,9569.105925456375,42661.42285702947
2026/2027,Abia,South,SE,13,4841943,558.70845,273.78414999999995,541.3768124999999,558.70845,564.5604125,1248.0115999999994,27052.344685183496,13256.472486034498,26213.15667646687,27052.344685183496,27335.693373814873,60428.01030538797
2026/2027,Abia,South,SE,14,4841943,2033.2000500000004,1748.2757500000002,2015.8684125000004,2033.2000500000004,2039.0520125000003,2722.5032,98446.38749697151,84650.51529782251,97607.19948825489,98446.38749697151,98729.73618560289,131822.053117176
2026/2027,Abia,South,SE,15,4841943,3139.24825,2854.32395,3121.9166125,3139.24825,3145.1002125,3828.5513999999994,152000.6108934975,138204.73869434852,151161.42288478088,152000.6108934975,152283.95958212888,185376.27651370197
2026/2027,Abia,South,SE,16,4841943,2722.4019,2437.4775999999997,2705.0702625,2722.4019,2728.2538624999997,3411.7050499999996,131817.14822891698,118021.27602976799,130977.96022020037,131817.14822891698,132100.49691754836,165192.81384912148
2026/2027,Abia,South,SE,17,4841943,652.37625,367.45195,635.0446125000001,652.37625,658.2282125,1341.6793999999995,31587.6861705375,17791.8139713885,30748.49816182088,31587.6861705375,31871.034859168878,64963.35179074198
2026/2027,Abia,South,SE,18,4841943,311.69190000000003,26.767600000000016,294.36026250000003,311.69190000000003,317.54386250000005,1000.9950499999995,15091.944133617,1296.0719344680008,14252.756124900377,15091.944133617,15375.292822248377,48467.609753821474
2026/2027,Abia,South,SE,19,4841943,45.82665,0.0,28.4950125,45.82665,51.6786125,735.1297999999995,2218.9002718095003,0.0,1379.7122630928752,2218.9002718095003,2502.248960440875,35594.565892013976
2026/2027,Abia,South,SE,20,4841943,12.49585,0.0,0.0,12.49585,18.347812500000003,701.7989999999995,605.0419343655001,0.0,0.0,605.0419343655001,888.3906229968752,33980.70755456998
2026/2027,Abia,South,SE,21,4841943,14.6091,0.0,0.0,14.6091,20.4610625,703.9122499999995,707.364294813,0.0,0.0,707.364294813,990.7129834443751,34083.029915017476
2026/2027,Abia,South,SE,22,4841943,9.84735,0.0,0.0,9.84735,15.699312500000001,699.1504999999995,476.80307401050004,0.0,0.0,476.80307401050004,760.151762641875,33852.46869421498
2026/2027,Abia,South,SE,23,4841943,23.7357,0.0,6.404062500000002,23.7357,29.5876625,713.0388499999995,1149.269064651,0.0,310.0810559343751,1149.269064651,1432.6177532823751,34524.93468485548
2026/2027,Abia,South,SE,24,4841943,51.04385,0.0,33.7122125,51.04385,56.8958125,740.3469999999995,2471.5141220054998,0.0,1632.326113288875,2471.5141220054998,2754.862810636875,35847.17974220998
2026/2027,Abia,South,SE,25,4841943,132.8659,0.0,115.53426250000001,132.8659,138.71786250000002,822.1690499999995,6433.291144437001,0.0,5594.103135720376,6433.291144437001,6716.639833068376,39808.95676464147
2026/2027,Abia,South,SE,26,4841943,156.784,0.0,139.4523625,156.784,162.6359625,846.0871499999995,7591.391913119999,0.0,6752.2039044033745,7591.391913119999,7874.740601751375,40967.05753332448
2026/2027,Abia,South,SE,27,4841943,310.38820000000004,25.463900000000024,293.05656250000004,310.38820000000004,316.24016250000005,999.6913499999996,15028.819722726003,1232.947523577001,14189.631714009378,15028.819722726003,15312.168411357377,48404.48534293048
2026/2027,Abia,South,SE,28,4841943,598.8153500000001,313.89105000000006,581.4837125000001,598.8153500000001,604.6673125000001,1288.1184999999996,28994.297922250506,15198.425723101504,28155.109913533885,28994.297922250506,29277.646610881882,62369.96354245498
2026/2027,Abia,South,SE,29,4841943,445.5682,160.64389999999997,428.2365625,445.5682,451.4201625,1134.8713499999994,21574.158270125998,7778.286070976998,20734.970261409377,21574.158270125998,21857.506958757378,54949.823890330474
2026/2027,Abia,South,SE,30,4841943,374.0967,89.17239999999998,356.7650625,374.0967,379.9486625,1063.3998499999996,18113.548978880997,4317.676779731999,17274.360970164376,18113.548978880997,18396.897667512378,51489.21459908548
2026/2027,Abia,South,SE,31,4841943,180.7931,0.0,163.4614625,180.7931,186.64506250000002,870.0962499999995,8753.898849933,0.0,7914.710841216376,8753.898849933,9037.247538564376,42129.56447013748
2026/2027,Abia,South,SE,32,4841943,29.219800000000003,0.0,11.888162500000004,29.219800000000003,35.071762500000006,718.5229499999995,1414.806060714,0.0,575.6180519973752,1414.806060714,1698.1547493453752,34790.471680918476
2026/2027,Abia,South,SE,33,4841943,11.6555,0.0,0.0,11.6555,17.507462500000003,700.9586499999995,564.352666365,0.0,0.0,564.352666365,847.7013549963751,33940.01828656947
2026/2027,Abia,South,SE,34,4841943,6.563600000000001,0.0,0.0,6.563600000000001,12.415562500000002,695.8667499999995,317.80577074800004,0.0,0.0,317.80577074800004,601.1544593793751,33693.47139095247
2026/2027,Abia,South,SE,35,4841943,5.4729,0.0,0.0,5.4729,11.324862500000002,694.7760499999995,264.994698447,0.0,0.0,264.994698447,548.343387078375,33640.66031865148
2026/2027,Abia,South,SE,36,4841943,4.627350000000001,0.0,0.0,4.627350000000001,10.479312500000002,693.9304999999995,224.05364941050004,0.0,0.0,224.05364941050004,507.4023380418751,33599.71926961497
2026/2027,Abia,South,SE,37,4841943,3.6111500000000003,0.0,0.0,3.6111500000000003,9.463112500000001,692.9142999999995,174.84982464450002,0.0,0.0,174.84982464450002,458.1985132758751,33550.51544484897
2026/2027,Abia,South,SE,38,4841943,5.813650000000001,0.0,0.0,5.813650000000001,11.665612500000002,695.1167999999996,281.49361921950003,0.0,0.0,281.49361921950003,564.8423078508752,33657.15923942398
2026/2027,Abia,South,SE,39,4841943,6.03965,0.0,0.0,6.03965,11.8916125,695.3427999999996,292.4364103995,0.0,0.0,292.4364103995,575.785099030875,33668.10203060398
2026/2027,Abia,South,SE,40,4841943,6.183400000000001,0.0,0.0,6.183400000000001,12.035362500000002,695.4865499999995,299.39670346200006,0.0,0.0,299.39670346200006,582.7453920933751,33675.062323666476
2026/2027,Abia,South,SE,41,4841943,8.109200000000001,0.0,0.0,8.109200000000001,13.961162500000002,697.4123499999995,392.64284175600005,0.0,0.0,392.64284175600005,675.9915303873751,33768.30846196047
2026/2027,Abia,South,SE,42,4841943,6.200150000000001,0.0,0.0,6.200150000000001,12.052112500000002,695.5032999999995,300.2077289145,0.0,0.0,300.2077289145,583.5564175458751,33675.87334911898
2026/2027,Abia,South,SE,43,4841943,4.77065,0.0,0.0,4.77065,10.6226125,694.0737999999996,230.9921537295,0.0,0.0,230.9921537295,514.3408423608751,33606.65777393398
2026/2027,Abia,South,SE,44,4841943,4.858750000000001,0.0,0.0,4.858750000000001,10.710712500000001,694.1618999999995,235.25790551250003,0.0,0.0,235.25790551250003,518.6065941438751,33610.92352571698
2026/2027,Abia,South,SE,45,4841943,5.98405,0.0,0.0,5.98405,11.8360125,695.2871999999995,289.7442900915,0.0,0.0,289.7442900915,573.092978722875,33665.40991029598
2026/2027,Abia,South,SE,46,4841943,5.8855,0.0,0.0,5.8855,11.737462500000001,695.1886499999995,284.97255526500004,0.0,0.0,284.97255526500004,568.3212438963751,33660.638175469474
2026/2027,Abia,South,SE,47,4841943,5.126,0.0,0.0,5.126,10.9779625,694.4291499999995,248.19799818,0.0,0.0,248.19799818,531.546686811375,33623.86361838448
2026/2027,Abia,South,SE,48,4841943,6.965400000000001,0.0,0.0,6.965400000000001,12.817362500000002,696.2685499999995,337.26069772200003,0.0,0.0,337.26069772200003,620.609386353375,33712.92631792648
2026/2027,Abia,South,SE,49,4841943,4.652,0.0,0.0,4.652,10.5039625,693.9551499999995,225.24718836,0.0,0.0,225.24718836,508.595876991375,33600.91280856448
2026/2027,Abia,South,SE,50,4841943,6.76065,0.0,0.0,6.76065,12.612612500000001,696.0637999999996,327.3468194295,0.0,0.0,327.3468194295,610.695508060875,33703.01243963398
2026/2027,Abia,South,SE,51,4841943,4.42175,0.0,0.0,4.42175,10.273712500000002,693.7248999999995,214.09861460250002,0.0,0.0,214.09861460250002,497.4473032338751,33589.76423480698
2026/2027,Abia,South,SE,52,4841943,4.99245,0.0,0.0,4.99245,10.8444125,694.2955999999995,241.7315833035,0.0,0.0,241.7315833035,525.080271934875,33617.39720350798
2026/2027,Adamawa,North,NE,1,5236948,35.87295,0.0,18.541312500000004,35.87295,41.7249125,725.1760999999995,1878.6477375660002,0.0,970.9988941425001,1878.6477375660002,2185.1119706705,37977.09526542797
2026/2027,Adamawa,North,NE,2,5236948,7.115500000000001,0.0,0.0,7.115500000000001,12.967462500000002,696.4186499999995,372.63503494,0.0,0.0,372.63503494,679.0992680445,36471.082562801974
2026/2027,Adamawa,North,NE,3,5236948,9.274500000000002,0.0,0.0,9.274500000000002,15.126462500000002,698.5776499999995,485.7007422600001,0.0,0.0,485.7007422600001,792.1649753645002,36584.14827012197
2026/2027,Adamawa,North,NE,4,5236948,6.800200000000001,0.0,0.0,6.800200000000001,12.652162500000003,696.1033499999995,356.12293789600005,0.0,0.0,356.12293789600005,662.5871710005001,36454.57046575798
2026/2027,Adamawa,North,NE,5,5236948,5.75265,0.0,0.0,5.75265,11.604612500000002,695.0557999999995,301.263289122,0.0,0.0,301.263289122,607.7275222265,36399.71081698398
2026/2027,Adamawa,North,NE,6,5236948,5.5366,0.0,0.0,5.5366,11.3885625,694.8397499999995,289.948862968,0.0,0.0,289.948862968,596.4130960725,36388.39639082997
2026/2027,Adamawa,North,NE,7,5236948,8.234,0.0,0.0,8.234,14.0859625,697.5371499999995,431.21029832000005,0.0,0.0,431.21029832000005,737.6745314245001,36529.657826181974
2026/2027,Adamawa,North,NE,8,5236948,9.040849999999999,0.0,0.0,9.040849999999999,14.8928125,698.3439999999995,473.46461325799993,0.0,0.0,473.46461325799993,779.9288463625,36571.912141119974
2026/2027,Adamawa,North,NE,9,5236948,7.94435,0.0,0.0,7.94435,13.7963125,697.2474999999995,416.041478438,0.0,0.0,416.041478438,722.5057115425001,36514.48900629997
2026/2027,Adamawa,North,NE,10,5236948,13.25305,0.0,0.0,13.25305,19.1050125,702.5561999999995,694.055336914,0.0,0.0,694.055336914,1000.5195700185001,36792.502864775975
2026/2027,Adamawa,North,NE,11,5236948,35.987500000000004,0.0,18.655862500000005,35.987500000000004,41.8394625,725.2906499999995,1884.6466615000004,0.0,976.9978180765003,1884.6466615000004,2191.1108946045,37983.094189361975
2026/2027,Adamawa,North,NE,12,5236948,82.43665000000001,0.0,65.10501250000002,82.43665000000001,88.28861250000001,771.7397999999995,4317.164493442001,0.0,3409.5156500185008,4317.164493442001,4623.628726546501,40415.612021303976
2026/2027,Adamawa,North,NE,13,5236948,210.38025,0.0,193.0486125,210.38025,216.2322125,899.6833999999994,11017.50429477,0.0,10109.8554513465,11017.50429477,11323.9685278745,47115.95182263197
2026/2027,Adamawa,North,NE,14,5236948,469.03369999999995,184.10939999999994,451.70206249999995,469.03369999999995,474.88566249999997,1158.3368499999995,24563.050971475997,9641.713541111996,23655.402128052498,24563.050971475997,24869.515204580497,60661.49849933797
2026/2027,Adamawa,North,NE,15,5236948,1467.5134,1182.5891000000001,1450.1817625,1467.5134,1473.3653625,2156.8165499999996,76852.913651032,61931.57622066801,75945.2648076085,76852.913651032,77159.3778841365,112951.36117889399
2026/2027,Adamawa,North,NE,16,5236948,2142.7196000000004,1857.7953000000002,2125.3879625000004,2142.7196000000004,2148.5715625000003,2832.02275,112213.11123780801,97291.77380744401,111305.46239438452,112213.11123780801,112519.57547091252,148311.55876567002
2026/2027,Adamawa,North,NE,17,5236948,1883.806,1598.8817,1866.4743625,1883.806,1889.6579625,2573.1091499999993,98653.94064088,83732.603210516,97746.2917974565,98653.94064088,98960.40487398449,134752.38816874198
2026/2027,Adamawa,North,NE,18,5236948,894.9013500000001,609.9770500000001,877.5697125000002,894.9013500000001,900.7533125000001,1584.2044999999996,46865.518350798004,31944.180920434002,45957.869507374504,46865.518350798004,47171.9825839025,82963.96587865998
2026/2027,Adamawa,North,NE,19,5236948,338.48609999999996,53.56179999999995,321.15446249999997,338.48609999999996,344.3380625,1027.7892499999994,17726.341044227996,2805.0036138639975,16818.692200804497,17726.341044227996,18032.8052773325,53824.788572089965
2026/2027,Adamawa,North,NE,20,5236948,53.906400000000005,0.0,36.574762500000006,53.906400000000005,59.758362500000004,743.2095499999995,2823.0501366720005,0.0,1915.4012932485002,2823.0501366720005,3129.5143697765006,38921.49766453397
2026/2027,Adamawa,North,NE,21,5236948,19.697499999999998,0.0,2.3658624999999986,19.697499999999998,25.549462499999997,709.0006499999995,1031.5478323,0.0,123.89898887649993,1031.5478323,1338.0120654045,37129.99536016197
2026/2027,Adamawa,North,NE,22,5236948,35.505500000000005,0.0,18.173862500000006,35.505500000000005,41.357462500000004,724.8086499999995,1859.4045721400003,0.0,951.7557287165002,1859.4045721400003,2165.8688052445004,37957.852100001975
2026/2027,Adamawa,North,NE,23,5236948,49.340900000000005,0.0,32.009262500000006,49.340900000000005,55.192862500000004,738.6440499999995,2583.957275732,0.0,1676.3084323085004,2583.957275732,2890.4215088365,38682.40480359398
2026/2027,Adamawa,North,NE,24,5236948,85.78370000000001,0.0,68.45206250000001,85.78370000000001,91.63566250000001,775.0868499999995,4492.447761476001,0.0,3584.7989180525005,4492.447761476001,4798.9119945805005,40590.895289337976
2026/2027,Adamawa,North,NE,25,5236948,171.08720000000002,0.0,153.75556250000002,171.08720000000002,176.93916250000004,860.3903499999996,8959.747698656001,0.0,8052.098855232501,8959.747698656001,9266.211931760501,45058.19522651797
2026/2027,Adamawa,North,NE,26,5236948,363.8511,78.92679999999996,346.5194625,363.8511,369.7030625,1053.1542499999996,19054.692904427997,4133.3554740639975,18147.044061004497,19054.692904427997,19361.1571375325,55153.14043228998
2026/2027,Adamawa,North,NE,27,5236948,569.5903500000001,284.66605000000004,552.2587125,569.5903500000001,575.4423125000001,1258.8934999999997,29829.150442518006,14907.813012154002,28921.5015990945,29829.150442518006,30135.614675622503,65927.59797037998
2026/2027,Adamawa,North,NE,28,5236948,950.23215,665.30785,932.9005125000001,950.23215,956.0841125000001,1639.5352999999996,49763.163574782,34841.826144418,48855.51473135851,49763.163574782,50069.62780788651,85861.61110264398
2026/2027,Adamawa,North,NE,29,5236948,941.0863500000002,656.1620500000001,923.7547125000001,941.0863500000002,946.9383125000002,1630.3894999999998,49284.202784598005,34362.86535423401,48376.553941174505,49284.202784598005,49590.667017702515,85382.65031245998
2026/2027,Adamawa,North,NE,30,5236948,510.5417,225.61739999999998,493.2100625,510.5417,516.3936625,1199.8448499999995,26736.803347316,11815.465916952,25829.1545038925,26736.803347316,27043.2675804205,62835.250875177975
2026/2027,Adamawa,North,NE,31,5236948,268.20985,0.0,250.87821250000002,268.20985,274.06181250000003,957.5129999999995,14046.010375378,0.0,13138.3615319545,14046.010375378,14352.474608482502,50144.45790323998
2026/2027,Adamawa,North,NE,32,5236948,59.42615000000001,0.0,42.09451250000001,59.42615000000001,65.2781125,748.7292999999995,3112.1165739020003,0.0,2204.4677304785005,3112.1165739020003,3418.5808070065004,39210.56410176397
2026/2027,Adamawa,North,NE,33,5236948,13.42235,0.0,0.0,13.42235,19.2743125,702.7254999999996,702.921489878,0.0,0.0,702.921489878,1009.3857229825,36801.36901773998
2026/2027,Adamawa,North,NE,34,5236948,6.12565,0.0,0.0,6.12565,11.977612500000001,695.4287999999995,320.79710516200004,0.0,0.0,320.79710516200004,627.2613382665,36419.24463302397
2026/2027,Adamawa,North,NE,35,5236948,6.041650000000001,0.0,0.0,6.041650000000001,11.893612500000001,695.3447999999995,316.39806884200004,0.0,0.0,316.39806884200004,622.8623019465001,36414.84559670397
2026/2027,Adamawa,North,NE,36,5236948,6.83595,0.0,0.0,6.83595,12.687912500000001,696.1390999999995,357.99514680600004,0.0,0.0,357.99514680600004,664.4593799105,36456.442674667975
2026/2027,Adamawa,North,NE,37,5236948,8.8713,0.0,0.0,8.8713,14.7232625,698.1744499999995,464.58536792399997,0.0,0.0,464.58536792399997,771.0496010285001,36563.032895785975
2026/2027,Adamawa,North,NE,38,5236948,8.13635,0.0,0.0,8.13635,13.988312500000001,697.4394999999995,426.096418598,0.0,0.0,426.096418598,732.5606517025,36524.54394645998
2026/2027,Adamawa,North,NE,39,5236948,9.0395,0.0,0.0,9.0395,14.891462500000001,698.3426499999995,473.39391446,0.0,0.0,473.39391446,779.8581475645001,36571.84144232197
2026/2027,Adamawa,North,NE,40,5236948,6.65855,0.0,0.0,6.65855,12.5105125,695.9616999999995,348.70480105400003,0.0,0.0,348.70480105400003,655.1690341585,36447.152328915974
2026/2027,Adamawa,North,NE,41,5236948,6.0196000000000005,0.0,0.0,6.0196000000000005,11.871562500000001,695.3227499999995,315.243321808,0.0,0.0,315.243321808,621.7075549125001,36413.69084966997
2026/2027,Adamawa,North,NE,42,5236948,3.51735,0.0,0.0,3.51735,9.369312500000001,692.8204999999995,184.20179047800002,0.0,0.0,184.20179047800002,490.6660235825001,36282.64931833997
2026/2027,Adamawa,North,NE,43,5236948,9.62115,0.0,0.0,9.62115,15.473112500000001,698.9242999999994,503.85462250200004,0.0,0.0,503.85462250200004,810.3188556065,36602.30215036397
2026/2027,Adamawa,North,NE,44,5236948,8.2022,0.0,0.0,8.2022,14.0541625,697.5053499999995,429.544948856,0.0,0.0,429.544948856,736.0091819605001,36527.99247671798
2026/2027,Adamawa,North,NE,45,5236948,7.71365,0.0,0.0,7.71365,13.5656125,697.0167999999995,403.959839402,0.0,0.0,403.959839402,710.4240725065,36502.40736726397
2026/2027,Adamawa,North,NE,46,5236948,8.9498,0.0,0.0,8.9498,14.8017625,698.2529499999995,468.696372104,0.0,0.0,468.696372104,775.1606052085,36567.14389996597
2026/2027,Adamawa,North,NE,47,5236948,6.1549,0.0,0.0,6.1549,12.0068625,695.4580499999995,322.328912452,0.0,0.0,322.328912452,628.7931455565,36420.77644031397
2026/2027,Adamawa,North,NE,48,5236948,10.371550000000001,0.0,0.0,10.371550000000001,16.223512500000002,699.6746999999995,543.1526802940001,0.0,0.0,543.1526802940001,849.6169133985001,36641.60020815597
2026/2027,Adamawa,North,NE,49,5236948,7.42345,0.0,0.0,7.42345,13.275412500000002,696.7265999999995,388.76221630599997,0.0,0.0,388.76221630599997,695.2264494105001,36487.20974416798
2026/2027,Adamawa,North,NE,50,5236948,10.944500000000001,0.0,0.0,10.944500000000001,16.796462500000004,700.2476499999995,573.15777386,0.0,0.0,573.15777386,879.6220069645002,36671.605301721975
2026/2027,Adamawa,North,NE,51,5236948,6.0703000000000005,0.0,0.0,6.0703000000000005,11.922262500000002,695.3734499999995,317.89845444400004,0.0,0.0,317.89845444400004,624.3626875485002,36416.345982305975
2026/2027,Adamawa,North,NE,52,5236948,8.3188,0.0,0.0,8.3188,14.1707625,697.6219499999995,435.651230224,0.0,0.0,435.651230224,742.1154633285001,36534.09875808597
2026/2027,Akwa Ibom,South,SS,1,5780581,12.34195,0.0,0.0,12.34195,18.193912500000003,701.6450999999995,713.4364167295,0.0,0.0,713.4364167295,1051.7138491316252,40559.16333803097
2026/2027,Akwa Ibom,South,SS,2,5780581,5.4199,0.0,0.0,5.4199,11.271862500000001,694.7230499999995,313.301709619,0.0,0.0,313.301709619,651.579142021125,40159.028630920475
2026/2027,Akwa Ibom,South,SS,3,5780581,6.4811000000000005,0.0,0.0,6.4811000000000005,12.3330625,695.7842499999995,374.64523519100004,0.0,0.0,374.64523519100004,712.922667593125,40220.37215649247
2026/2027,Akwa Ibom,South,SS,4,5780581,6.314200000000001,0.0,0.0,6.314200000000001,12.166162500000002,695.6173499999995,364.99744550200006,0.0,0.0,364.99744550200006,703.2748779041251,40210.72436680347
2026/2027,Akwa Ibom,South,SS,5,5780581,4.7514,0.0,0.0,4.7514,10.603362500000001,694.0545499999995,274.658525634,0.0,0.0,274.658525634,612.935958036125,40120.38544693547
2026/2027,Akwa Ibom,South,SS,6,5780581,6.08335,0.0,0.0,6.08335,11.935312500000002,695.3864999999995,351.6529742635,0.0,0.0,351.6529742635,689.9304066656251,40197.37989556497
2026/2027,Akwa Ibom,South,SS,7,5780581,8.8565,0.0,0.0,8.8565,14.708462500000001,698.1596499999995,511.95715626500004,0.0,0.0,511.95715626500004,850.2345886671251,40357.68407756647
2026/2027,Akwa Ibom,South,SS,8,5780581,11.5958,0.0,0.0,11.5958,17.447762500000003,700.8989499999996,670.304611598,0.0,0.0,670.304611598,1008.5820440001253,40516.03153289948
2026/2027,Akwa Ibom,South,SS,9,5780581,12.9408,0.0,0.0,12.9408,18.792762500000002,702.2439499999995,748.053426048,0.0,0.0,748.053426048,1086.330858450125,40593.780347349464
2026/2027,Akwa Ibom,South,SS,10,5780581,32.2243,0.0,14.8926625,32.2243,38.0762625,721.5274499999995,1862.751763183,0.0,860.882418869125,1862.751763183,2201.029195585125,41708.478684484464
2026/2027,Akwa Ibom,South,SS,11,5780581,90.68375,0.0,73.3521125,90.68375,96.5357125,779.9868999999995,5242.0476225875,0.0,4240.178278273625,5242.0476225875,5580.325054989626,45087.77454388897
2026/2027,Akwa Ibom,South,SS,12,5780581,260.37059999999997,0.0,243.03896249999997,260.37059999999997,266.2225625,949.6737499999995,15050.933433185997,0.0,14049.064088872123,15050.933433185997,15389.210865588124,54896.66035448747
2026/2027,Akwa Ibom,South,SS,13,5780581,964.3488500000001,679.4245500000001,947.0172125000001,964.3488500000001,970.2008125000001,1653.6519999999996,55744.966396818505,39274.686446635504,54743.097052504636,55744.966396818505,56083.24382922063,95590.69331811999
2026/2027,Akwa Ibom,South,SS,14,5780581,2165.22835,1880.3040499999997,2147.8967125,2165.22835,2171.0803124999998,2854.531499999999,125162.77860671349,108692.49865653047,124160.90926239961,125162.77860671349,125501.05603911562,165008.50552801494
2026/2027,Akwa Ibom,South,SS,15,5780581,2418.16435,2133.24005,2400.8327125,2418.16435,2424.0163125,3107.4674999999997,139783.9489648735,123313.66901469049,138782.07962055964,139783.9489648735,140122.22639727563,179629.675886175
2026/2027,Akwa Ibom,South,SS,16,5780581,1951.8010000000002,1666.8767000000003,1934.4693625000002,1951.8010000000002,1957.6529625,2641.1041499999997,112825.43776381001,96355.15781362701,111823.56841949614,112825.43776381001,113163.71519621211,152671.1646851115
2026/2027,Akwa Ibom,South,SS,17,5780581,994.54285,709.61855,977.2112125000001,994.54285,1000.3948125000001,1683.8459999999995,57490.3550239585,41020.0750737755,56488.48567964463,57490.3550239585,57828.632456360625,97336.08194525997
2026/2027,Akwa Ibom,South,SS,18,5780581,367.56530000000004,82.64100000000002,350.23366250000004,367.56530000000004,373.41726250000005,1056.8684499999995,21247.409894393004,4777.129944210002,20245.540550079128,21247.409894393004,21585.68732679513,61093.136815694466
2026/2027,Akwa Ibom,South,SS,19,5780581,59.33025,0.0,41.9986125,59.33025,65.1822125,748.6333999999995,3429.6331587524996,0.0,2427.763814438625,3429.6331587524996,3767.9105911546253,43275.36008005397
2026/2027,Akwa Ibom,South,SS,20,5780581,10.1488,0.0,0.0,10.1488,16.0007625,699.4519499999996,586.6596045279999,0.0,0.0,586.6596045279999,924.937036930125,40432.386525829475
2026/2027,Akwa Ibom,South,SS,21,5780581,8.392800000000001,0.0,0.0,8.392800000000001,14.244762500000002,697.6959499999995,485.15260216800004,0.0,0.0,485.15260216800004,823.430034570125,40330.87952346947
2026/2027,Akwa Ibom,South,SS,22,5780581,17.1402,0.0,0.0,17.1402,22.9921625,706.4433499999996,990.803144562,0.0,0.0,990.803144562,1329.080576964125,40836.53006586347
2026/2027,Akwa Ibom,South,SS,23,5780581,25.80035,0.0,8.468712500000002,25.80035,31.6523125,715.1034999999995,1491.4101300335,0.0,489.54078571962515,1491.4101300335,1829.6875624356248,41337.137051334976
2026/2027,Akwa Ibom,South,SS,24,5780581,45.44185,0.0,28.110212500000003,45.44185,51.2938125,734.7449999999995,2626.8029471485,0.0,1624.9336028346252,2626.8029471485,2965.080379550625,42472.52986844997
2026/2027,Akwa Ibom,South,SS,25,5780581,79.21785,0.0,61.8862125,79.21785,85.0698125,768.5209999999995,4579.2519857085,0.0,3577.382641394625,4579.2519857085,4917.529418110626,44424.97890700997
2026/2027,Akwa Ibom,South,SS,26,5780581,180.48375000000001,0.0,163.15211250000002,180.48375000000001,186.33571250000003,869.7868999999995,10433.0093605875,0.0,9431.140016273626,10433.0093605875,10771.286792989626,50278.736281888974
2026/2027,Akwa Ibom,South,SS,27,5780581,219.4352,0.0,202.1035625,219.4352,225.28716250000002,908.7383499999995,12684.629478512,0.0,11682.760134198124,12684.629478512,13022.906910914126,52530.35639981347
2026/2027,Akwa Ibom,South,SS,28,5780581,498.57245000000006,213.64815000000004,481.24081250000006,498.57245000000006,504.4244125000001,1187.8755999999996,28820.384315934505,12350.104365751502,27818.514971620625,28820.384315934505,29158.661748336628,68666.11123723598
2026/2027,Akwa Ibom,South,SS,29,5780581,380.1766,95.25229999999999,362.8449625,380.1766,386.0285625,1069.4797499999995,21976.416306045998,5506.136355862999,20974.546961732125,21976.416306045998,22314.693738448124,61822.14322734747
2026/2027,Akwa Ibom,South,SS,30,5780581,339.90770000000003,54.98340000000002,322.57606250000003,339.90770000000003,345.75966250000005,1029.2108499999995,19648.639923737002,3178.359973554001,18646.770579423126,19648.639923737002,19986.91735613913,59494.36684503847
2026/2027,Akwa Ibom,South,SS,31,5780581,116.31715,0.0,98.9855125,116.31715,122.1691125,805.6202999999995,6723.8070726415,0.0,5721.937728327624,6723.8070726415,7062.084505043625,46569.53399394297
2026/2027,Akwa Ibom,South,SS,32,5780581,45.7765,0.0,28.4448625,45.7765,51.6284625,735.0796499999994,2646.147661465,0.0,1644.278317151125,2646.147661465,2984.425093867125,42491.87458276647
2026/2027,Akwa Ibom,South,SS,33,5780581,9.495750000000001,0.0,0.0,9.495750000000001,15.347712500000002,698.7988999999995,548.9095203075001,0.0,0.0,548.9095203075001,887.1869527096251,40394.63644160897
2026/2027,Akwa Ibom,South,SS,34,5780581,6.949350000000001,0.0,0.0,6.949350000000001,12.801312500000002,696.2524999999995,401.7128057235,0.0,0.0,401.7128057235,739.9902381256251,40247.43972702497
2026/2027,Akwa Ibom,South,SS,35,5780581,5.793550000000001,0.0,0.0,5.793550000000001,11.645512500000002,695.0966999999995,334.9008505255,0.0,0.0,334.9008505255,673.1782829276252,40180.62777182697
2026/2027,Akwa Ibom,South,SS,36,5780581,6.750399999999999,0.0,0.0,6.750399999999999,12.6023625,696.0535499999995,390.2123398239999,0.0,0.0,390.2123398239999,728.489772226125,40235.93926112547
2026/2027,Akwa Ibom,South,SS,37,5780581,5.3252500000000005,0.0,0.0,5.3252500000000005,11.177212500000001,694.6283999999995,307.83038970250004,0.0,0.0,307.83038970250004,646.1078221046251,40153.55731100397
2026/2027,Akwa Ibom,South,SS,38,5780581,5.0722000000000005,0.0,0.0,5.0722000000000005,10.924162500000001,694.3753499999995,293.202629482,0.0,0.0,293.202629482,631.4800618841251,40138.92955078347
2026/2027,Akwa Ibom,South,SS,39,5780581,6.1015500000000005,0.0,0.0,6.1015500000000005,11.953512500000002,695.4046999999995,352.7050400055,0.0,0.0,352.7050400055,690.9824724076252,40198.43196130697
2026/2027,Akwa Ibom,South,SS,40,5780581,4.1406,0.0,0.0,4.1406,9.992562500000002,693.4437499999995,239.350736886,0.0,0.0,239.350736886,577.6281692881252,40085.07765818747
2026/2027,Akwa Ibom,South,SS,41,5780581,4.49465,0.0,0.0,4.49465,10.3466125,693.7977999999995,259.8168839165,0.0,0.0,259.8168839165,598.094316318625,40105.543805217974
2026/2027,Akwa Ibom,South,SS,42,5780581,6.37305,0.0,0.0,6.37305,12.225012500000002,695.6761999999995,368.3993174205,0.0,0.0,368.3993174205,706.6767498226251,40214.12623872197
2026/2027,Akwa Ibom,South,SS,43,5780581,7.2637,0.0,0.0,7.2637,13.115662500000001,696.5668499999995,419.884062097,0.0,0.0,419.884062097,758.1614944991251,40265.610983398474
2026/2027,Akwa Ibom,South,SS,44,5780581,6.148149999999999,0.0,0.0,6.148149999999999,12.0001125,695.4512999999995,355.3987907515,0.0,0.0,355.3987907515,693.676223153625,40201.12571205297
2026/2027,Akwa Ibom,South,SS,45,5780581,5.18055,0.0,0.0,5.18055,11.032512500000001,694.4836999999995,299.4658889955,0.0,0.0,299.4658889955,637.7433213976251,40145.192810296976
2026/2027,Akwa Ibom,South,SS,46,5780581,4.54885,0.0,0.0,4.54885,10.4008125,693.8519999999995,262.9499588185,0.0,0.0,262.9499588185,601.227391220625,40108.67688011997
2026/2027,Akwa Ibom,South,SS,47,5780581,6.02765,0.0,0.0,6.02765,11.8796125,695.3307999999995,348.4331906465,0.0,0.0,348.4331906465,686.7106230486249,40194.16011194797
2026/2027,Akwa Ibom,South,SS,48,5780581,3.78255,0.0,0.0,3.78255,9.634512500000001,693.0856999999995,218.6533666155,0.0,0.0,218.6533666155,556.9307990176251,40064.38028791697
2026/2027,Akwa Ibom,South,SS,49,5780581,6.382600000000001,0.0,0.0,6.382600000000001,12.234562500000003,695.6857499999995,368.95136290600004,0.0,0.0,368.95136290600004,707.2287953081252,40214.678284207475
2026/2027,Akwa Ibom,South,SS,50,5780581,4.896700000000001,0.0,0.0,4.896700000000001,10.748662500000002,694.1998499999995,283.05770982700005,0.0,0.0,283.05770982700005,621.3351422291252,40128.784631128474
2026/2027,Akwa Ibom,South,SS,51,5780581,6.0617,0.0,0.0,6.0617,11.913662500000001,695.3648499999995,350.401478477,0.0,0.0,350.401478477,688.678910879125,40196.12839977847
2026/2027,Akwa Ibom,South,SS,52,5780581,5.758299999999999,0.0,0.0,5.758299999999999,11.610262500000001,695.0614499999995,332.86319572299993,0.0,0.0,332.86319572299993,671.140628125125,40178.59011702447
2026/2027,Anambra,South,SE,1,7299910,19.560450000000003,0.0,2.2288125000000036,19.560450000000003,25.412412500000002,708.8635999999995,1427.895245595,0.0,162.70130656875028,1427.895245595,1855.0832413287503,51746.40482275996
2026/2027,Anambra,South,SE,2,7299910,8.0658,0.0,0.0,8.0658,13.9177625,697.3689499999995,588.79614078,0.0,0.0,588.79614078,1015.98413651375,50907.30571794497
2026/2027,Anambra,South,SE,3,7299910,4.455350000000001,0.0,0.0,4.455350000000001,10.307312500000002,693.7584999999995,325.2365401850001,0.0,0.0,325.2365401850001,752.4245359187502,50643.74611734996
2026/2027,Anambra,South,SE,4,7299910,7.1158,0.0,0.0,7.1158,12.967762500000001,696.4189499999995,519.4469957800001,0.0,0.0,519.4469957800001,946.6349915137502,50837.95657294497
2026/2027,Anambra,South,SE,5,7299910,4.3406,0.0,0.0,4.3406,10.192562500000001,693.6437499999995,316.85989346,0.0,0.0,316.85989346,744.04788919375,50635.36947062496
2026/2027,Anambra,South,SE,6,7299910,5.00695,0.0,0.0,5.00695,10.8589125,694.3100999999995,365.502843745,0.0,0.0,365.502843745,792.69083947875,50684.01242090996
2026/2027,Anambra,South,SE,7,7299910,6.303650000000001,0.0,0.0,6.303650000000001,12.155612500000002,695.6067999999995,460.16077671500005,0.0,0.0,460.16077671500005,887.3487724487501,50778.670353879956
2026/2027,Anambra,South,SE,8,7299910,7.31425,0.0,0.0,7.31425,13.1662125,696.6173999999995,533.933667175,0.0,0.0,533.933667175,961.1216629087501,50852.443244339964
2026/2027,Anambra,South,SE,9,7299910,14.665400000000002,0.0,0.0,14.665400000000002,20.517362500000004,703.9685499999995,1070.5610011400001,0.0,0.0,1070.5610011400001,1497.7489968737505,51389.070578304956
2026/2027,Anambra,South,SE,10,7299910,35.0019,0.0,17.6702625,35.0019,40.8538625,724.3050499999995,2555.10719829,0.0,1289.91325926375,2555.10719829,2982.29519402375,52873.61677545496
2026/2027,Anambra,South,SE,11,7299910,91.3187,0.0,73.98706250000001,91.3187,97.1706625,780.6218499999995,6666.182913170001,0.0,5400.988974143751,6666.182913170001,7093.37090890375,56984.69249033497
2026/2027,Anambra,South,SE,12,7299910,314.20595000000003,29.281650000000013,296.87431250000003,314.20595000000003,320.05791250000004,1003.5090999999995,22936.751564645005,2137.5340965150012,21671.557625618752,22936.751564645005,23363.939560378753,73255.26114180997
2026/2027,Anambra,South,SE,13,7299910,858.7950500000001,573.87075,841.4634125,858.7950500000001,864.6470125000001,1548.0981999999995,62691.265734455,41892.048266325,61426.071795428754,62691.265734455,63118.453730188754,113009.77531161997
2026/2027,Anambra,South,SE,14,7299910,1779.10835,1494.1840499999998,1761.7767125,1779.10835,1784.9603124999999,2468.4114999999993,129873.308352485,109074.090884355,128608.11441345875,129873.308352485,130300.49634821874,180191.81792964996
2026/2027,Anambra,South,SE,15,7299910,2302.0331,2017.1088,2284.7014625,2302.0331,2307.8850625,2991.3362499999994,168046.34447021,147247.12700208,166781.15053118375,168046.34447021,168473.53246594375,218364.85404737495
2026/2027,Anambra,South,SE,16,7299910,2241.217,1956.2927,2223.8853625,2241.217,2247.0689625,2930.5201499999994,163606.82390470002,142807.60643657,162341.62996567375,163606.82390470002,164034.01190043375,213925.33348186497
2026/2027,Anambra,South,SE,17,7299910,1020.9021500000001,735.9778500000001,1003.5705125000002,1020.9021500000001,1026.7541125,1710.2052999999996,74524.938138065,53725.720669935006,73259.74419903876,74524.938138065,74952.12613379875,124843.44771522997
2026/2027,Anambra,South,SE,18,7299910,419.32275000000004,134.39845000000003,401.99111250000004,419.32275000000004,425.17471250000006,1108.6258999999995,30610.183359525003,9810.965891395,29344.989420498754,30610.183359525003,31037.371355258754,80928.69293668997
2026/2027,Anambra,South,SE,19,7299910,62.0069,0.0,44.6752625,62.0069,67.8588625,751.3100499999995,4526.44789379,0.0,3261.2539547637502,4526.44789379,4953.63588952375,54844.95747095496
2026/2027,Anambra,South,SE,20,7299910,12.11625,0.0,0.0,12.11625,17.9682125,701.4193999999995,884.4753453750001,0.0,0.0,884.4753453750001,1311.66334110875,51202.98492253997
2026/2027,Anambra,South,SE,21,7299910,9.85375,0.0,0.0,9.85375,15.7057125,699.1568999999995,719.3148816249999,0.0,0.0,719.3148816249999,1146.50287735875,51037.82445878996
2026/2027,Anambra,South,SE,22,7299910,18.9723,0.0,1.6406625000000012,18.9723,24.824262500000003,708.2754499999995,1384.96082493,0.0,119.7668859037501,1384.96082493,1812.1488206637503,51703.470402094965
2026/2027,Anambra,South,SE,23,7299910,18.20075,0.0,0.8691125,18.20075,24.0527125,707.5038999999995,1328.638369325,0.0,63.44443029875,1328.638369325,1755.8263650587498,51647.14794648996
2026/2027,Anambra,South,SE,24,7299910,41.31735,0.0,23.985712499999998,41.31735,47.1693125,730.6204999999995,3016.129364385,0.0,1750.9354253587499,3016.129364385,3443.3173601187495,53334.638941549965
2026/2027,Anambra,South,SE,25,7299910,89.45475,0.0,72.1231125,89.45475,95.3067125,778.7578999999995,6530.116240725,0.0,5264.92230169875,6530.116240725,6957.30423645875,56848.625817889966
2026/2027,Anambra,South,SE,26,7299910,131.6883,0.0,114.3566625,131.6883,137.5402625,820.9914499999995,9613.127380529999,0.0,8347.93344150375,9613.127380529999,10040.31537626375,59931.63695769497
2026/2027,Anambra,South,SE,27,7299910,402.17730000000006,117.25300000000004,384.84566250000006,402.17730000000006,408.0292625000001,1091.4804499999996,29358.58094043,8559.363472300003,28093.387001403757,29358.58094043,29785.768936163753,79677.09051759497
2026/2027,Anambra,South,SE,28,7299910,405.08845,120.16415,387.7568125,405.08845,410.94041250000004,1094.3915999999995,29571.092270395002,8771.874802265,28305.898331368753,29571.092270395002,29998.280266128753,79889.60184755996
2026/2027,Anambra,South,SE,29,7299910,747.4881500000001,462.5638500000001,730.1565125000002,747.4881500000001,753.3401125000001,1436.7912999999996,54565.962210665006,33766.74474253501,53300.768271638764,54565.962210665006,54993.150206398765,104884.47178782997
2026/2027,Anambra,South,SE,30,7299910,301.54855000000003,16.624250000000018,284.21691250000003,301.54855000000003,307.40051250000005,990.8516999999995,22012.772756305003,1213.5552881750014,20747.57881727875,22012.772756305003,22439.960752038754,72331.28233346996
2026/2027,Anambra,South,SE,31,7299910,100.48700000000001,0.0,83.15536250000001,100.48700000000001,106.33896250000001,789.7901499999995,7335.460561700001,0.0,6070.266622673751,7335.460561700001,7762.64855743375,57653.97013886496
2026/2027,Anambra,South,SE,32,7299910,48.96860000000001,0.0,31.63696250000001,48.96860000000001,54.82056250000001,738.2717499999995,3574.663728260001,0.0,2309.469789233751,3574.663728260001,4001.851723993751,53893.17330542496
2026/2027,Anambra,South,SE,33,7299910,8.7157,0.0,0.0,8.7157,14.5676625,698.0188499999995,636.23825587,0.0,0.0,636.23825587,1063.42625160375,50954.74783303496
2026/2027,Anambra,South,SE,34,7299910,6.996950000000002,0.0,0.0,6.996950000000002,12.848912500000003,696.3000999999995,510.77105274500013,0.0,0.0,510.77105274500013,937.9590484787501,50829.28062990996
2026/2027,Anambra,South,SE,35,7299910,5.70675,0.0,0.0,5.70675,11.558712500000002,695.0098999999996,416.5876139250001,0.0,0.0,416.5876139250001,843.7756096587501,50735.09719108996
2026/2027,Anambra,South,SE,36,7299910,6.10095,0.0,0.0,6.10095,11.9529125,695.4040999999995,445.363859145,0.0,0.0,445.363859145,872.55185487875,50763.873436309965
2026/2027,Anambra,South,SE,37,7299910,4.5276499999999995,0.0,0.0,4.5276499999999995,10.3796125,693.8307999999995,330.51437511499995,0.0,0.0,330.51437511499995,757.70237084875,50649.02395227996
2026/2027,Anambra,South,SE,38,7299910,5.928050000000001,0.0,0.0,5.928050000000001,11.780012500000002,695.2311999999995,432.74231475500005,0.0,0.0,432.74231475500005,859.93031048875,50751.251891919965
2026/2027,Anambra,South,SE,39,7299910,5.44845,0.0,0.0,5.44845,11.3004125,694.7515999999995,397.731946395,0.0,0.0,397.731946395,824.9199421287501,50716.24152355996
2026/2027,Anambra,South,SE,40,7299910,3.8278000000000003,0.0,0.0,3.8278000000000003,9.6797625,693.1309499999995,279.42595498000003,0.0,0.0,279.42595498000003,706.6139507137501,50597.93553214497
2026/2027,Anambra,South,SE,41,7299910,5.02435,0.0,0.0,5.02435,10.876312500000001,694.3274999999995,366.773028085,0.0,0.0,366.773028085,793.96102381875,50685.282605249966
2026/2027,Anambra,South,SE,42,7299910,4.88555,0.0,0.0,4.88555,10.737512500000001,694.1886999999995,356.6407530050001,0.0,0.0,356.6407530050001,783.82874873875,50675.15033016996
2026/2027,Anambra,South,SE,43,7299910,6.725300000000001,0.0,0.0,6.725300000000001,12.577262500000002,696.0284499999995,490.94084723000003,0.0,0.0,490.94084723000003,918.1288429637501,50809.45042439496
2026/2027,Anambra,South,SE,44,7299910,5.2462,0.0,0.0,5.2462,11.0981625,694.5493499999995,382.96787842,0.0,0.0,382.96787842,810.1558741537501,50701.477455584965
2026/2027,Anambra,South,SE,45,7299910,5.71325,0.0,0.0,5.71325,11.565212500000001,695.0163999999995,417.062108075,0.0,0.0,417.062108075,844.25010380875,50735.571685239964
2026/2027,Anambra,South,SE,46,7299910,5.835050000000001,0.0,0.0,5.835050000000001,11.687012500000002,695.1381999999995,425.95339845500007,0.0,0.0,425.95339845500007,853.14139418875,50744.462975619965
2026/2027,Anambra,South,SE,47,7299910,7.8294999999999995,0.0,0.0,7.8294999999999995,13.6814625,697.1326499999996,571.54645345,0.0,0.0,571.54645345,998.73444918375,50890.05603061497
2026/2027,Anambra,South,SE,48,7299910,5.60695,0.0,0.0,5.60695,11.4589125,694.9100999999995,409.302303745,0.0,0.0,409.302303745,836.4902994787501,50727.81188090996
2026/2027,Anambra,South,SE,49,7299910,6.316800000000001,0.0,0.0,6.316800000000001,12.168762500000001,695.6199499999996,461.12071488000004,0.0,0.0,461.12071488000004,888.3087106137501,50779.63029204497
2026/2027,Anambra,South,SE,50,7299910,4.0207,0.0,0.0,4.0207,9.8726625,693.3238499999995,293.50748137,0.0,0.0,293.50748137,720.6954771037501,50612.01705853496
2026/2027,Anambra,South,SE,51,7299910,7.06745,0.0,0.0,7.06745,12.9194125,696.3705999999995,515.917489295,0.0,0.0,515.917489295,943.10548502875,50834.42706645996
2026/2027,Anambra,South,SE,52,7299910,4.6473,0.0,0.0,4.6473,10.4992625,693.9504499999995,339.24871743,0.0,0.0,339.24871743,766.43671316375,50657.75829459496
2026/2027,Bauchi,North,NE,1,7540663,28.823800000000002,0.0,11.492162500000003,28.823800000000002,34.675762500000005,718.1269499999995,2173.5056217940005,0.0,866.5852455373752,2173.5056217940005,2614.7823928053754,54151.53321167847
2026/2027,Bauchi,North,NE,2,7540663,7.30285,0.0,0.0,7.30285,13.154812500000002,696.6059999999995,550.6833078955,0.0,0.0,550.6833078955,991.9600789068751,52528.71089777996
2026/2027,Bauchi,North,NE,3,7540663,10.233250000000002,0.0,0.0,10.233250000000002,16.085212500000004,699.5363999999995,771.6548964475002,0.0,0.0,771.6548964475002,1212.9316674588754,52749.682486331956
2026/2027,Bauchi,North,NE,4,7540663,12.023700000000002,0.0,0.0,12.023700000000002,17.875662500000004,701.3268499999995,906.6666971310002,0.0,0.0,906.6666971310002,1347.9434681423754,52884.69428701546
2026/2027,Bauchi,North,NE,5,7540663,8.366,0.0,0.0,8.366,14.2179625,697.6691499999995,630.85186658,0.0,0.0,630.85186658,1072.1286375913749,52608.87945646446
2026/2027,Bauchi,North,NE,6,7540663,11.261550000000002,0.0,0.0,11.261550000000002,17.113512500000002,700.5646999999996,849.1955340765,0.0,0.0,849.1955340765,1290.4723050878752,52827.22312396096
2026/2027,Bauchi,North,NE,7,7540663,13.2735,0.0,0.0,13.2735,19.1254625,702.5766499999995,1000.9099033050001,0.0,0.0,1000.9099033050001,1442.186674316375,52978.93749318947
2026/2027,Bauchi,North,NE,8,7540663,5.851850000000001,0.0,0.0,5.851850000000001,11.703812500000002,695.1549999999995,441.2682877655,0.0,0.0,441.2682877655,882.5450587768752,52419.295877649965
2026/2027,Bauchi,North,NE,9,7540663,12.8064,0.0,0.0,12.8064,18.658362500000003,702.1095499999996,965.687466432,0.0,0.0,965.687466432,1406.9642374433754,52943.71505631647
2026/2027,Bauchi,North,NE,10,7540663,9.0222,0.0,0.0,9.0222,14.8741625,698.3253499999995,680.333697186,0.0,0.0,680.333697186,1121.610468197375,52658.36128707047
2026/2027,Bauchi,North,NE,11,7540663,18.0728,0.0,0.7411625000000015,18.0728,23.9247625,707.3759499999995,1362.8089426640001,0.0,55.88856640737511,1362.8089426640001,1804.085713675375,53340.83653254846
2026/2027,Bauchi,North,NE,12,7540663,22.5313,0.0,5.199662500000002,22.5313,28.3832625,711.8344499999995,1699.009402519,0.0,392.08902626237517,1699.009402519,2140.286173530375,53677.03699240346
2026/2027,Bauchi,North,NE,13,7540663,50.1225,0.0,32.7908625,50.1225,55.9744625,739.4256499999995,3779.5688121750004,0.0,2472.648435918375,3779.5688121750004,4220.845583186375,55757.59640205946
2026/2027,Bauchi,North,NE,14,7540663,88.43795,0.0,71.1063125,88.43795,94.2899125,777.7410999999995,6668.8077736085,0.0,5361.887397351876,6668.8077736085,7110.084544619875,58646.835363492966
2026/2027,Bauchi,North,NE,15,7540663,376.69735000000003,91.77305000000001,359.36571250000003,376.69735000000003,382.54931250000004,1066.0004999999996,28405.4776934305,6920.296425321501,27098.557317173876,28405.4776934305,28846.754464441878,80383.50528331497
2026/2027,Bauchi,North,NE,16,7540663,869.10715,584.18285,851.7755125000001,869.10715,874.9591125000001,1558.4102999999996,65536.4412904045,44051.2600222955,64229.520914147884,65536.4412904045,65977.71806141589,117514.46888028896
2026/2027,Bauchi,North,NE,17,7540663,1572.2874500000003,1287.3631500000001,1554.9558125000003,1572.2874500000003,1578.1394125000002,2261.5905999999995,118560.89799579351,97075.71672768451,117253.97761953689,118560.89799579351,119002.17476680489,170538.92558567796
2026/2027,Bauchi,North,NE,18,7540663,1822.6528,1537.7285000000002,1805.3211625000001,1822.6528,1828.5047625,2511.9559499999996,137440.105308064,115954.924039955,136133.1849318074,137440.105308064,137881.38207907538,189418.13289794847
2026/2027,Bauchi,North,NE,19,7540663,1821.7387,1536.8144000000002,1804.4070625000002,1821.7387,1827.5906625,2511.0418499999996,137371.176107581,115885.99483947201,136064.25573132437,137371.176107581,137812.4528785924,189349.20369746548
2026/2027,Bauchi,North,NE,20,7540663,404.14090000000004,119.21660000000003,386.80926250000005,404.14090000000004,409.99286250000006,1093.4440499999996,30474.903314167004,8989.722046058003,29167.98293791038,30474.903314167004,30916.18008517838,82452.93090405146
2026/2027,Bauchi,North,NE,21,7540663,110.71525,0.0,93.3836125,110.71525,116.5672125,800.0183999999995,8348.6638921075,0.0,7041.743515850875,8348.6638921075,8789.940663118876,60326.69148199196
2026/2027,Bauchi,North,NE,22,7540663,44.2981,0.0,26.9664625,44.2981,50.1500625,733.6012499999995,3340.370436403,0.0,2033.450060146375,3340.370436403,3781.647207414375,55318.39802628746
2026/2027,Bauchi,North,NE,23,7540663,59.97539999999999,0.0,42.643762499999994,59.97539999999999,65.82736249999999,749.2785499999995,4522.542796901999,0.0,3215.622420645375,4522.542796901999,4963.819567913374,56500.57038678646
2026/2027,Bauchi,North,NE,24,7540663,70.60275,0.0,53.2711125,70.60275,76.4547125,759.9058999999995,5323.9154462325005,0.0,4016.995069975875,5323.9154462325005,5765.192217243875,57301.943036116965
2026/2027,Bauchi,North,NE,25,7540663,166.22500000000002,0.0,148.89336250000002,166.22500000000002,172.07696250000004,855.5281499999995,12534.467071750001,0.0,11227.546695493376,12534.467071750001,12975.743842761378,64512.49466163447
2026/2027,Bauchi,North,NE,26,7540663,265.1467,0.0,247.8150625,265.1467,270.9986625,954.4498499999995,19993.819102621,0.0,18686.898726364376,19993.819102621,20435.095873632377,71971.84669250547
2026/2027,Bauchi,North,NE,27,7540663,600.0275,315.1032,582.6958625,600.0275,605.8794625,1289.3306499999994,45246.051682325,23760.870414216002,43939.131306068375,45246.051682325,45687.328453336384,97224.07927220945
2026/2027,Bauchi,North,NE,28,7540663,671.9546,387.0303,654.6229625000001,671.9546,677.8065625,1361.2577499999995,50669.831898998,29184.650630889002,49362.911522741386,50669.831898998,51111.10867000937,102647.85948888246
2026/2027,Bauchi,North,NE,29,7540663,1131.35145,846.4271500000001,1114.0198125000002,1131.35145,1137.2034125,1820.6545999999996,85311.4001901135,63826.21892200451,84004.47981385689,85311.4001901135,85752.67696112487,137289.427779998
2026/2027,Bauchi,North,NE,30,7540663,913.6717000000001,628.7474000000001,896.3400625000002,913.6717000000001,919.5236625000001,1602.9748499999996,68896.90382337102,47411.722555262,67589.9834471144,68896.90382337102,69338.18059438239,120874.93141325546
2026/2027,Bauchi,North,NE,31,7540663,247.2074,0.0,229.8757625,247.2074,253.05936250000002,936.5105499999995,18641.076945062,0.0,17334.156568805374,18641.076945062,19082.353716073376,70619.10453494645
2026/2027,Bauchi,North,NE,32,7540663,80.07675,0.0,62.745112500000005,80.07675,85.9287125,769.3798999999995,6038.3178588525,0.0,4731.397482595875,6038.3178588525,6479.594629863875,58016.34544873696
2026/2027,Bauchi,North,NE,33,7540663,11.950700000000001,0.0,0.0,11.950700000000001,17.802662500000004,701.2538499999995,901.1620131410001,0.0,0.0,901.1620131410001,1342.438784152375,52879.189603025465
2026/2027,Bauchi,North,NE,34,7540663,10.60805,0.0,0.0,10.60805,16.4600125,699.9111999999996,799.9173013715,0.0,0.0,799.9173013715,1241.194072382875,52777.94489125597
2026/2027,Bauchi,North,NE,35,7540663,11.918849999999999,0.0,0.0,11.918849999999999,17.770812499999998,701.2219999999995,898.7603119755,0.0,0.0,898.7603119755,1340.0370829868748,52876.78790185996
2026/2027,Bauchi,North,NE,36,7540663,11.53345,0.0,0.0,11.53345,17.3854125,700.8365999999995,869.6985967735,0.0,0.0,869.6985967735,1310.975367784875,52847.726186657965
2026/2027,Bauchi,North,NE,37,7540663,4.8792,0.0,0.0,4.8792,10.7311625,694.1823499999995,367.92402909599997,0.0,0.0,367.92402909599997,809.2008001073749,52345.95161898046
2026/2027,Bauchi,North,NE,38,7540663,9.889199999999999,0.0,0.0,9.889199999999999,15.7411625,699.1923499999995,745.7112453959999,0.0,0.0,745.7112453959999,1186.988016407375,52723.738835280456
2026/2027,Bauchi,North,NE,39,7540663,15.063950000000002,0.0,0.0,15.063950000000002,20.915912500000005,704.3670999999995,1135.9217039885,0.0,0.0,1135.9217039885,1577.1984749998753,53113.94929387296
2026/2027,Bauchi,North,NE,40,7540663,15.09455,0.0,0.0,15.09455,20.9465125,704.3976999999995,1138.2291468664998,0.0,0.0,1138.2291468664998,1579.505917877875,53116.25673675096
2026/2027,Bauchi,North,NE,41,7540663,8.97865,0.0,0.0,8.97865,14.8306125,698.2817999999995,677.0497384495001,0.0,0.0,677.0497384495001,1118.326509460875,52655.07732833396
2026/2027,Bauchi,North,NE,42,7540663,11.515550000000001,0.0,0.0,11.515550000000001,17.367512500000004,700.8186999999995,868.3488180965,0.0,0.0,868.3488180965,1309.6255891078752,52846.376407980955
2026/2027,Bauchi,North,NE,43,7540663,9.0847,0.0,0.0,9.0847,14.9366625,698.3878499999995,685.0466115610001,0.0,0.0,685.0466115610001,1126.323382572375,52663.074201445466
2026/2027,Bauchi,North,NE,44,7540663,7.28425,0.0,0.0,7.28425,13.136212500000001,696.5873999999995,549.2807445775,0.0,0.0,549.2807445775,990.5575155888752,52527.308334461966
2026/2027,Bauchi,North,NE,45,7540663,11.837800000000001,0.0,0.0,11.837800000000001,17.6897625,701.1409499999995,892.6486046140002,0.0,0.0,892.6486046140002,1333.925375625375,52870.67619449846
2026/2027,Bauchi,North,NE,46,7540663,9.4611,0.0,0.0,9.4611,15.313062500000001,698.7642499999995,713.4296670929999,0.0,0.0,713.4296670929999,1154.706438104375,52691.45725697746
2026/2027,Bauchi,North,NE,47,7540663,8.1004,0.0,0.0,8.1004,13.952362500000001,697.4035499999995,610.823865652,0.0,0.0,610.823865652,1052.100636663375,52588.85145553646
2026/2027,Bauchi,North,NE,48,7540663,13.010549999999999,0.0,0.0,13.010549999999999,18.8625125,702.3136999999995,981.0817299464999,0.0,0.0,981.0817299464999,1422.3585009578749,52959.10931983096
2026/2027,Bauchi,North,NE,49,7540663,7.30445,0.0,0.0,7.30445,13.156412500000002,696.6075999999995,550.8039585035,0.0,0.0,550.8039585035,992.0807295148751,52528.831548387956
2026/2027,Bauchi,North,NE,50,7540663,11.6488,0.0,0.0,11.6488,17.5007625,700.9519499999996,878.3967515439999,0.0,0.0,878.3967515439999,1319.673522555375,52856.42434142847
2026/2027,Bauchi,North,NE,51,7540663,9.37045,0.0,0.0,9.37045,15.2224125,698.6735999999995,706.5940560834999,0.0,0.0,706.5940560834999,1147.870827094875,52684.62164596796
2026/2027,Bauchi,North,NE,52,7540663,10.19275,0.0,0.0,10.19275,16.044712500000003,699.4958999999996,768.6009279325,0.0,0.0,768.6009279325,1209.8776989438752,52746.628517816964
2026/2027,Bayelsa,South,SS,1,2394725,55.4594,0.0,38.1277625,55.4594,61.3113625,744.7625499999995,1328.10011665,0.0,913.0550605281251,1328.10011665,1468.238525628125,17835.014975487487
2026/2027,Bayelsa,South,SS,2,2394725,9.81925,0.0,0.0,9.81925,15.671212500000001,699.1223999999995,235.1440345625,0.0,0.0,235.1440345625,375.282443540625,16742.058893399986
2026/2027,Bayelsa,South,SS,3,2394725,3.3867000000000003,0.0,0.0,3.3867000000000003,9.2386625,692.6898499999995,81.10215157500001,0.0,0.0,81.10215157500001,221.240560553125,16588.017010412488
2026/2027,Bayelsa,South,SS,4,2394725,6.59155,0.0,0.0,6.59155,12.4435125,695.8946999999995,157.8494957375,0.0,0.0,157.8494957375,297.987904715625,16664.76435457499
2026/2027,Bayelsa,South,SS,5,2394725,5.88795,0.0,0.0,5.88795,11.7399125,695.1910999999996,141.0002106375,0.0,0.0,141.0002106375,281.13861961562503,16647.91506947499
2026/2027,Bayelsa,South,SS,6,2394725,7.1446000000000005,0.0,0.0,7.1446000000000005,12.996562500000001,696.4477499999995,171.09352235,0.0,0.0,171.09352235,311.23193132812503,16678.008381187487
2026/2027,Bayelsa,South,SS,7,2394725,5.526750000000001,0.0,0.0,5.526750000000001,11.378712500000002,694.8298999999995,132.35046393750002,0.0,0.0,132.35046393750002,272.48887291562505,16639.265322774987
2026/2027,Bayelsa,South,SS,8,2394725,10.51895,0.0,0.0,10.51895,16.370912500000003,699.8220999999995,251.8999253875,0.0,0.0,251.8999253875,392.0383343656251,16758.81478422499
2026/2027,Bayelsa,South,SS,9,2394725,11.70495,0.0,0.0,11.70495,17.556912500000003,701.0080999999996,280.30136388750003,0.0,0.0,280.30136388750003,420.4397728656251,16787.21622272499
2026/2027,Bayelsa,South,SS,10,2394725,30.4499,0.0,13.1182625,30.4499,36.3018625,719.7530499999995,729.191367775,0.0,314.146311653125,729.191367775,869.3297767531249,17236.106226612486
2026/2027,Bayelsa,South,SS,11,2394725,162.3193,0.0,144.9876625,162.3193,168.1712625,851.6224499999995,3887.100856925,0.0,3472.055800803125,3887.100856925,4027.239265903125,20394.01571576249
2026/2027,Bayelsa,South,SS,12,2394725,270.05215000000004,0.0,252.72051250000004,270.05215000000004,275.90411250000005,959.3552999999995,6467.006349087501,0.0,6051.961292965626,6467.006349087501,6607.144758065627,22973.921207924985
2026/2027,Bayelsa,South,SS,13,2394725,780.06855,495.14424999999994,762.7369125,780.06855,785.9205125,1469.3716999999995,18680.496583987497,11857.3431408125,18265.451527865625,18680.496583987497,18820.634992965624,35187.41144282499
2026/2027,Bayelsa,South,SS,14,2394725,1337.6254,1052.7010999999998,1320.2937625,1337.6254,1343.4773624999998,2026.9285499999994,32032.449860149998,25209.296416974994,31617.404804028123,32032.449860149998,32172.588269128122,48539.36471898748
2026/2027,Bayelsa,South,SS,15,2394725,2427.483,2142.5587,2410.1513625000002,2427.483,2433.3349625,3116.78615,58131.542271750004,51308.388828575,57716.49721562813,58131.542271750004,58271.68068072813,74638.4571305875
2026/2027,Bayelsa,South,SS,16,2394725,1184.4805000000001,899.5562000000001,1167.1488625000002,1184.4805000000001,1190.3324625,1873.7836499999996,28365.050653625003,21541.89721045,27950.00559750313,28365.050653625003,28505.189062603127,44871.96551246249
2026/2027,Bayelsa,South,SS,17,2394725,979.9145,694.9902,962.5828624999999,979.9145,985.7664625,1669.2176499999996,23466.257510124997,16643.10406695,23051.212454003125,23466.257510124997,23606.395919103128,39973.172368962485
2026/2027,Bayelsa,South,SS,18,2394725,351.57730000000004,66.65300000000002,334.24566250000004,351.57730000000004,357.42926250000005,1040.8804499999997,8419.309497425,1596.1560542500004,8004.264441303126,8419.309497425,8559.447906403127,24926.224356262494
2026/2027,Bayelsa,South,SS,19,2394725,60.770849999999996,0.0,43.4392125,60.770849999999996,66.6228125,750.0739999999995,1455.2947376624998,0.0,1040.249681540625,1455.2947376624998,1595.433146640625,17962.20959649999
2026/2027,Bayelsa,South,SS,20,2394725,11.799050000000001,0.0,0.0,11.799050000000001,17.6510125,701.1021999999995,282.55480011250006,0.0,0.0,282.55480011250006,422.693209090625,16789.469658949987
2026/2027,Bayelsa,South,SS,21,2394725,13.9788,0.0,0.0,13.9788,19.8307625,703.2819499999995,334.7538183,0.0,0.0,334.7538183,474.892227278125,16841.668677137488
2026/2027,Bayelsa,South,SS,22,2394725,15.039150000000001,0.0,0.0,15.039150000000001,20.891112500000002,704.3422999999995,360.1462848375,0.0,0.0,360.1462848375,500.284693815625,16867.061143674986
2026/2027,Bayelsa,South,SS,23,2394725,31.9559,0.0,14.6242625,31.9559,37.8078625,721.2590499999995,765.255926275,0.0,350.21087015312503,765.255926275,905.394335253125,17272.17078511249
2026/2027,Bayelsa,South,SS,24,2394725,46.10555,0.0,28.7739125,46.10555,51.9575125,735.4086999999995,1104.1011322375,0.0,689.056076115625,1104.1011322375,1244.239541215625,17611.01599107499
2026/2027,Bayelsa,South,SS,25,2394725,102.66490000000002,0.0,85.33326250000002,102.66490000000002,108.51686250000002,791.9680499999995,2458.5420265250004,0.0,2043.4969704031253,2458.5420265250004,2598.6804355031254,18965.456885362488
2026/2027,Bayelsa,South,SS,26,2394725,256.969,0.0,239.6373625,256.969,262.8209625,946.2721499999996,6153.700885249999,0.0,5738.655829128124,6153.700885249999,6293.839294228124,22660.615744087492
2026/2027,Bayelsa,South,SS,27,2394725,372.00105,87.07675,354.6694125,372.00105,377.85301250000003,1061.3041999999996,8908.4021446125,2085.2487014375,8493.357088490626,8908.4021446125,9048.540553590625,25415.31700344999
2026/2027,Bayelsa,South,SS,28,2394725,378.29175000000004,93.36745000000002,360.96011250000004,378.29175000000004,384.14371250000005,1067.5948999999996,9059.047110187501,2235.8936670125004,8644.002054065626,9059.047110187501,9199.185519165627,25565.961969024993
2026/2027,Bayelsa,South,SS,29,2394725,314.4098,29.485500000000002,297.0781625,314.4098,320.26176250000003,1003.7129499999995,7529.25008305,706.0966398749999,7114.205026928125,7529.25008305,7669.388492028125,24036.164941887488
2026/2027,Bayelsa,South,SS,30,2394725,279.35975,0.0,262.0281125,279.35975,285.21171250000003,968.6628999999996,6689.8977731875,0.0,6274.852717065625,6689.8977731875,6830.036182165626,23196.81263202499
2026/2027,Bayelsa,South,SS,31,2394725,158.23745000000002,0.0,140.90581250000002,158.23745000000002,164.08941250000004,847.5405999999996,3789.351774512501,0.0,3374.3067183906255,3789.351774512501,3929.4901834906254,20296.26663334999
2026/2027,Bayelsa,South,SS,32,2394725,21.6641,0.0,4.332462500000002,21.6641,27.516062500000004,710.9672499999995,518.795618725,0.0,103.75056260312505,518.795618725,658.9340277031251,17025.710477562487
2026/2027,Bayelsa,South,SS,33,2394725,13.606700000000002,0.0,0.0,13.606700000000002,19.458662500000003,702.9098499999996,325.843046575,0.0,0.0,325.843046575,465.98145555312504,16832.75790541249
2026/2027,Bayelsa,South,SS,34,2394725,9.03415,0.0,0.0,9.03415,14.886112500000001,698.3372999999995,216.3430485875,0.0,0.0,216.3430485875,356.481457565625,16723.257907424988
2026/2027,Bayelsa,South,SS,35,2394725,5.34915,0.0,0.0,5.34915,11.2011125,694.6522999999995,128.09743233749998,0.0,0.0,128.09743233749998,268.235841315625,16635.01229117499
2026/2027,Bayelsa,South,SS,36,2394725,4.5539000000000005,0.0,0.0,4.5539000000000005,10.405862500000001,693.8570499999995,109.05338177500002,0.0,0.0,109.05338177500002,249.19179075312502,16615.96824061249
2026/2027,Bayelsa,South,SS,37,2394725,4.9962,0.0,0.0,4.9962,10.8481625,694.2993499999995,119.64525045,0.0,0.0,119.64525045,259.783659428125,16626.56010928749
2026/2027,Bayelsa,South,SS,38,2394725,5.312050000000001,0.0,0.0,5.312050000000001,11.164012500000002,694.6151999999995,127.20898936250003,0.0,0.0,127.20898936250003,267.34739834062503,16634.123848199986
2026/2027,Bayelsa,South,SS,39,2394725,6.0360000000000005,0.0,0.0,6.0360000000000005,11.8879625,695.3391499999994,144.545601,0.0,0.0,144.545601,284.684009978125,16651.460459837486
2026/2027,Bayelsa,South,SS,40,2394725,6.802,0.0,0.0,6.802,12.6539625,696.1051499999995,162.8891945,0.0,0.0,162.8891945,303.027603478125,16669.804053337488
2026/2027,Bayelsa,South,SS,41,2394725,5.468500000000001,0.0,0.0,5.468500000000001,11.320462500000001,694.7716499999995,130.955536625,0.0,0.0,130.955536625,271.093945603125,16637.870395462487
2026/2027,Bayelsa,South,SS,42,2394725,3.75605,0.0,0.0,3.75605,9.608012500000001,693.0591999999995,89.94706836249999,0.0,0.0,89.94706836249999,230.08547734062503,16596.861927199985
2026/2027,Bayelsa,South,SS,43,2394725,5.1637,0.0,0.0,5.1637,11.015662500000001,694.4668499999995,123.65641482500001,0.0,0.0,123.65641482500001,263.79482380312504,16630.571273662485
2026/2027,Bayelsa,South,SS,44,2394725,7.148750000000001,0.0,0.0,7.148750000000001,13.000712500000002,696.4518999999995,171.1929034375,0.0,0.0,171.1929034375,311.33131241562506,16678.107762274987
2026/2027,Bayelsa,South,SS,45,2394725,7.25755,0.0,0.0,7.25755,13.109512500000001,696.5606999999995,173.7983642375,0.0,0.0,173.7983642375,313.936773215625,16680.71322307499
2026/2027,Bayelsa,South,SS,46,2394725,5.09495,0.0,0.0,5.09495,10.9469125,694.3980999999995,122.0100413875,0.0,0.0,122.0100413875,262.14845036562497,16628.92490022499
2026/2027,Bayelsa,South,SS,47,2394725,4.5310500000000005,0.0,0.0,4.5310500000000005,10.383012500000001,693.8341999999996,108.50618711250002,0.0,0.0,108.50618711250002,248.64459609062504,16615.42104594999
2026/2027,Bayelsa,South,SS,48,2394725,5.438949999999999,0.0,0.0,5.438949999999999,11.290912500000001,694.7420999999995,130.2478953875,0.0,0.0,130.2478953875,270.386304365625,16637.162754224988
2026/2027,Bayelsa,South,SS,49,2394725,4.4034,0.0,0.0,4.4034,10.2553625,693.7065499999995,105.44932065000002,0.0,0.0,105.44932065000002,245.58772962812503,16612.36417948749
2026/2027,Bayelsa,South,SS,50,2394725,5.79195,0.0,0.0,5.79195,11.6439125,695.0950999999995,138.70127463749998,0.0,0.0,138.70127463749998,278.839683615625,16645.61613347499
2026/2027,Bayelsa,South,SS,51,2394725,4.261150000000001,0.0,0.0,4.261150000000001,10.113112500000002,693.5642999999995,102.04282433750002,0.0,0.0,102.04282433750002,242.18123331562504,16608.95768317499
2026/2027,Bayelsa,South,SS,52,2394725,5.693900000000001,0.0,0.0,5.693900000000001,11.545862500000002,694.9970499999995,136.35324677500003,0.0,0.0,136.35324677500003,276.4916557531251,16643.26810561249
2026/2027,Benue,North,NC,1,6687706,33.6344,0.0,16.3027625,33.6344,39.4863625,722.9375499999995,2249.369786864,0.0,1090.28082587825,2249.369786864,2640.7318340942497,48347.937907602965
2026/2027,Benue,North,NC,2,6687706,6.8331,0.0,0.0,6.8331,12.6850625,696.1362499999994,456.977638686,0.0,0.0,456.977638686,848.33968591625,46555.54575942496
2026/2027,Benue,North,NC,3,6687706,9.88495,0.0,0.0,9.88495,15.7369125,699.1880999999995,661.0763942469999,0.0,0.0,661.0763942469999,1052.43844147725,46759.64451498597
2026/2027,Benue,North,NC,4,6687706,4.8933,0.0,0.0,4.8933,10.7452625,694.1964499999995,327.249517698,0.0,0.0,327.249517698,718.61156492825,46425.817638436965
2026/2027,Benue,North,NC,5,6687706,7.0048,0.0,0.0,7.0048,12.856762500000002,696.3079499999996,468.460429888,0.0,0.0,468.460429888,859.8224771182502,46567.02855062697
2026/2027,Benue,North,NC,6,6687706,5.8981,0.0,0.0,5.8981,11.750062500000002,695.2012499999995,394.44758758600005,0.0,0.0,394.44758758600005,785.8096348162502,46493.015708324965
2026/2027,Benue,North,NC,7,6687706,6.397,0.0,0.0,6.397,12.248962500000001,695.7001499999996,427.81255282000006,0.0,0.0,427.81255282000006,819.1746000502501,46526.38067355897
2026/2027,Benue,North,NC,8,6687706,7.1595,0.0,0.0,7.1595,13.0114625,696.4626499999995,478.80631107,0.0,0.0,478.80631107,870.16835830025,46577.37443180897
2026/2027,Benue,North,NC,9,6687706,8.647150000000002,0.0,0.0,8.647150000000002,14.499112500000003,697.9502999999995,578.2959693790001,0.0,0.0,578.2959693790001,969.6580166092501,46676.86409011797
2026/2027,Benue,North,NC,10,6687706,12.7779,0.0,0.0,12.7779,18.6298625,702.0810499999995,854.548384974,0.0,0.0,854.548384974,1245.9104322042501,46953.11650571297
2026/2027,Benue,North,NC,11,6687706,28.59355,0.0,11.261912500000001,28.59355,34.4455125,717.8966999999996,1912.2525589630002,0.0,753.1635979772501,1912.2525589630002,2303.61460619325,48010.82067970197
2026/2027,Benue,North,NC,12,6687706,59.8643,0.0,42.5326625,59.8643,65.7162625,749.1674499999995,4003.5483829580003,0.0,2844.4594219722503,4003.5483829580003,4394.91043018825,50102.11650369697
2026/2027,Benue,North,NC,13,6687706,194.61535,0.0,177.2837125,194.61535,200.46731250000002,883.9184999999995,13015.302438871,0.0,11856.21347788525,13015.302438871,13406.66448610125,59113.87055960997
2026/2027,Benue,North,NC,14,6687706,585.19245,300.26815,567.8608125000001,585.19245,591.0444125,1274.4955999999995,39135.950590197,20081.051083639,37976.86162921126,39135.950590197,39527.312637427254,85234.51871093597
2026/2027,Benue,North,NC,15,6687706,1166.2444500000001,881.3201500000001,1148.9128125000002,1166.2444500000001,1172.0964125,1855.5475999999996,77995.00005731701,58940.10055075901,76835.91109633126,77995.00005731701,78386.36210454725,124093.56817805597
2026/2027,Benue,North,NC,16,6687706,2014.73045,1729.80615,1997.3988125,2014.73045,2020.5824125,2704.0335999999998,134739.249188477,115684.34968191899,133580.16022749126,134739.249188477,135130.61123570724,180837.81730921596
2026/2027,Benue,North,NC,17,6687706,2078.2405,1793.3161999999998,2060.9088625,2078.2405,2084.0924625,2767.5436499999996,138986.61461293,119931.71510637198,137827.52565194425,138986.61461293,139377.97666016023,185085.18273366897
2026/2027,Benue,North,NC,18,6687706,1044.004,759.0796999999999,1026.6723625,1044.004,1049.8559624999998,1733.3071499999994,69819.91814823999,50765.01864168199,68660.82918725425,69819.91814823999,70211.28019547024,115918.48626897896
2026/2027,Benue,North,NC,19,6687706,412.9354,128.0111,395.6037625,412.9354,418.78736250000003,1102.2385499999996,27615.905521924,8561.006015366,26456.816560938252,27615.905521924,28007.267569154254,73714.47364266297
2026/2027,Benue,North,NC,20,6687706,61.05160000000001,0.0,43.71996250000001,61.05160000000001,66.9035625,750.3547499999995,4082.9515162960006,0.0,2923.8625553102506,4082.9515162960006,4474.313563526251,50181.519637034966
2026/2027,Benue,North,NC,21,6687706,15.18505,0.0,0.0,15.18505,21.037012500000003,704.4881999999996,1015.5314999530001,0.0,0.0,1015.5314999530001,1406.8935471832501,47114.099620691966
2026/2027,Benue,North,NC,22,6687706,26.36485,0.0,9.033212500000001,26.36485,32.2168125,715.6679999999996,1763.203655341,0.0,604.1146943552501,1763.203655341,2154.5657025712503,47861.77177607997
2026/2027,Benue,North,NC,23,6687706,25.8645,0.0,8.5328625,25.8645,31.7164625,715.1676499999995,1729.7417183699997,0.0,570.65275738425,1729.7417183699997,2121.10376560025,47828.30983910897
2026/2027,Benue,North,NC,24,6687706,53.58885,0.0,36.2572125,53.58885,59.4408125,742.8919999999995,3583.864736781,0.0,2424.7757757952504,3583.864736781,3975.22678401125,49682.43285751997
2026/2027,Benue,North,NC,25,6687706,162.0002,0.0,144.6685625,162.0002,167.85216250000002,851.3033499999995,10834.097095412002,0.0,9675.00813442625,10834.097095412002,11225.459142642252,56932.66521615096
2026/2027,Benue,North,NC,26,6687706,286.4381,1.5138000000000034,269.1064625,286.4381,292.29006250000003,975.7412499999996,19156.137999986004,101.23849342800023,17997.049039000252,19156.137999986004,19547.500047216254,65254.70612072497
2026/2027,Benue,North,NC,27,6687706,550.2911,265.3668,532.9594625,550.2911,556.1430625,1239.5942499999996,36801.850912166,17746.951405608,35642.76195118025,36801.850912166,37193.21295939625,82900.41903290497
2026/2027,Benue,North,NC,28,6687706,850.8905000000001,565.9662000000001,833.5588625,850.8905000000001,856.7424625000001,1540.1936499999997,56905.055021930006,37850.155515372004,55745.96606094425,56905.055021930006,57296.41706916026,103003.62314266898
2026/2027,Benue,North,NC,29,6687706,851.7473,566.823,834.4156625,851.7473,857.5992625,1541.0504499999995,56962.355286938,37907.45578038,55803.26632595225,56962.355286938,57353.71733416825,103060.92340767696
2026/2027,Benue,North,NC,30,6687706,853.72045,568.79615,836.3888125000001,853.72045,859.5724125,1543.0235999999995,57094.313757877004,38039.414251319,55935.22479689126,57094.313757877004,57485.675805107254,103192.88187861597
2026/2027,Benue,North,NC,31,6687706,251.25975000000003,0.0,233.92811250000003,251.25975000000003,257.1117125,940.5628999999996,16803.513376335002,0.0,15644.424415349253,16803.513376335002,17194.875423565252,62902.081497073974
2026/2027,Benue,North,NC,32,6687706,42.698899999999995,0.0,25.367262499999995,42.698899999999995,48.550862499999994,732.0020499999995,2855.5768972339993,0.0,1696.4879362482498,2855.5768972339993,3246.9389444642497,48954.145017972965
2026/2027,Benue,North,NC,33,6687706,19.653350000000003,0.0,2.321712500000004,19.653350000000003,25.505312500000002,708.9564999999996,1314.3582671510003,0.0,155.26930616525027,1314.3582671510003,1705.72031438125,47412.926387889966
2026/2027,Benue,North,NC,34,6687706,6.674600000000001,0.0,0.0,6.674600000000001,12.5265625,695.9777499999996,446.37762467600004,0.0,0.0,446.37762467600004,837.7396719062501,46544.945745414974
2026/2027,Benue,North,NC,35,6687706,5.166,0.0,0.0,5.166,11.017962500000001,694.4691499999996,345.48689196000004,0.0,0.0,345.48689196000004,736.84893919025,46444.05501269898
2026/2027,Benue,North,NC,36,6687706,7.999150000000001,0.0,0.0,7.999150000000001,13.851112500000003,697.3022999999995,534.9596344990001,0.0,0.0,534.9596344990001,926.3216817292503,46633.52775523797
2026/2027,Benue,North,NC,37,6687706,7.42145,0.0,0.0,7.42145,13.273412500000001,696.7245999999996,496.324756937,0.0,0.0,496.324756937,887.6868041672501,46594.89287767597
2026/2027,Benue,North,NC,38,6687706,11.3915,0.0,0.0,11.3915,17.2434625,700.6946499999995,761.8300289900001,0.0,0.0,761.8300289900001,1153.1920762202499,46860.398149728964
2026/2027,Benue,North,NC,39,6687706,7.15065,0.0,0.0,7.15065,13.002612500000001,696.4537999999995,478.214449089,0.0,0.0,478.214449089,869.5764963192502,46576.78256982797
2026/2027,Benue,North,NC,40,6687706,9.696000000000002,0.0,0.0,9.696000000000002,15.547962500000002,698.9991499999995,648.43997376,0.0,0.0,648.43997376,1039.8020209902502,46747.00809449897
2026/2027,Benue,North,NC,41,6687706,4.7029000000000005,0.0,0.0,4.7029000000000005,10.554862500000002,694.0060499999995,314.51612547400003,0.0,0.0,314.51612547400003,705.8781727042502,46413.084246212966
2026/2027,Benue,North,NC,42,6687706,8.222,0.0,0.0,8.222,14.0739625,697.5251499999995,549.86318732,0.0,0.0,549.86318732,941.22523455025,46648.43130805897
2026/2027,Benue,North,NC,43,6687706,9.5617,0.0,0.0,9.5617,15.413662500000001,698.8648499999995,639.458384602,0.0,0.0,639.458384602,1030.82043183225,46738.02650534097
2026/2027,Benue,North,NC,44,6687706,8.0325,0.0,0.0,8.0325,13.884462500000001,697.3356499999995,537.1899844500001,0.0,0.0,537.1899844500001,928.5520316802501,46635.75810518897
2026/2027,Benue,North,NC,45,6687706,6.34895,0.0,0.0,6.34895,12.200912500000001,695.6520999999995,424.59911008700004,0.0,0.0,424.59911008700004,815.9611573172501,46523.167230825966
2026/2027,Benue,North,NC,46,6687706,5.9587,0.0,0.0,5.9587,11.810662500000001,695.2618499999995,398.50033742200003,0.0,0.0,398.50033742200003,789.8623846522501,46497.068458160975
2026/2027,Benue,North,NC,47,6687706,5.77405,0.0,0.0,5.77405,11.626012500000002,695.0771999999995,386.151488293,0.0,0.0,386.151488293,777.5135355232501,46484.71960903196
2026/2027,Benue,North,NC,48,6687706,6.94915,0.0,0.0,6.94915,12.801112500000002,696.2522999999995,464.73872149900006,0.0,0.0,464.73872149900006,856.1007687292501,46563.306842237966
2026/2027,Benue,North,NC,49,6687706,4.561850000000001,0.0,0.0,4.561850000000001,10.413812500000002,693.8649999999996,305.0831161610001,0.0,0.0,305.0831161610001,696.4451633912503,46403.65123689997
2026/2027,Benue,North,NC,50,6687706,7.95795,0.0,0.0,7.95795,13.809912500000001,697.2610999999995,532.2042996270001,0.0,0.0,532.2042996270001,923.56634685725,46630.77242036596
2026/2027,Benue,North,NC,51,6687706,4.22625,0.0,0.0,4.22625,10.078212500000001,693.5293999999996,282.639174825,0.0,0.0,282.639174825,674.0012220552501,46381.207295563974
2026/2027,Benue,North,NC,52,6687706,7.8309999999999995,0.0,0.0,7.8309999999999995,13.6829625,697.1341499999995,523.71425686,0.0,0.0,523.71425686,915.07630409025,46622.282377598975
2026/2027,Borno,North,NE,1,6651590,33.70335,0.0,16.3717125,33.70335,39.5553125,723.0064999999995,2241.808658265,0.0,1088.9791914787502,2241.808658265,2631.05721071875,48091.42805334997
2026/2027,Borno,North,NE,2,6651590,7.793000000000001,0.0,0.0,7.793000000000001,13.644962500000002,697.0961499999995,518.3584087,0.0,0.0,518.3584087,907.6069611537501,46367.97780378497
2026/2027,Borno,North,NE,3,6651590,7.74515,0.0,0.0,7.74515,13.597112500000001,697.0482999999995,515.1756228849999,0.0,0.0,515.1756228849999,904.42417533875,46364.79501796996
2026/2027,Borno,North,NE,4,6651590,7.73205,0.0,0.0,7.73205,13.5840125,697.0351999999995,514.304264595,0.0,0.0,514.304264595,903.5528170487501,46363.92365967997
2026/2027,Borno,North,NE,5,6651590,7.40325,0.0,0.0,7.40325,13.2552125,696.7063999999995,492.43383667499995,0.0,0.0,492.43383667499995,881.6823891287501,46342.053231759965
2026/2027,Borno,North,NE,6,6651590,10.33015,0.0,0.0,10.33015,16.182112500000002,699.6332999999995,687.119224385,0.0,0.0,687.119224385,1076.3677768387502,46536.738619469965
2026/2027,Borno,North,NE,7,6651590,8.31605,0.0,0.0,8.31605,14.168012500000001,697.6191999999995,553.1495501950001,0.0,0.0,553.1495501950001,942.3981026487501,46402.76894527997
2026/2027,Borno,North,NE,8,6651590,7.41115,0.0,0.0,7.41115,13.263112500000002,696.7142999999995,492.959312285,0.0,0.0,492.959312285,882.2078647387501,46342.57870736997
2026/2027,Borno,North,NE,9,6651590,10.143450000000001,0.0,0.0,10.143450000000001,15.995412500000002,699.4465999999995,674.7007058550001,0.0,0.0,674.7007058550001,1063.9492583087501,46524.32010093997
2026/2027,Borno,North,NE,10,6651590,14.29795,0.0,0.0,14.29795,20.1499125,703.6010999999995,951.0410124050001,0.0,0.0,951.0410124050001,1340.28956485875,46800.660407489966
2026/2027,Borno,North,NE,11,6651590,8.76525,0.0,0.0,8.76525,14.6172125,698.0683999999995,583.028492475,0.0,0.0,583.028492475,972.2770449287501,46432.647887559964
2026/2027,Borno,North,NE,12,6651590,20.7102,0.0,3.378562500000001,20.7102,26.5621625,710.0133499999995,1377.55759218,0.0,224.72812539375008,1377.55759218,1766.80614463375,47227.17698726497
2026/2027,Borno,North,NE,13,6651590,52.4473,0.0,35.1156625,52.4473,58.2992625,741.7504499999995,3488.57936207,0.0,2335.74989528375,3488.57936207,3877.8279145237498,49338.19875715497
2026/2027,Borno,North,NE,14,6651590,154.9907,0.0,137.6590625,154.9907,160.84266250000002,844.2938499999996,10309.34590213,0.0,9156.51643534375,10309.34590213,10698.59445458375,56158.96529721498
2026/2027,Borno,North,NE,15,6651590,413.3985,128.4742,396.0668625,413.3985,419.2504625,1102.7016499999995,27497.573286150004,8545.577039779999,26344.74381936375,27497.573286150004,27886.821838603755,73347.19268123497
2026/2027,Borno,North,NE,16,6651590,806.0606,521.1363,788.7289625000001,806.0606,811.9125625,1495.3637499999995,53615.84626354,34663.85001717,52463.016796753756,53615.84626354,54005.09481599375,99465.46565862498
2026/2027,Borno,North,NE,17,6651590,1295.8167,1010.8924000000001,1278.4850625000001,1295.8167,1301.6686625,1985.1198499999996,86192.41403553002,67240.41778916,85039.58456874377,86192.41403553002,86581.66258798374,132042.03343061497
2026/2027,Borno,North,NE,18,6651590,1872.138,1587.2136999999998,1854.8063625,1872.138,1877.9899624999998,2561.4411499999997,124526.9439942,105574.94774783,123374.11452741375,124526.9439942,124916.19254665372,170376.56338928497
2026/2027,Borno,North,NE,19,6651590,1518.8024500000001,1233.87815,1501.4708125000002,1518.8024500000001,1524.6544125,2208.1056,101024.511883955,82072.515637585,99871.68241716878,101024.511883955,101413.76043640875,146874.13127903998
2026/2027,Borno,North,NE,20,6651590,500.77555000000007,215.85125000000005,483.44391250000007,500.77555000000007,506.6275125000001,1190.0786999999996,33309.536406245,14357.540159875005,32156.706939458756,33309.536406245,33698.78495869876,79159.15580132998
2026/2027,Borno,North,NE,21,6651590,108.02565000000001,0.0,90.69401250000001,108.02565000000001,113.87761250000001,797.3287999999995,7185.423332835001,0.0,6032.593866048751,7185.423332835001,7574.671885288751,53035.04272791997
2026/2027,Borno,North,NE,22,6651590,45.9936,0.0,28.6619625,45.9936,51.8455625,735.2967499999995,3059.30569824,0.0,1906.4762314537502,3059.30569824,3448.55425069375,48908.925093324964
2026/2027,Borno,North,NE,23,6651590,52.05325,0.0,34.7216125,52.05325,57.9052125,741.3563999999996,3462.368771675,0.0,2309.53930488875,3462.368771675,3851.61732412875,49311.98816675997
2026/2027,Borno,North,NE,24,6651590,92.4269,0.0,75.0952625,92.4269,98.2788625,781.7300499999996,6147.8584377100005,0.0,4995.02897092375,6147.8584377100005,6537.10699016375,51997.47783279497
2026/2027,Borno,North,NE,25,6651590,264.0868,0.0,246.75516249999998,264.0868,269.9387625,953.3899499999995,17565.97118012,0.0,16413.14171333375,17565.97118012,17955.21973257375,63415.59057520497
2026/2027,Borno,North,NE,26,6651590,344.7221,59.797799999999995,327.3904625,344.7221,350.5740625,1034.0252499999995,22929.50073139,3977.5044850199997,21776.671264603752,22929.50073139,23318.74928384375,68779.12012647497
2026/2027,Borno,North,NE,27,6651590,494.8544,209.93009999999998,477.5227625,494.8544,500.7063625,1184.1575499999994,32915.68578496,13963.689538589999,31762.85631817375,32915.68578496,33304.934337413746,78765.30518004496
2026/2027,Borno,North,NE,28,6651590,556.8249,271.90059999999994,539.4932624999999,556.8249,562.6768625,1246.1280499999993,37037.70936591,18085.713119539996,35884.87989912374,37037.70936591,37426.95791836375,82887.32876099496
2026/2027,Borno,North,NE,29,6651590,635.5029,350.57859999999994,618.1712625,635.5029,641.3548625,1324.8060499999995,42271.04734611,23319.051099739994,41118.21787932375,42271.04734611,42660.295898563745,88120.66674119497
2026/2027,Borno,North,NE,30,6651590,813.3966500000001,528.4723500000001,796.0650125000002,813.3966500000001,819.2486125000001,1502.6997999999996,54103.81023173501,35151.81398536501,52950.980764948756,54103.81023173501,54493.05878418875,99953.42962681997
2026/2027,Borno,North,NE,31,6651590,372.7112,87.7869,355.3795625,372.7112,378.56316250000003,1062.0143499999995,24791.220908080002,5839.22466171,23638.39144129375,24791.220908080002,25180.469460533754,70640.84030316497
2026/2027,Borno,North,NE,32,6651590,78.47525000000002,0.0,61.14361250000002,78.47525000000002,84.32721250000002,767.7783999999995,5219.851881475001,0.0,4067.0224146887513,5219.851881475001,5609.100433928751,51069.47127655996
2026/2027,Borno,North,NE,33,6651590,29.717600000000004,0.0,12.385962500000005,29.717600000000004,35.5695625,719.0207499999995,1976.6929098400003,0.0,823.8634430537504,1976.6929098400003,2365.94146229375,47826.31230492496
2026/2027,Borno,North,NE,34,6651590,11.57695,0.0,0.0,11.57695,17.428912500000003,700.8800999999995,770.051248505,0.0,0.0,770.051248505,1159.2998009587502,46619.67064358996
2026/2027,Borno,North,NE,35,6651590,8.8388,0.0,0.0,8.8388,14.690762500000002,698.1419499999995,587.9207369200001,0.0,0.0,587.9207369200001,977.1692893737501,46437.540132004964
2026/2027,Borno,North,NE,36,6651590,11.5472,0.0,0.0,11.5472,17.399162500000003,700.8503499999995,768.07240048,0.0,0.0,768.07240048,1157.32095293375,46617.69179556497
2026/2027,Borno,North,NE,37,6651590,7.146850000000001,0.0,0.0,7.146850000000001,12.998812500000001,696.4499999999995,475.37915991500006,0.0,0.0,475.37915991500006,864.6277123687502,46324.99855499996
2026/2027,Borno,North,NE,38,6651590,9.8224,0.0,0.0,9.8224,15.6743625,699.1255499999995,653.34577616,0.0,0.0,653.34577616,1042.5943286137501,46502.96517124496
2026/2027,Borno,North,NE,39,6651590,13.66595,0.0,0.0,13.66595,19.5179125,702.9690999999995,909.0029636050001,0.0,0.0,909.0029636050001,1298.2515160587502,46758.622358689965
2026/2027,Borno,North,NE,40,6651590,8.71435,0.0,0.0,8.71435,14.5663125,698.0174999999995,579.642833165,0.0,0.0,579.642833165,968.89138561875,46429.26222824997
2026/2027,Borno,North,NE,41,6651590,5.233250000000001,0.0,0.0,5.233250000000001,11.0852125,694.5363999999995,348.0943336750001,0.0,0.0,348.0943336750001,737.34288612875,46197.71372875997
2026/2027,Borno,North,NE,42,6651590,10.28895,0.0,0.0,10.28895,16.1409125,699.5920999999995,684.378769305,0.0,0.0,684.378769305,1073.62732175875,46533.99816438997
2026/2027,Borno,North,NE,43,6651590,7.8721000000000005,0.0,0.0,7.8721000000000005,13.724062500000002,697.1752499999996,523.6198163900001,0.0,0.0,523.6198163900001,912.8683688437502,46373.239211474975
2026/2027,Borno,North,NE,44,6651590,6.94165,0.0,0.0,6.94165,12.793612500000002,696.2447999999995,461.73009723499996,0.0,0.0,461.73009723499996,850.97864968875,46311.34949231997
2026/2027,Borno,North,NE,45,6651590,11.1553,0.0,0.0,11.1553,17.007262500000003,700.4584499999995,742.00481927,0.0,0.0,742.00481927,1131.2533717237502,46591.62421435496
2026/2027,Borno,North,NE,46,6651590,7.9415,0.0,0.0,7.9415,13.7934625,697.2446499999995,528.23601985,0.0,0.0,528.23601985,917.48457230375,46377.855414934966
2026/2027,Borno,North,NE,47,6651590,10.1483,0.0,0.0,10.1483,16.0002625,699.4514499999995,675.02330797,0.0,0.0,675.02330797,1064.2718604237502,46524.64270305496
2026/2027,Borno,North,NE,48,6651590,9.5458,0.0,0.0,9.5458,15.3977625,698.8489499999995,634.94747822,0.0,0.0,634.94747822,1024.19603067375,46484.56687330497
2026/2027,Borno,North,NE,49,6651590,7.219050000000001,0.0,0.0,7.219050000000001,13.071012500000002,696.5221999999995,480.18160789500007,0.0,0.0,480.18160789500007,869.4301603487501,46329.80100297996
2026/2027,Borno,North,NE,50,6651590,11.433150000000001,0.0,0.0,11.433150000000001,17.285112500000004,700.7362999999995,760.4862620850001,0.0,0.0,760.4862620850001,1149.7348145387502,46610.10565716996
2026/2027,Borno,North,NE,51,6651590,10.7793,0.0,0.0,10.7793,16.6312625,700.0824499999995,716.99484087,0.0,0.0,716.99484087,1106.2433933237498,46566.61423595497
2026/2027,Borno,North,NE,52,6651590,8.37855,0.0,0.0,8.37855,14.230512500000001,697.6816999999995,557.306793945,0.0,0.0,557.306793945,946.5553463987501,46406.92618902997
2026/2027,Cross River,South,SS,1,4175020,26.901699999999998,0.0,9.570062499999999,26.901699999999998,32.7536625,716.2048499999995,1123.15135534,0.0,399.55202338749996,1123.15135534,1367.4719601074999,29901.69572846998
2026/2027,Cross River,South,SS,2,4175020,5.29915,0.0,0.0,5.29915,11.1511125,694.6022999999996,221.24057233,0.0,0.0,221.24057233,465.5611770975,28999.784945459982
2026/2027,Cross River,South,SS,3,4175020,5.91015,0.0,0.0,5.91015,11.7621125,695.2132999999995,246.74994452999996,0.0,0.0,246.74994452999996,491.0705492975,29025.29431765998
2026/2027,Cross River,South,SS,4,4175020,5.4586500000000004,0.0,0.0,5.4586500000000004,11.310612500000001,694.7617999999995,227.89972923,0.0,0.0,227.89972923,472.2203339975,29006.444102359983
2026/2027,Cross River,South,SS,5,4175020,4.1975,0.0,0.0,4.1975,10.0494625,693.5006499999995,175.2464645,0.0,0.0,175.2464645,419.5670692675,28953.790837629982
2026/2027,Cross River,South,SS,6,4175020,6.1974,0.0,0.0,6.1974,12.0493625,695.5005499999995,258.74268947999997,0.0,0.0,258.74268947999997,503.0632942475,29037.28706260998
2026/2027,Cross River,South,SS,7,4175020,7.3736500000000005,0.0,0.0,7.3736500000000005,13.2256125,696.6767999999995,307.85136223,0.0,0.0,307.85136223,552.1719669975,29086.39573535998
2026/2027,Cross River,South,SS,8,4175020,5.8073500000000005,0.0,0.0,5.8073500000000005,11.659312500000002,695.1104999999995,242.45802397000003,0.0,0.0,242.45802397000003,486.77862873750007,29021.002397099983
2026/2027,Cross River,South,SS,9,4175020,14.444400000000002,0.0,0.0,14.444400000000002,20.2963625,703.7475499999995,603.05658888,0.0,0.0,603.05658888,847.3771936475,29381.60096200998
2026/2027,Cross River,South,SS,10,4175020,30.854850000000003,0.0,13.523212500000003,30.854850000000003,36.706812500000005,720.1579999999996,1288.1961584700002,0.0,564.5968265175002,1288.1961584700002,1532.5167632375003,30066.74053159998
2026/2027,Cross River,South,SS,11,4175020,89.4882,0.0,72.1565625,89.4882,95.3401625,778.7913499999995,3736.15024764,0.0,3012.5509156875,3736.15024764,3980.4708524075,32514.694620769977
2026/2027,Cross River,South,SS,12,4175020,249.06000000000003,0.0,231.72836250000003,249.06000000000003,254.91196250000004,938.3631499999996,10398.304812000002,0.0,9674.705480047502,10398.304812000002,10642.625416767502,39176.849185129984
2026/2027,Cross River,South,SS,13,4175020,668.1033500000001,383.1790500000001,650.7717125000001,668.1033500000001,673.9553125000001,1357.4064999999996,27893.448483170003,15997.801973310003,27169.84915121751,27893.448483170003,28137.769087937504,56671.992856299985
2026/2027,Cross River,South,SS,14,4175020,1651.7465499999998,1366.8222499999997,1634.4149125,1651.7465499999998,1657.5985124999997,2341.0496999999996,68960.74881181,57065.102301949984,68237.14947985749,68960.74881181,69205.06941657749,97739.29318493998
2026/2027,Cross River,South,SS,15,4175020,2053.9149,1768.9906,2036.5832625000003,2053.9149,2059.7668625,2743.2180499999995,85751.35785798001,73855.71134812,85027.75852602751,85751.35785798001,85995.6784627475,114529.90223110998
2026/2027,Cross River,South,SS,16,4175020,2116.6088,1831.6844999999998,2099.2771625,2116.6088,2122.4607625,2805.9119499999997,88368.84072176,76473.1942119,87645.24138980752,88368.84072176,88613.1613265275,117147.38509488998
2026/2027,Cross River,South,SS,17,4175020,1134.44025,849.5159500000001,1117.1086125000002,1134.44025,1140.2922125,1823.7433999999996,47363.10732555,35467.46081569,46639.50799359751,47363.10732555,47607.4279303175,76141.65169867998
2026/2027,Cross River,South,SS,18,4175020,349.5599500000001,64.63565000000006,332.2283125000001,349.5599500000001,355.4119125000001,1038.8630999999996,14594.197824490004,2698.5513146300023,13870.598492537503,14594.197824490004,14838.518429257503,43372.742197619984
2026/2027,Cross River,South,SS,19,4175020,72.25585000000001,0.0,54.92421250000001,72.25585000000001,78.10781250000001,761.5589999999995,3016.6961886700005,0.0,2293.0968567175005,3016.6961886700005,3261.0167934375004,31795.24056179998
2026/2027,Cross River,South,SS,20,4175020,10.14155,0.0,0.0,10.14155,15.993512500000001,699.4446999999996,423.41174081,0.0,0.0,423.41174081,667.7323455775,29201.95611393998
2026/2027,Cross River,South,SS,21,4175020,8.77235,0.0,0.0,8.77235,14.6243125,698.0754999999995,366.24736697,0.0,0.0,366.24736697,610.5679717375,29144.79174009998
2026/2027,Cross River,South,SS,22,4175020,18.1329,0.0,0.8012625,18.1329,23.9848625,707.4360499999995,757.05220158,0.0,33.4528696275,757.05220158,1001.3728063474999,29535.59657470998
2026/2027,Cross River,South,SS,23,4175020,27.76045,0.0,10.4288125,27.76045,33.6124125,717.0635999999995,1159.00433959,0.0,435.4050076374999,1159.00433959,1403.3249443574998,29937.548712719978
2026/2027,Cross River,South,SS,24,4175020,45.31830000000001,0.0,27.98666250000001,45.31830000000001,51.17026250000001,734.6214499999995,1892.0480886600003,0.0,1168.4487567075005,1892.0480886600003,2136.3686934275006,30670.59246178998
2026/2027,Cross River,South,SS,25,4175020,78.04145,0.0,60.7098125,78.04145,83.8934125,767.3445999999994,3258.24614579,0.0,2534.6468138375,3258.24614579,3502.5667505575,32036.790518919977
2026/2027,Cross River,South,SS,26,4175020,242.63725000000005,0.0,225.30561250000005,242.63725000000005,248.48921250000006,931.9403999999995,10130.153714950002,0.0,9406.554382997501,10130.153714950002,10374.474319717503,38908.698088079975
2026/2027,Cross River,South,SS,27,4175020,291.7832,6.8589000000000055,274.4515625,291.7832,297.63516250000004,981.0863499999996,12182.00695664,286.36044678000025,11458.4076246875,12182.00695664,12426.327561407501,40960.55132976998
2026/2027,Cross River,South,SS,28,4175020,278.3761,0.0,261.0444625,278.3761,284.2280625,967.6792499999995,11622.257850220001,0.0,10898.6585182675,11622.257850220001,11866.578454987499,40400.80222334998
2026/2027,Cross River,South,SS,29,4175020,610.53815,325.61384999999996,593.2065124999999,610.53815,616.3901125,1299.8412999999996,25490.08987013,13594.443360269997,24766.490538177495,25490.08987013,25734.4104748975,54268.634243259985
2026/2027,Cross River,South,SS,30,4175020,282.33755,0.0,265.0059125,282.33755,288.18951250000003,971.6406999999995,11787.649180010001,0.0,11064.0498480575,11787.649180010001,12031.9697847775,40566.19355313998
2026/2027,Cross River,South,SS,31,4175020,140.9467,0.0,123.6150625,140.9467,146.7986625,830.2498499999995,5884.55291434,0.0,5160.953582387499,5884.55291434,6128.8735191075,34663.09728746998
2026/2027,Cross River,South,SS,32,4175020,19.32935,0.0,1.9977125000000022,19.32935,25.181312500000004,708.6324999999995,807.0042283700001,0.0,83.4048964175001,807.0042283700001,1051.3248331375,29585.548601499977
2026/2027,Cross River,South,SS,33,4175020,13.288800000000002,0.0,0.0,13.288800000000002,19.1407625,702.5919499999995,554.8100577600001,0.0,0.0,554.8100577600001,799.1306625275001,29333.354430889984
2026/2027,Cross River,South,SS,34,4175020,6.292199999999999,0.0,0.0,6.292199999999999,12.1441625,695.5953499999995,262.70060843999994,0.0,0.0,262.70060843999994,507.02121320749995,29041.244981569977
2026/2027,Cross River,South,SS,35,4175020,5.7223,0.0,0.0,5.7223,11.5742625,695.0254499999995,238.90716945999998,0.0,0.0,238.90716945999998,483.22777422749994,29017.45154258998
2026/2027,Cross River,South,SS,36,4175020,5.3689,0.0,0.0,5.3689,11.2208625,694.6720499999996,224.15264878,0.0,0.0,224.15264878,468.4732535475,29002.697021909982
2026/2027,Cross River,South,SS,37,4175020,4.99765,0.0,0.0,4.99765,10.849612500000001,694.3007999999995,208.65288703000002,0.0,0.0,208.65288703000002,452.9734917975,28987.197260159977
2026/2027,Cross River,South,SS,38,4175020,4.9391,0.0,0.0,4.9391,10.7910625,694.2422499999996,206.20841281999998,0.0,0.0,206.20841281999998,450.5290175875,28984.752785949982
2026/2027,Cross River,South,SS,39,4175020,5.38555,0.0,0.0,5.38555,11.237512500000001,694.6886999999995,224.84778961000004,0.0,0.0,224.84778961000004,469.1683943775,29003.39216273998
2026/2027,Cross River,South,SS,40,4175020,5.987800000000001,0.0,0.0,5.987800000000001,11.839762500000003,695.2909499999995,249.99184756000005,0.0,0.0,249.99184756000005,494.3124523275001,29028.536220689977
2026/2027,Cross River,South,SS,41,4175020,4.844150000000001,0.0,0.0,4.844150000000001,10.696112500000002,694.1472999999995,202.24423133000005,0.0,0.0,202.24423133000005,446.5648360975001,28980.788604459984
2026/2027,Cross River,South,SS,42,4175020,5.40585,0.0,0.0,5.40585,11.2578125,694.7089999999995,225.69531866999998,0.0,0.0,225.69531866999998,470.0159234375,29004.23969179998
2026/2027,Cross River,South,SS,43,4175020,4.5721,0.0,0.0,4.5721,10.424062500000002,693.8752499999995,190.88608942,0.0,0.0,190.88608942,435.20669418750003,28969.43046254998
2026/2027,Cross River,South,SS,44,4175020,5.41905,0.0,0.0,5.41905,11.271012500000001,694.7221999999995,226.24642131000002,0.0,0.0,226.24642131000002,470.5670260775001,29004.790794439978
2026/2027,Cross River,South,SS,45,4175020,4.4637,0.0,0.0,4.4637,10.315662500000002,693.7668499999995,186.36036774000002,0.0,0.0,186.36036774000002,430.68097250750003,28964.90474086998
2026/2027,Cross River,South,SS,46,4175020,4.98205,0.0,0.0,4.98205,10.8340125,694.2851999999995,208.00158391,0.0,0.0,208.00158391,452.3221886775,28986.545957039976
2026/2027,Cross River,South,SS,47,4175020,5.565250000000001,0.0,0.0,5.565250000000001,11.417212500000002,694.8683999999995,232.35030055000004,0.0,0.0,232.35030055000004,476.67090531750006,29010.89467367998
2026/2027,Cross River,South,SS,48,4175020,5.8229999999999995,0.0,0.0,5.8229999999999995,11.6749625,695.1261499999995,243.11141459999996,0.0,0.0,243.11141459999996,487.43201936749995,29021.65578772998
2026/2027,Cross River,South,SS,49,4175020,4.3697,0.0,0.0,4.3697,10.2216625,693.6728499999995,182.43584894,0.0,0.0,182.43584894,426.75645370750004,28960.98022206998
2026/2027,Cross River,South,SS,50,4175020,6.26925,0.0,0.0,6.26925,12.121212500000002,695.5723999999996,261.74244135000004,0.0,0.0,261.74244135000004,506.06304611750005,29040.28681447998
2026/2027,Cross River,South,SS,51,4175020,3.14125,0.0,0.0,3.14125,8.9932125,692.4443999999995,131.14781575,0.0,0.0,131.14781575,375.4684205175,28909.69218887998
2026/2027,Cross River,South,SS,52,4175020,5.730800000000001,0.0,0.0,5.730800000000001,11.582762500000001,695.0339499999995,239.26204616000004,0.0,0.0,239.26204616000004,483.5826509275,29017.80641928998
2026/2027,Delta,South,SS,1,6107543,29.10855,0.0,11.776912500000002,29.10855,34.9605125,718.4116999999995,1777.8172079265,0.0,719.2799950098752,1777.8172079265,2135.2283339578753,43877.30349453097
2026/2027,Delta,South,SS,2,6107543,4.944750000000001,0.0,0.0,4.944750000000001,10.796712500000002,694.2478999999995,302.00273249250006,0.0,0.0,302.00273249250006,659.4138585238751,42401.48901909697
2026/2027,Delta,South,SS,3,6107543,6.03775,0.0,0.0,6.03775,11.889712500000002,695.3408999999995,368.7581774825,0.0,0.0,368.7581774825,726.1693035138752,42468.244464086965
2026/2027,Delta,South,SS,4,6107543,5.043900000000001,0.0,0.0,5.043900000000001,10.895862500000002,694.3470499999995,308.05836137700004,0.0,0.0,308.05836137700004,665.469487408375,42407.54464798147
2026/2027,Delta,South,SS,5,6107543,5.72435,0.0,0.0,5.72435,11.5763125,695.0274999999995,349.6171377205,0.0,0.0,349.6171377205,707.028263751875,42449.10342432497
2026/2027,Delta,South,SS,6,6107543,6.4173,0.0,0.0,6.4173,12.2692625,695.7204499999995,391.939356939,0.0,0.0,391.939356939,749.350482970375,42491.425643543465
2026/2027,Delta,South,SS,7,6107543,5.75685,0.0,0.0,5.75685,11.6088125,695.0599999999995,351.6020891955,0.0,0.0,351.6020891955,709.0132152268751,42451.08837579997
2026/2027,Delta,South,SS,8,6107543,7.290150000000001,0.0,0.0,7.290150000000001,13.142112500000001,696.5932999999995,445.24904601450004,0.0,0.0,445.24904601450004,802.660172045875,42544.73533261897
2026/2027,Delta,South,SS,9,6107543,12.64065,0.0,0.0,12.64065,18.4926125,701.9437999999996,772.0331342295,0.0,0.0,772.0331342295,1129.444260260875,42871.519420833974
2026/2027,Delta,South,SS,10,6107543,42.64255,0.0,25.3109125,42.64255,48.4945125,731.9456999999995,2604.4120775465,0.0,1545.8748646298752,2604.4120775465,2961.823203577875,44703.89836415097
2026/2027,Delta,South,SS,11,6107543,82.21780000000001,0.0,64.88616250000001,82.21780000000001,88.06976250000001,771.5209499999995,5021.487488654001,0.0,3962.9502757373757,5021.487488654001,5378.898614685376,47120.97377525848
2026/2027,Delta,South,SS,12,6107543,276.09455,0.0,258.7629125,276.09455,281.94651250000004,965.3976999999995,16862.593361906504,0.0,15804.056148989877,16862.593361906504,17220.004487937877,58962.07964851097
2026/2027,Delta,South,SS,13,6107543,569.30835,284.38405,551.9767125000001,569.30835,575.1603125,1258.6114999999995,34770.7522788405,17368.878138891498,33712.21506592388,34770.7522788405,35128.16340487188,76870.23856544498
2026/2027,Delta,South,SS,14,6107543,1563.4200500000002,1278.49575,1546.0884125000002,1563.4200500000002,1569.2720125,2252.7231999999995,95486.5518243715,78084.67768442251,94428.01461145488,95486.5518243715,95843.96295040287,137586.03811097596
2026/2027,Delta,South,SS,15,6107543,2445.8083000000006,2160.8840000000005,2428.4766625000007,2445.8083000000006,2451.6602625000005,3135.1114500000003,149378.79362006905,131976.91948012004,148320.25640715242,149378.79362006905,149736.2047461004,191478.2799066735
2026/2027,Delta,South,SS,16,6107543,2716.0932000000003,2431.1689,2698.7615625000003,2716.0932000000003,2721.9451625,3405.39635,165886.560110076,148484.685970127,164828.0228971594,165886.560110076,166243.97123610738,207986.0463966805
2026/2027,Delta,South,SS,17,6107543,1625.5848,1340.6605,1608.2531625000001,1625.5848,1631.4367625,2314.8879499999994,99283.29066146401,81881.416521515,98224.75344854739,99283.29066146401,99640.70178749536,141382.77694806847
2026/2027,Delta,South,SS,18,6107543,386.82895,101.90465,369.4973125,386.82895,392.68091250000003,1076.1320999999996,23625.744457698504,6223.8703177495,22567.207244781875,23625.744457698504,23983.155583729877,65725.23074430297
2026/2027,Delta,South,SS,19,6107543,78.99515,0.0,61.663512499999996,78.99515,84.8471125,768.2982999999995,4824.662754164499,0.0,3766.1255412478745,4824.662754164499,5182.073880195874,46924.14904076896
2026/2027,Delta,South,SS,20,6107543,15.736300000000002,0.0,0.0,15.736300000000002,21.588262500000003,705.0394499999995,961.1012891090002,0.0,0.0,961.1012891090002,1318.5124151403752,43060.58757571347
2026/2027,Delta,South,SS,21,6107543,11.85,0.0,0.0,11.85,17.7019625,701.1531499999995,723.7438455,0.0,0.0,723.7438455,1081.154971531375,42823.23013210447
2026/2027,Delta,South,SS,22,6107543,10.84195,0.0,0.0,10.84195,16.693912500000003,700.1450999999995,662.1767582885,0.0,0.0,662.1767582885,1019.5878843198752,42761.66304489297
2026/2027,Delta,South,SS,23,6107543,25.254099999999998,0.0,7.922462499999998,25.254099999999998,31.1060625,714.5572499999995,1542.4050167629998,0.0,483.8678038463749,1542.4050167629998,1899.816142794375,43641.89130336747
2026/2027,Delta,South,SS,24,6107543,36.8904,0.0,19.5587625,36.8904,42.7423625,726.1935499999995,2253.097042872,0.0,1194.559829955375,2253.097042872,2610.508168903375,44352.583329476474
2026/2027,Delta,South,SS,25,6107543,103.7454,0.0,86.4137625,103.7454,109.5973625,793.0485499999995,6336.294915522,0.0,5277.757702605375,6336.294915522,6693.706041553376,48435.781202126476
2026/2027,Delta,South,SS,26,6107543,181.03175,0.0,163.7001125,181.03175,186.8837125,870.3348999999995,11056.591974902498,0.0,9998.054761985873,11056.591974902498,11414.003100933876,53156.07826150697
2026/2027,Delta,South,SS,27,6107543,259.70725000000004,0.0,242.37561250000005,259.70725000000004,265.55921250000006,949.0103999999995,15861.731967867503,0.0,14803.194754950879,15861.731967867503,16219.143093898878,57961.21825447197
2026/2027,Delta,South,SS,28,6107543,449.06915000000004,164.14485000000002,431.73751250000004,449.06915000000004,454.92111250000005,1138.3722999999995,27427.0914359845,10025.2172960355,26368.554223067877,27427.0914359845,27784.502562015878,69526.57772258896
2026/2027,Delta,South,SS,29,6107543,665.5180000000001,380.5937000000001,648.1863625000001,665.5180000000001,671.3699625000002,1354.8211499999998,40646.798022740004,23244.92388279101,39588.260809823376,40646.798022740004,41004.209148771384,82746.28430934448
2026/2027,Delta,South,SS,30,6107543,380.9898,96.06549999999999,363.6581625,380.9898,386.8417625,1070.2929499999996,23269.115860613998,5867.241720665,22210.578647697377,23269.115860613998,23626.526986645375,65368.60214721847
2026/2027,Delta,South,SS,31,6107543,176.15995,0.0,158.8283125,176.15995,182.01191250000002,865.4630999999995,10759.0446950285,0.0,9700.507482111876,10759.0446950285,11116.455821059875,52858.53098163297
2026/2027,Delta,South,SS,32,6107543,55.57795,0.0,38.2463125,55.57795,61.4299125,744.8810999999995,3394.4471947685,0.0,2335.9099818518753,3394.4471947685,3751.8583207998754,45493.933481372966
2026/2027,Delta,South,SS,33,6107543,8.249600000000001,0.0,0.0,8.249600000000001,14.101562500000002,697.5527499999995,503.84786732800006,0.0,0.0,503.84786732800006,861.2589933593752,42603.33415393247
2026/2027,Delta,South,SS,34,6107543,5.42265,0.0,0.0,5.42265,11.2746125,694.7257999999995,331.19068048950004,0.0,0.0,331.19068048950004,688.6018065208749,42430.67696709397
2026/2027,Delta,South,SS,35,6107543,4.45425,0.0,0.0,4.45425,10.3062125,693.7573999999995,272.04523407749997,0.0,0.0,272.04523407749997,629.4563601088751,42371.531520681965
2026/2027,Delta,South,SS,36,6107543,5.21105,0.0,0.0,5.21105,11.063012500000001,694.5141999999995,318.2671195015,0.0,0.0,318.2671195015,675.678245532875,42417.75340610597
2026/2027,Delta,South,SS,37,6107543,3.38865,0.0,0.0,3.38865,9.240612500000001,692.6917999999995,206.96325586950002,0.0,0.0,206.96325586950002,564.374381900875,42306.44954247397
2026/2027,Delta,South,SS,38,6107543,4.228350000000001,0.0,0.0,4.228350000000001,10.080312500000002,693.5314999999995,258.24829444050005,0.0,0.0,258.24829444050005,615.659420471875,42357.73458104497
2026/2027,Delta,South,SS,39,6107543,5.6133,0.0,0.0,5.6133,11.465262500000001,694.9164499999995,342.834711219,0.0,0.0,342.834711219,700.2458372503752,42442.320997823466
2026/2027,Delta,South,SS,40,6107543,4.26335,0.0,0.0,4.26335,10.115312500000002,693.5664999999995,260.3859344905,0.0,0.0,260.3859344905,617.7970605218751,42359.87222109496
2026/2027,Delta,South,SS,41,6107543,5.282800000000001,0.0,0.0,5.282800000000001,11.1347625,694.5859499999995,322.64928160400007,0.0,0.0,322.64928160400007,680.0604076353751,42422.13556820847
2026/2027,Delta,South,SS,42,6107543,6.743500000000001,0.0,0.0,6.743500000000001,12.595462500000002,696.0466499999995,411.86216220500006,0.0,0.0,411.86216220500006,769.2732882363752,42511.34844880947
2026/2027,Delta,South,SS,43,6107543,5.12365,0.0,0.0,5.12365,10.9756125,694.4267999999995,312.9291269195,0.0,0.0,312.9291269195,670.340252950875,42412.41541352397
2026/2027,Delta,South,SS,44,6107543,4.11315,0.0,0.0,4.11315,9.9651125,693.4162999999995,251.21240490450003,0.0,0.0,251.21240490450003,608.623530935875,42350.69869150897
2026/2027,Delta,South,SS,45,6107543,6.6653,0.0,0.0,6.6653,12.517262500000001,695.9684499999995,407.086063579,0.0,0.0,407.086063579,764.497189610375,42506.572350183465
2026/2027,Delta,South,SS,46,6107543,4.7634,0.0,0.0,4.7634,10.6153625,694.0665499999996,290.926703262,0.0,0.0,290.926703262,648.337829293375,42390.41298986647
2026/2027,Delta,South,SS,47,6107543,6.180600000000001,0.0,0.0,6.180600000000001,12.032562500000001,695.4837499999995,377.4828026580001,0.0,0.0,377.4828026580001,734.8939286893751,42476.96908926247
2026/2027,Delta,South,SS,48,6107543,5.4858,0.0,0.0,5.4858,11.3377625,694.7889499999995,335.047593894,0.0,0.0,335.047593894,692.458719925375,42434.53388049847
2026/2027,Delta,South,SS,49,6107543,4.8823,0.0,0.0,4.8823,10.7342625,694.1854499999995,298.188571889,0.0,0.0,298.188571889,655.599697920375,42397.67485849347
2026/2027,Delta,South,SS,50,6107543,4.43055,0.0,0.0,4.43055,10.282512500000001,693.7336999999995,270.5977463865,0.0,0.0,270.5977463865,628.0088724178751,42370.08403299097
2026/2027,Delta,South,SS,51,6107543,4.28665,0.0,0.0,4.28665,10.1386125,693.5897999999995,261.8089920095,0.0,0.0,261.8089920095,619.220118040875,42361.29527861397
2026/2027,Delta,South,SS,52,6107543,5.3734,0.0,0.0,5.3734,11.225362500000001,694.6765499999995,328.182715562,0.0,0.0,328.182715562,685.593841593375,42427.66900216647
2026/2027,Ebonyi,South,SE,1,4007155,31.443750000000005,0.0,14.112112500000006,31.443750000000005,37.29571250000001,720.7468999999995,1259.9998003125002,0.0,565.4942216493753,1259.9998003125002,1494.4970082293753,28881.44544069498
2026/2027,Ebonyi,South,SE,2,4007155,6.41585,0.0,0.0,6.41585,12.267812500000002,695.7189999999995,257.0930540675,0.0,0.0,257.0930540675,491.59026198437505,27878.538694449977
2026/2027,Ebonyi,South,SE,3,4007155,5.1842500000000005,0.0,0.0,5.1842500000000005,11.036212500000001,694.4873999999995,207.74093308750003,0.0,0.0,207.74093308750003,442.23814100437505,27829.186573469982
2026/2027,Ebonyi,South,SE,4,4007155,6.0017,0.0,0.0,6.0017,11.8536625,695.3048499999995,240.497421635,0.0,0.0,240.497421635,474.994629551875,27861.94306201748
2026/2027,Ebonyi,South,SE,5,4007155,5.5902,0.0,0.0,5.5902,11.442162500000002,694.8933499999995,224.00797881,0.0,0.0,224.00797881,458.5051867268751,27845.45361919248
2026/2027,Ebonyi,South,SE,6,4007155,7.2532,0.0,0.0,7.2532,13.1051625,696.5563499999995,290.64696646,0.0,0.0,290.64696646,525.144174376875,27912.09260684248
2026/2027,Ebonyi,South,SE,7,4007155,8.13545,0.0,0.0,8.13545,13.987412500000001,697.4385999999995,326.00009144750004,0.0,0.0,326.00009144750004,560.4972993643751,27947.445731829983
2026/2027,Ebonyi,South,SE,8,4007155,8.3964,0.0,0.0,8.3964,14.2483625,697.6995499999995,336.45676241999996,0.0,0.0,336.45676241999996,570.953970336875,27957.902402802476
2026/2027,Ebonyi,South,SE,9,4007155,14.596850000000002,0.0,0.0,14.596850000000002,20.448812500000003,703.8999999999995,584.9184046175001,0.0,0.0,584.9184046175001,819.415612534375,28206.36404499998
2026/2027,Ebonyi,South,SE,10,4007155,34.09635,0.0,16.7647125,34.09635,39.9483125,723.3994999999995,1366.2935938425,0.0,671.7880151793751,1366.2935938425,1600.790801759375,28987.73923422498
2026/2027,Ebonyi,South,SE,11,4007155,59.53205,0.0,42.2004125,59.53205,65.3840125,748.8351999999995,2385.5415181775,0.0,1691.035939514375,2385.5415181775,2620.038726094375,30006.98715855998
2026/2027,Ebonyi,South,SE,12,4007155,287.90625,2.9819499999999834,270.5746125,287.90625,293.7582125,977.2093999999995,11536.8496921875,119.49135852249934,10842.344113524376,11536.8496921875,11771.346900104374,39158.29533256998
2026/2027,Ebonyi,South,SE,13,4007155,771.8833000000001,486.95900000000006,754.5516625,771.8833000000001,777.7352625000001,1461.1864499999997,30930.560250115002,19513.20191645,30236.054671451875,30930.560250115002,31165.05745803188,58552.00589049749
2026/2027,Ebonyi,South,SE,14,4007155,1685.2159000000001,1400.2916,1667.8842625000002,1685.2159000000001,1691.0678625,2374.51905,67529.213197645,56111.85486398,66834.70761898189,67529.213197645,67763.71040556187,95150.65883802749
2026/2027,Ebonyi,South,SE,15,4007155,3379.07175,3094.14745,3361.7401125,3379.07175,3384.9237125,4068.3749,135404.6425837125,123987.2842500475,134710.1370050494,135404.6425837125,135639.13979162936,163026.088224095
2026/2027,Ebonyi,South,SE,16,4007155,1294.9297499999998,1010.0054499999998,1277.5981124999998,1294.9297499999998,1300.7817124999997,1984.2328999999993,51889.84222361249,40472.48388994749,51195.33664494937,51889.84222361249,52124.33943152936,79511.28786399496
2026/2027,Ebonyi,South,SE,17,4007155,1584.5419500000003,1299.6176500000001,1567.2103125000003,1584.5419500000003,1590.3939125000002,2273.8450999999995,63495.05197652251,52077.693642857506,62800.54639785939,63495.05197652251,63729.549184439384,91116.49761690498
2026/2027,Ebonyi,South,SE,18,4007155,593.4546,308.5303,576.1229625000001,593.4546,599.3065625,1282.7577499999995,23780.64567663,12363.287342964999,23086.140097966876,23780.64567663,24015.142884546876,51402.091317012484
2026/2027,Ebonyi,South,SE,19,4007155,65.24205,0.0,47.91041250000001,65.24205,71.0940125,754.5451999999996,2614.3500686775,0.0,1919.8444900143752,2614.3500686775,2848.847276594375,30235.79570905998
2026/2027,Ebonyi,South,SE,20,4007155,16.0675,0.0,0.0,16.0675,21.9194625,705.3706499999995,643.849629625,0.0,0.0,643.849629625,878.3468375418751,28265.295270007482
2026/2027,Ebonyi,South,SE,21,4007155,6.285900000000001,0.0,0.0,6.285900000000001,12.1378625,695.5890499999995,251.88575614500002,0.0,0.0,251.88575614500002,486.38296406187504,27873.331396527483
2026/2027,Ebonyi,South,SE,22,4007155,15.94785,0.0,0.0,15.94785,21.7998125,705.2509999999995,639.0550686675,0.0,0.0,639.0550686675,873.552276584375,28260.500709049982
2026/2027,Ebonyi,South,SE,23,4007155,20.31145,0.0,2.9798125000000013,20.31145,26.1634125,709.6145999999995,813.9112842475,0.0,119.40570558437506,813.9112842475,1048.408492164375,28435.356924629985
2026/2027,Ebonyi,South,SE,24,4007155,45.4549,0.0,28.123262500000003,45.4549,51.3068625,734.7580499999995,1821.4482980950002,0.0,1126.942719431875,1821.4482980950002,2055.945506011875,29442.89393847748
2026/2027,Ebonyi,South,SE,25,4007155,92.8947,0.0,75.5630625,92.8947,98.7466625,782.1978499999996,3722.4346157849996,0.0,3027.9290371218754,3722.4346157849996,3956.931823701875,31343.880256167482
2026/2027,Ebonyi,South,SE,26,4007155,184.5225,0.0,167.1908625,184.5225,190.37446250000002,873.8256499999995,7394.1025848750005,0.0,6699.597006211876,7394.1025848750005,7628.599792791875,35015.54822525748
2026/2027,Ebonyi,South,SE,27,4007155,291.9914,7.067099999999982,274.6597625,291.9914,297.8433625,981.2945499999995,11700.54798467,283.1896510049993,11006.042406006874,11700.54798467,11935.045192586875,39321.993625052484
2026/2027,Ebonyi,South,SE,28,4007155,444.55735,159.63304999999997,427.2257125,444.55735,450.4093125,1133.8604999999995,17814.102078392498,6396.743744727498,17119.596499729374,17814.102078392498,18048.599286309374,45435.547718774986
2026/2027,Ebonyi,South,SE,29,4007155,422.93460000000005,138.01030000000003,405.60296250000005,422.93460000000005,428.78656250000006,1112.2377499999996,16947.64497063,5530.286636965001,16253.139391966877,16947.64497063,17182.142178546877,44569.09061101248
2026/2027,Ebonyi,South,SE,30,4007155,323.601,38.67669999999998,306.2693625,323.601,329.4529625,1012.9041499999995,12967.19365155,1549.8353178849993,12272.688072886875,12967.19365155,13201.690859466875,40588.63929193248
2026/2027,Ebonyi,South,SE,31,4007155,273.74805000000003,0.0,256.41641250000004,273.74805000000003,279.60001250000005,963.0511999999995,10969.508672977503,0.0,10275.003094314376,10969.508672977503,11204.005880894378,38590.95431335998
2026/2027,Ebonyi,South,SE,32,4007155,39.7839,0.0,22.452262500000003,39.7839,45.6358625,729.0870499999995,1594.2025380450002,0.0,899.6969593818751,1594.2025380450002,1828.6997459618751,29215.64817842748
2026/2027,Ebonyi,South,SE,33,4007155,16.13335,0.0,0.0,16.13335,21.9853125,705.4364999999995,646.4883411925,0.0,0.0,646.4883411925,880.985549109375,28267.933981574977
2026/2027,Ebonyi,South,SE,34,4007155,5.933150000000001,0.0,0.0,5.933150000000001,11.785112500000002,695.2362999999995,237.75051688250005,0.0,0.0,237.75051688250005,472.2477247993751,27859.196157264978
2026/2027,Ebonyi,South,SE,35,4007155,5.98185,0.0,0.0,5.98185,11.8338125,695.2849999999995,239.70200136749997,0.0,0.0,239.70200136749997,474.199209284375,27861.147641749983
2026/2027,Ebonyi,South,SE,36,4007155,5.8005,0.0,0.0,5.8005,11.652462500000002,695.1036499999996,232.435025775,0.0,0.0,232.435025775,466.9322336918751,27853.880666157485
2026/2027,Ebonyi,South,SE,37,4007155,6.141500000000001,0.0,0.0,6.141500000000001,11.993462500000001,695.4446499999995,246.099424325,0.0,0.0,246.099424325,480.59663224187506,27867.54506470748
2026/2027,Ebonyi,South,SE,38,4007155,4.04695,0.0,0.0,4.04695,9.898912500000002,693.3500999999995,162.1675592725,0.0,0.0,162.1675592725,396.6647671893751,27783.61319965498
2026/2027,Ebonyi,South,SE,39,4007155,4.74025,0.0,0.0,4.74025,10.5922125,694.0433999999995,189.9491648875,0.0,0.0,189.9491648875,424.446372804375,27811.394805269974
2026/2027,Ebonyi,South,SE,40,4007155,3.52895,0.0,0.0,3.52895,9.3809125,692.8320999999995,141.4104963725,0.0,0.0,141.4104963725,375.90770428937503,27762.85613675498
2026/2027,Ebonyi,South,SE,41,4007155,4.3756,0.0,0.0,4.3756,10.227562500000001,693.6787499999995,175.33707418,0.0,0.0,175.33707418,409.83428209687503,27796.78271456248
2026/2027,Ebonyi,South,SE,42,4007155,5.4062,0.0,0.0,5.4062,11.258162500000001,694.7093499999995,216.63481361,0.0,0.0,216.63481361,451.13202152687506,27838.080453992483
2026/2027,Ebonyi,South,SE,43,4007155,5.744950000000001,0.0,0.0,5.744950000000001,11.596912500000002,695.0480999999995,230.20905117250004,0.0,0.0,230.20905117250004,464.70625908937507,27851.65469155498
2026/2027,Ebonyi,South,SE,44,4007155,4.18365,0.0,0.0,4.18365,10.035612500000001,693.4867999999994,167.64534015750002,0.0,0.0,167.64534015750002,402.14254807437504,27789.09098053998
2026/2027,Ebonyi,South,SE,45,4007155,4.4308000000000005,0.0,0.0,4.4308000000000005,10.2827625,693.7339499999995,177.54902374000002,0.0,0.0,177.54902374000002,412.046231656875,27798.99466412248
2026/2027,Ebonyi,South,SE,46,4007155,5.446400000000001,0.0,0.0,5.446400000000001,11.298362500000001,694.7495499999995,218.24568992000002,0.0,0.0,218.24568992000002,452.74289783687504,27839.69133030248
2026/2027,Ebonyi,South,SE,47,4007155,4.02,0.0,0.0,4.02,9.8719625,693.3231499999995,161.087631,0.0,0.0,161.087631,395.58483891687507,27782.53327138248
2026/2027,Ebonyi,South,SE,48,4007155,5.1034500000000005,0.0,0.0,5.1034500000000005,10.955412500000001,694.4065999999995,204.50315184750002,0.0,0.0,204.50315184750002,439.000359764375,27825.948792229978
2026/2027,Ebonyi,South,SE,49,4007155,5.39425,0.0,0.0,5.39425,11.246212500000002,694.6973999999996,216.1559585875,0.0,0.0,216.1559585875,450.6531665043751,27837.601598969984
2026/2027,Ebonyi,South,SE,50,4007155,3.8509,0.0,0.0,3.8509,9.702862500000002,693.1540499999995,154.311531895,0.0,0.0,154.311531895,388.80873981187506,27775.757172277477
2026/2027,Ebonyi,South,SE,51,4007155,7.770950000000001,0.0,0.0,7.770950000000001,13.622912500000002,697.0740999999995,311.39401147250004,0.0,0.0,311.39401147250004,545.8912193893751,27932.839651854978
2026/2027,Ebonyi,South,SE,52,4007155,5.9709,0.0,0.0,5.9709,11.822862500000001,695.2740499999995,239.26321789500003,0.0,0.0,239.26321789500003,473.760425811875,27860.70885827748
2026/2027,Edo,South,SS,1,5527810,29.018050000000002,0.0,11.686412500000003,29.018050000000002,34.8700125,718.3211999999995,1604.0626697050002,0.0,646.0026788162502,1604.0626697050002,1927.54803797625,39707.43112571997
2026/2027,Edo,South,SS,2,5527810,4.8977,0.0,0.0,4.8977,10.749662500000001,694.2008499999995,270.73555037,0.0,0.0,270.73555037,594.22091864125,38374.10400638497
2026/2027,Edo,South,SS,3,5527810,6.236800000000001,0.0,0.0,6.236800000000001,12.088762500000001,695.5399499999995,344.75845408,0.0,0.0,344.75845408,668.2438223512501,38448.12691009497
2026/2027,Edo,South,SS,4,5527810,7.3155,0.0,0.0,7.3155,13.167462500000001,696.6186499999995,404.38694055,0.0,0.0,404.38694055,727.87230882125,38507.75539656497
2026/2027,Edo,South,SS,5,5527810,6.241150000000001,0.0,0.0,6.241150000000001,12.093112500000002,695.5442999999995,344.99891381500004,0.0,0.0,344.99891381500004,668.4842820862501,38448.36736982997
2026/2027,Edo,South,SS,6,5527810,5.2455,0.0,0.0,5.2455,11.0974625,694.5486499999995,289.96127355,0.0,0.0,289.96127355,613.4466418212501,38393.329729564975
2026/2027,Edo,South,SS,7,5527810,9.6059,0.0,0.0,9.6059,15.457862500000001,698.9090499999995,530.9959007900001,0.0,0.0,530.9959007900001,854.4812690612501,38634.364356804974
2026/2027,Edo,South,SS,8,5527810,9.442900000000002,0.0,0.0,9.442900000000002,15.294862500000002,698.7460499999995,521.9855704900001,0.0,0.0,521.9855704900001,845.4709387612501,38625.354026504974
2026/2027,Edo,South,SS,9,5527810,15.8579,0.0,0.0,15.8579,21.7098625,705.1610499999995,876.59458199,0.0,0.0,876.59458199,1200.07995026125,38979.96303800497
2026/2027,Edo,South,SS,10,5527810,34.9868,0.0,17.655162500000003,34.9868,40.8387625,724.2899499999995,1934.0038290800003,0.0,975.9438381912502,1934.0038290800003,2257.48919735125,40037.37228509497
2026/2027,Edo,South,SS,11,5527810,72.62995000000001,0.0,55.29831250000001,72.62995000000001,78.4819125,761.9330999999995,4014.8456390950005,0.0,3056.7856482062507,4014.8456390950005,4338.331007366251,42118.21409510997
2026/2027,Edo,South,SS,12,5527810,289.48335000000003,4.559050000000013,272.15171250000003,289.48335000000003,295.33531250000004,978.7864999999995,16002.089569635003,252.01562180500076,15044.029578746253,16002.089569635003,16325.574937906253,54105.45802564997
2026/2027,Edo,South,SS,13,5527810,780.1016500000001,495.17735000000005,762.7700125000001,780.1016500000001,785.9536125000001,1469.4047999999996,43122.537018865005,27372.463071035003,42164.47702797625,43122.537018865005,43446.02238713625,81225.90547487998
2026/2027,Edo,South,SS,14,5527810,1468.2973500000003,1183.3730500000001,1450.9657125000003,1468.2973500000003,1474.1493125000002,2157.6004999999996,81164.68774303501,65414.61379520501,80206.62775214628,81164.68774303501,81488.17311130626,119268.05619904997
2026/2027,Edo,South,SS,15,5527810,2903.4508000000005,2618.5265000000004,2886.1191625000006,2903.4508000000005,2909.3027625000004,3592.7539500000003,160497.24366748004,144747.16971965003,159539.1836765913,160497.24366748004,160820.72903575125,198600.61212349503
2026/2027,Edo,South,SS,16,5527810,2532.1582500000004,2247.2339500000003,2514.8266125000005,2532.1582500000004,2538.0102125000003,3221.4614,139972.89695932504,124222.82301149501,139014.83696843628,139972.89695932504,140296.38232759625,178076.26541534
2026/2027,Edo,South,SS,17,5527810,1334.6359500000003,1049.7116500000002,1317.3043125000004,1334.6359500000003,1340.4879125000002,2023.9390999999998,73776.13950769501,58026.065559865005,72818.07951680628,73776.13950769501,74099.62487596626,111879.50796370998
2026/2027,Edo,South,SS,18,5527810,430.4831,145.55879999999996,413.1514625,430.4831,436.3350625,1119.7862499999994,23796.28785011,8046.213902279998,22838.22785922125,23796.28785011,24119.773218381248,61899.65630612496
2026/2027,Edo,South,SS,19,5527810,67.80975000000001,0.0,50.47811250000001,67.80975000000001,73.66171250000001,757.1128999999995,3748.394141475,0.0,2790.3341505862504,3748.394141475,4071.8795097462507,41851.76259748997
2026/2027,Edo,South,SS,20,5527810,20.0008,0.0,2.6691625000000023,20.0008,25.852762500000004,709.3039499999995,1105.60622248,0.0,147.54623159125012,1105.60622248,1429.0915907512504,39208.974678494975
2026/2027,Edo,South,SS,21,5527810,9.8854,0.0,0.0,9.8854,15.737362500000001,699.1885499999995,546.4461297400001,0.0,0.0,546.4461297400001,869.93149801125,38649.81458575497
2026/2027,Edo,South,SS,22,5527810,13.34055,0.0,0.0,13.34055,19.1925125,702.6436999999995,737.440256955,0.0,0.0,737.440256955,1060.92562522625,38840.80871296997
2026/2027,Edo,South,SS,23,5527810,24.128550000000004,0.0,6.796912500000005,24.128550000000004,29.980512500000003,713.4316999999995,1333.7803997550002,0.0,375.7204088662503,1333.7803997550002,1657.2657680262503,39437.14885576997
2026/2027,Edo,South,SS,24,5527810,54.63745,0.0,37.3058125,54.63745,60.4894125,743.9405999999994,3020.254424845,0.0,2062.19443395625,3020.254424845,3343.73979311625,41123.62288085997
2026/2027,Edo,South,SS,25,5527810,81.99735000000001,0.0,64.66571250000001,81.99735000000001,87.84931250000001,771.3004999999995,4532.657713035001,0.0,3574.597722146251,4532.657713035001,4856.143081306251,42636.026169049976
2026/2027,Edo,South,SS,26,5527810,182.38345,0.0,165.0518125,182.38345,188.23541250000002,871.6865999999995,10081.810587445001,0.0,9123.75059655625,10081.810587445001,10405.29595571625,48185.179043459975
2026/2027,Edo,South,SS,27,5527810,359.6557,74.73140000000001,342.3240625,359.6557,365.50766250000004,1048.9588499999995,19881.08375017,4131.0098023400005,18923.023759281252,19881.08375017,20204.569118441254,57984.45220618498
2026/2027,Edo,South,SS,28,5527810,495.41195000000005,210.48765000000003,478.08031250000005,495.41195000000005,501.26391250000006,1184.7150999999994,27385.431313295,11635.357365465003,26427.371322406252,27385.431313295,27708.916681566254,65488.79976930997
2026/2027,Edo,South,SS,29,5527810,710.48785,425.56354999999996,693.1562125,710.48785,716.3398125,1399.7909999999995,39274.418421085,23524.344473255,38316.358430196255,39274.418421085,39597.90378935625,77377.78687709998
2026/2027,Edo,South,SS,30,5527810,325.5199,40.59559999999999,308.1882625,325.5199,331.3718625,1014.8230499999995,17994.12158419,2244.0476363599996,17036.061593301252,17994.12158419,18317.606952461254,56097.490040204975
2026/2027,Edo,South,SS,31,5527810,153.04605000000004,0.0,135.71441250000004,153.04605000000004,158.89801250000005,842.3491999999995,8460.094856505002,0.0,7502.034865616252,8460.094856505002,8783.580224776253,46563.46331251997
2026/2027,Edo,South,SS,32,5527810,37.62685,0.0,20.295212499999998,37.62685,43.4788125,726.9299999999995,2079.940776985,0.0,1121.88078609625,2079.940776985,2403.42614525625,40183.30923299997
2026/2027,Edo,South,SS,33,5527810,10.4636,0.0,0.0,10.4636,16.3155625,699.7667499999995,578.40792716,0.0,0.0,578.40792716,901.8932954312498,38681.776383174976
2026/2027,Edo,South,SS,34,5527810,4.32465,0.0,0.0,4.32465,10.176612500000001,693.6277999999995,239.058435165,0.0,0.0,239.058435165,562.54380343625,38342.42689117997
2026/2027,Edo,South,SS,35,5527810,4.52905,0.0,0.0,4.52905,10.3810125,693.8321999999995,250.357278805,0.0,0.0,250.357278805,573.84264707625,38353.72573481997
2026/2027,Edo,South,SS,36,5527810,6.783100000000001,0.0,0.0,6.783100000000001,12.635062500000002,696.0862499999995,374.9568801100001,0.0,0.0,374.9568801100001,698.44224838125,38478.32533612497
2026/2027,Edo,South,SS,37,5527810,3.98045,0.0,0.0,3.98045,9.8324125,693.2835999999995,220.031713145,0.0,0.0,220.031713145,543.51708141625,38323.40016915998
2026/2027,Edo,South,SS,38,5527810,4.02855,0.0,0.0,4.02855,9.880512500000002,693.3316999999995,222.690589755,0.0,0.0,222.690589755,546.1759580262501,38326.05904576997
2026/2027,Edo,South,SS,39,5527810,4.4439,0.0,0.0,4.4439,10.295862500000002,693.7470499999995,245.65034859000002,0.0,0.0,245.65034859000002,569.1357168612501,38349.01880460497
2026/2027,Edo,South,SS,40,5527810,3.89605,0.0,0.0,3.89605,9.748012500000002,693.1991999999995,215.366241505,0.0,0.0,215.366241505,538.85160977625,38318.73469751997
2026/2027,Edo,South,SS,41,5527810,5.1596,0.0,0.0,5.1596,11.0115625,694.4627499999995,285.21288476,0.0,0.0,285.21288476,608.69825303125,38388.58134077497
2026/2027,Edo,South,SS,42,5527810,5.45525,0.0,0.0,5.45525,11.307212500000002,694.7583999999995,301.555855025,0.0,0.0,301.555855025,625.0412232962501,38404.92431103997
2026/2027,Edo,South,SS,43,5527810,4.7759,0.0,0.0,4.7759,10.6278625,694.0790499999995,264.00267779,0.0,0.0,264.00267779,587.4880460612501,38367.37113380497
2026/2027,Edo,South,SS,44,5527810,5.01855,0.0,0.0,5.01855,10.8705125,694.3216999999995,277.41590875500003,0.0,0.0,277.41590875500003,600.90127702625,38380.78436476997
2026/2027,Edo,South,SS,45,5527810,5.9173,0.0,0.0,5.9173,11.7692625,695.2204499999995,327.09710113,0.0,0.0,327.09710113,650.58246940125,38430.46555714497
2026/2027,Edo,South,SS,46,5527810,3.5169499999999996,0.0,0.0,3.5169499999999996,9.3689125,692.8200999999995,194.41031379499998,0.0,0.0,194.41031379499998,517.89568206625,38297.77876980997
2026/2027,Edo,South,SS,47,5527810,4.0683,0.0,0.0,4.0683,9.9202625,693.3714499999995,224.88789423,0.0,0.0,224.88789423,548.37326250125,38328.25635024498
2026/2027,Edo,South,SS,48,5527810,4.8756,0.0,0.0,4.8756,10.727562500000001,694.1787499999995,269.51390436,0.0,0.0,269.51390436,592.99927263125,38372.88236037497
2026/2027,Edo,South,SS,49,5527810,4.6883,0.0,0.0,4.6883,10.5402625,693.9914499999995,259.16031623,0.0,0.0,259.16031623,582.64568450125,38362.52877224497
2026/2027,Edo,South,SS,50,5527810,3.9601,0.0,0.0,3.9601,9.812062500000001,693.2632499999995,218.90680381,0.0,0.0,218.90680381,542.3921720812501,38322.27525982497
2026/2027,Edo,South,SS,51,5527810,6.15425,0.0,0.0,6.15425,12.0062125,695.4573999999996,340.19524692500005,0.0,0.0,340.19524692500005,663.68061519625,38443.56370293997
2026/2027,Edo,South,SS,52,5527810,3.86445,0.0,0.0,3.86445,9.7164125,693.1675999999995,213.619453545,0.0,0.0,213.619453545,537.10482181625,38316.987909559975
2026/2027,Ekiti,South,SW,1,3398177,27.393800000000002,0.0,10.062162500000003,27.393800000000002,33.245762500000005,716.6969499999996,930.8898110260001,0.0,341.9300917776251,930.8898110260001,1129.7498547496252,24354.630914601483
2026/2027,Ekiti,South,SW,2,3398177,8.0851,0.0,0.0,8.0851,13.937062500000001,697.3882499999995,274.746008627,0.0,0.0,274.746008627,473.606052350625,23698.48711220248
2026/2027,Ekiti,South,SW,3,3398177,4.7273000000000005,0.0,0.0,4.7273000000000005,10.579262500000002,694.0304499999995,160.64202132100002,0.0,0.0,160.64202132100002,359.5020650446251,23584.38312489648
2026/2027,Ekiti,South,SW,4,3398177,4.6581,0.0,0.0,4.6581,10.5100625,693.9612499999995,158.290482837,0.0,0.0,158.290482837,357.150526560625,23582.031586412482
2026/2027,Ekiti,South,SW,5,3398177,6.8375,0.0,0.0,6.8375,12.689462500000001,696.1406499999995,232.350352375,0.0,0.0,232.350352375,431.21039609862504,23656.091455950485
2026/2027,Ekiti,South,SW,6,3398177,6.129650000000001,0.0,0.0,6.129650000000001,11.9816125,695.4327999999995,208.29635648050004,0.0,0.0,208.29635648050004,407.156400204125,23632.03746005598
2026/2027,Ekiti,South,SW,7,3398177,5.572050000000001,0.0,0.0,5.572050000000001,11.424012500000002,694.8751999999995,189.34812152850003,0.0,0.0,189.34812152850003,388.208165252125,23613.089225103984
2026/2027,Ekiti,South,SW,8,3398177,9.96415,0.0,0.0,9.96415,15.816112500000001,699.2672999999995,338.59945354549995,0.0,0.0,338.59945354549995,537.4594972691251,23762.340557120988
2026/2027,Ekiti,South,SW,9,3398177,11.81525,0.0,0.0,11.81525,17.6672125,701.1183999999995,401.5031079925,0.0,0.0,401.5031079925,600.3631517161251,23825.244211567984
2026/2027,Ekiti,South,SW,10,3398177,27.326400000000003,0.0,9.994762500000004,27.326400000000003,33.178362500000006,716.6295499999995,928.5994397280002,0.0,339.6397204796251,928.5994397280002,1127.4594834516251,24352.340543303486
2026/2027,Ekiti,South,SW,11,3398177,85.218,0.0,67.8863625,85.218,91.0699625,774.5211499999995,2895.8584758600005,0.0,2306.8987566116252,2895.8584758600005,3094.718519583625,26319.599579435482
2026/2027,Ekiti,South,SW,12,3398177,290.89880000000005,5.974500000000035,273.56716250000005,290.89880000000005,296.75076250000006,980.2019499999996,9885.256114876001,203.02408486500119,9296.296395627625,9885.256114876001,10084.116158599627,33308.997218451485
2026/2027,Ekiti,South,SW,13,3398177,1182.10605,897.1817500000001,1164.7744125000002,1182.10605,1187.9580125,1871.4091999999996,40170.055906708505,30487.8238766975,39581.096187460134,40170.055906708505,40368.91595043212,63593.79701028398
2026/2027,Ekiti,South,SW,14,3398177,2373.3344,2088.4101,2356.0027625000002,2373.3344,2379.1863625,3062.6375499999995,80650.103713888,70967.871683877,80061.14399463964,80650.103713888,80848.96375761162,104073.84481746347
2026/2027,Ekiti,South,SW,15,3398177,2989.22335,2704.29905,2971.8917125000003,2989.22335,2995.0753125,3678.5265,101579.10035832951,91896.8683283185,100990.14063908113,101579.10035832951,101777.96040205313,125002.841461905
2026/2027,Ekiti,South,SW,16,3398177,1877.3627000000001,1592.4384,1860.0310625000002,1877.3627000000001,1883.2146625,2566.6658499999994,63796.107477979,54113.875447968,63207.14775873063,63796.107477979,63994.96752170262,87219.84858155448
2026/2027,Ekiti,South,SW,17,3398177,1088.3131,803.3888000000001,1070.9814625000001,1088.3131,1094.1650625,1777.6162499999996,36982.80545218701,27300.573422176003,36393.84573293863,36982.80545218701,37181.66549591062,60406.546555762485
2026/2027,Ekiti,South,SW,18,3398177,361.56005000000005,76.63575000000003,344.22841250000005,361.56005000000005,367.41201250000006,1050.8631999999996,12286.4504602885,2604.218430277501,11697.490741040127,12286.4504602885,12485.310504012126,35710.191563863984
2026/2027,Ekiti,South,SW,19,3398177,75.48185000000001,0.0,58.15021250000001,75.48185000000001,81.33381250000001,764.7849999999995,2565.0068658745004,0.0,1976.0471466261254,2565.0068658745004,2763.8669095981254,25988.74796944998
2026/2027,Ekiti,South,SW,20,3398177,15.492050000000003,0.0,0.0,15.492050000000003,21.344012500000005,704.7951999999995,526.4472799285,0.0,0.0,526.4472799285,725.3073236521252,23950.18838350398
2026/2027,Ekiti,South,SW,21,3398177,11.572400000000002,0.0,0.0,11.572400000000002,17.4243625,700.8755499999995,393.2506351480001,0.0,0.0,393.2506351480001,592.110678871625,23816.991738723482
2026/2027,Ekiti,South,SW,22,3398177,11.27065,0.0,0.0,11.27065,17.122612500000002,700.5737999999996,382.9966360505,0.0,0.0,382.9966360505,581.856679774125,23806.737739625984
2026/2027,Ekiti,South,SW,23,3398177,21.6605,0.0,4.3288625,21.6605,27.512462499999998,710.9636499999995,736.062129085,0.0,147.102409836625,736.062129085,934.922172808625,24159.80323266048
2026/2027,Ekiti,South,SW,24,3398177,34.993900000000004,0.0,17.662262500000004,34.993900000000004,40.8458625,724.2970499999996,1189.1546612030002,0.0,600.1949419546252,1189.1546612030002,1388.0147049266252,24612.895764778485
2026/2027,Ekiti,South,SW,25,3398177,57.59285,0.0,40.2612125,57.59285,63.4448125,746.8959999999995,1957.1069823444998,0.0,1368.1472630961248,1957.1069823444998,2155.9670260681246,25380.84808591998
2026/2027,Ekiti,South,SW,26,3398177,142.73995000000002,0.0,125.40831250000002,142.73995000000002,148.59191250000003,832.0430999999995,4850.556150711501,0.0,4261.596431463126,4850.556150711501,5049.416194435126,28274.297254286987
2026/2027,Ekiti,South,SW,27,3398177,329.54705,44.622749999999996,312.2154125,329.54705,335.3990125,1018.8501999999995,11198.5920572785,1516.3600272674998,10609.632338030126,11198.5920572785,11397.452101002125,34622.33316085398
2026/2027,Ekiti,South,SW,28,3398177,495.6807,210.75639999999999,478.3490625,495.6807,501.5326625,1184.9838499999996,16844.107540839,7161.875510827999,16255.147821590626,16844.107540839,17042.967584562626,40267.84864441449
2026/2027,Ekiti,South,SW,29,3398177,465.44995,180.52564999999998,448.1183125,465.44995,471.3019125,1154.7530999999994,15816.8131474115,6134.581117400499,15227.853428163125,15816.8131474115,16015.673191135125,39240.554250986985
2026/2027,Ekiti,South,SW,30,3398177,283.47985000000006,0.0,266.14821250000006,283.47985000000006,289.33181250000007,972.7829999999996,9633.147062334501,0.0,9044.187343086127,9633.147062334501,9832.007106058129,33056.888165909986
2026/2027,Ekiti,South,SW,31,3398177,94.8465,0.0,77.5148625,94.8465,100.6984625,784.1496499999995,3223.051948305,0.0,2634.0922290566255,3223.051948305,3421.911992028625,26646.793051880482
2026/2027,Ekiti,South,SW,32,3398177,27.0878,0.0,9.756162500000002,27.0878,32.9397625,716.3909499999995,920.491389406,0.0,331.53167015762506,920.491389406,1119.351433129625,24344.232492981482
2026/2027,Ekiti,South,SW,33,3398177,12.74635,0.0,0.0,12.74635,18.5983125,702.0494999999995,433.14353403949997,0.0,0.0,433.14353403949997,632.0035777631249,23856.884637614985
2026/2027,Ekiti,South,SW,34,3398177,4.3022,0.0,0.0,4.3022,10.154162500000002,693.6053499999995,146.196370894,0.0,0.0,146.196370894,345.056414617625,23569.93747446948
2026/2027,Ekiti,South,SW,35,3398177,5.764900000000001,0.0,0.0,5.764900000000001,11.616862500000002,695.0680499999995,195.90150587300002,0.0,0.0,195.90150587300002,394.76154959662506,23619.642609448485
2026/2027,Ekiti,South,SW,36,3398177,4.4376999999999995,0.0,0.0,4.4376999999999995,10.2896625,693.7408499999995,150.80090072899998,0.0,0.0,150.80090072899998,349.660944452625,23574.54200430448
2026/2027,Ekiti,South,SW,37,3398177,4.543900000000001,0.0,0.0,4.543900000000001,10.395862500000002,693.8470499999995,154.409764703,0.0,0.0,154.409764703,353.26980842662505,23578.150868278484
2026/2027,Ekiti,South,SW,38,3398177,5.2633,0.0,0.0,5.2633,11.1152625,694.5664499999995,178.85625004099998,0.0,0.0,178.85625004099998,377.716293764625,23602.597353616482
2026/2027,Ekiti,South,SW,39,3398177,6.8416500000000005,0.0,0.0,6.8416500000000005,12.6936125,696.1447999999995,232.49137672050003,0.0,0.0,232.49137672050003,431.35142044412504,23656.23248029598
2026/2027,Ekiti,South,SW,40,3398177,4.1066,0.0,0.0,4.1066,9.958562500000001,693.4097499999995,139.54953668200002,0.0,0.0,139.54953668200002,338.40958040562504,23563.29064025748
2026/2027,Ekiti,South,SW,41,3398177,6.862500000000001,0.0,0.0,6.862500000000001,12.714462500000002,696.1656499999995,233.199896625,0.0,0.0,233.199896625,432.05994034862505,23656.94100020048
2026/2027,Ekiti,South,SW,42,3398177,6.61375,0.0,0.0,6.61375,12.4657125,695.9168999999995,224.7469313375,0.0,0.0,224.7469313375,423.606975061125,23648.48803491298
2026/2027,Ekiti,South,SW,43,3398177,6.04415,0.0,0.0,6.04415,11.896112500000001,695.3472999999994,205.3909151455,0.0,0.0,205.3909151455,404.25095886912504,23629.13201872098
2026/2027,Ekiti,South,SW,44,3398177,5.43215,0.0,0.0,5.43215,11.2841125,694.7352999999995,184.5940719055,0.0,0.0,184.5940719055,383.454115629125,23608.33517548098
2026/2027,Ekiti,South,SW,45,3398177,5.99265,0.0,0.0,5.99265,11.8446125,695.2957999999995,203.6408539905,0.0,0.0,203.6408539905,402.500897714125,23627.381957565984
2026/2027,Ekiti,South,SW,46,3398177,4.65685,0.0,0.0,4.65685,10.508812500000001,693.9599999999995,158.24800562450002,0.0,0.0,158.24800562450002,357.108049348125,23581.98910919998
2026/2027,Ekiti,South,SW,47,3398177,5.33945,0.0,0.0,5.33945,11.191412500000002,694.6425999999996,181.4439618265,0.0,0.0,181.4439618265,380.3040055501251,23605.185065401984
2026/2027,Ekiti,South,SW,48,3398177,5.3426,0.0,0.0,5.3426,11.1945625,694.6457499999995,181.55100440200002,0.0,0.0,181.55100440200002,380.41104812562503,23605.292107977482
2026/2027,Ekiti,South,SW,49,3398177,5.4574,0.0,0.0,5.4574,11.3093625,694.7605499999995,185.45211159800002,0.0,0.0,185.45211159800002,384.312155321625,23609.193215173484
2026/2027,Ekiti,South,SW,50,3398177,3.4139500000000003,0.0,0.0,3.4139500000000003,9.2659125,692.7170999999995,116.01206369150002,0.0,0.0,116.01206369150002,314.872107415125,23539.753167266983
2026/2027,Ekiti,South,SW,51,3398177,4.27005,0.0,0.0,4.27005,10.1220125,693.5731999999995,145.1038569885,0.0,0.0,145.1038569885,343.963900712125,23568.844960563983
2026/2027,Ekiti,South,SW,52,3398177,5.11885,0.0,0.0,5.11885,10.970812500000001,694.4219999999995,173.9475833645,0.0,0.0,173.9475833645,372.80762708812506,23597.688686939982
2026/2027,Enugu,South,SE,1,5396098,29.6788,0.0,12.3471625,29.6788,35.5307625,718.9819499999995,1601.497133224,0.0,666.2649887192499,1601.497133224,1917.27476464725,38796.970624310976
2026/2027,Enugu,South,SE,2,5396098,6.181150000000001,0.0,0.0,6.181150000000001,12.033112500000001,695.4842999999995,333.54091152700005,0.0,0.0,333.54091152700005,649.31854295025,37529.014402613975
2026/2027,Enugu,South,SE,3,5396098,5.91465,0.0,0.0,5.91465,11.7666125,695.2177999999996,319.160310357,0.0,0.0,319.160310357,634.9379417802501,37514.633801443975
2026/2027,Enugu,South,SE,4,5396098,5.23115,0.0,0.0,5.23115,11.083112500000002,694.5342999999995,282.277980527,0.0,0.0,282.277980527,598.0556119502501,37477.75147161397
2026/2027,Enugu,South,SE,5,5396098,7.035,0.0,0.0,7.035,12.886962500000001,696.3381499999995,379.6154943,0.0,0.0,379.6154943,695.39312572325,37575.088985386974
2026/2027,Enugu,South,SE,6,5396098,5.5796,0.0,0.0,5.5796,11.431562500000002,694.8827499999995,301.080684008,0.0,0.0,301.080684008,616.8583154312502,37496.55417509498
2026/2027,Enugu,South,SE,7,5396098,5.102,0.0,0.0,5.102,10.953962500000001,694.4051499999995,275.30891996,0.0,0.0,275.30891996,591.08655138325,37470.782411046974
2026/2027,Enugu,South,SE,8,5396098,14.757950000000001,0.0,0.0,14.757950000000001,20.6099125,704.0610999999996,796.353444791,0.0,0.0,796.353444791,1112.13107621425,37991.82693587798
2026/2027,Enugu,South,SE,9,5396098,19.15655,0.0,1.8249125,19.15655,25.008512500000002,708.4596999999995,1033.706211419,0.0,98.47406691424999,1033.706211419,1349.4838428422502,38229.17970250597
2026/2027,Enugu,South,SE,10,5396098,26.050150000000002,0.0,8.718512500000003,26.050150000000002,31.9021125,715.3532999999995,1405.691623147,0.0,470.45947864225013,1405.691623147,1721.4692545702503,38601.165114233976
2026/2027,Enugu,South,SE,11,5396098,84.5832,0.0,67.2515625,84.5832,90.4351625,773.8863499999995,4564.192363536,0.0,3628.9602190312503,4564.192363536,4879.9699949592505,41759.665854622974
2026/2027,Enugu,South,SE,12,5396098,273.3881,0.0,256.0564625,273.3881,279.2400625,962.6912499999995,14752.289796338,0.0,13817.057651833251,14752.289796338,15068.067427761252,51947.763287424976
2026/2027,Enugu,South,SE,13,5396098,743.5688,458.6445,726.2371625000001,743.5688,749.4207625,1432.8719499999995,40123.701145424,24748.90669161,39188.46900091925,40123.701145424,40439.47877684725,77319.17463651097
2026/2027,Enugu,South,SE,14,5396098,1434.06495,1149.1406499999998,1416.7333125,1434.06495,1439.9169124999999,2123.3680999999997,77383.550085651,62008.75563183699,76448.31794114625,77383.550085651,77699.32771707424,114579.02357673798
2026/2027,Enugu,South,SE,15,5396098,2060.3486000000003,1775.4243000000001,2043.0169625000003,2060.3486000000003,2066.2005625,2749.65175,111178.42959762803,95803.63514381401,110243.19745312327,111178.42959762803,111494.20722905126,148373.903088715
2026/2027,Enugu,South,SE,16,5396098,2614.71835,2329.79405,2597.3867125,2614.71835,2620.5703125,3304.0215,141092.764589983,125717.970136169,140157.53244547828,141092.764589983,141408.54222140624,178288.23808106998
2026/2027,Enugu,South,SE,17,5396098,1666.1549,1381.2305999999999,1648.8232625,1666.1549,1672.0068625,2355.4580499999993,89907.35123580201,74532.556781988,88972.11909129724,89907.35123580201,90223.12886722524,127102.82472688897
2026/2027,Enugu,South,SE,18,5396098,509.3294000000001,224.40510000000006,491.9977625000001,509.3294000000001,515.1813625000001,1198.6325499999996,27483.913566812003,12109.119112998003,26548.681422307254,27483.913566812003,27799.691198235254,64679.38705789898
2026/2027,Enugu,South,SE,19,5396098,48.05505000000001,0.0,30.72341250000001,48.05505000000001,53.90701250000001,737.3581999999996,2593.097591949,0.0,1657.8654474442505,2593.097591949,2908.8752233722503,39788.571083035975
2026/2027,Enugu,South,SE,20,5396098,10.961300000000001,0.0,0.0,10.961300000000001,16.8132625,700.2644499999996,591.4824900740001,0.0,0.0,591.4824900740001,907.26012149725,37786.95598116097
2026/2027,Enugu,South,SE,21,5396098,9.8718,0.0,0.0,9.8718,15.723762500000001,699.1749499999995,532.692002364,0.0,0.0,532.692002364,848.46963378725,37728.16549345098
2026/2027,Enugu,South,SE,22,5396098,10.0768,0.0,0.0,10.0768,15.928762500000001,699.3799499999996,543.7540032640001,0.0,0.0,543.7540032640001,859.5316346872501,37739.22749435098
2026/2027,Enugu,South,SE,23,5396098,25.1933,0.0,7.861662500000001,25.1933,31.0452625,714.4964499999995,1359.455157434,0.0,424.2230129292501,1359.455157434,1675.23278885725,38554.928648520974
2026/2027,Enugu,South,SE,24,5396098,45.6484,0.0,28.316762500000003,45.6484,51.5003625,734.9515499999995,2463.2323994320004,0.0,1528.0002549272501,2463.2323994320004,2779.0100308552505,39658.70589051898
2026/2027,Enugu,South,SE,25,5396098,86.5726,0.0,69.2409625,86.5726,92.4245625,775.8757499999995,4671.542337147999,0.0,3736.3101926432496,4671.542337147999,4987.31996857125,41867.01582823497
2026/2027,Enugu,South,SE,26,5396098,233.02290000000002,0.0,215.69126250000002,233.02290000000002,238.87486250000003,922.3260499999996,12574.144046442001,0.0,11638.911901937252,12574.144046442001,12889.921677865252,49769.617537528975
2026/2027,Enugu,South,SE,27,5396098,303.34865,18.424350000000004,286.0170125,303.34865,309.20061250000003,992.6517999999995,16368.990435677002,994.1959818630003,15433.758291172251,16368.990435677002,16684.76806710025,53564.46392676397
2026/2027,Enugu,South,SE,28,5396098,284.83175,0.0,267.5001125,284.83175,290.6837125,974.1348999999996,15369.800365115,0.0,14434.568220610248,15369.800365115,15685.57799653825,52565.27385620197
2026/2027,Enugu,South,SE,29,5396098,481.0562,196.13189999999997,463.7245625,481.0562,486.9081625,1170.3593499999995,25958.263987076,10583.469533262,25023.03184257125,25958.263987076,26274.04161849925,63153.73747816298
2026/2027,Enugu,South,SE,30,5396098,293.9311,9.006799999999998,276.5994625,293.9311,299.7830625,983.2342499999995,15860.810208478,486.0157546639999,14925.578063973251,15860.810208478,16176.587839901253,53056.28369956497
2026/2027,Enugu,South,SE,31,5396098,229.40115,0.0,212.0695125,229.40115,235.25311250000001,918.7042999999995,12378.710867127,0.0,11443.478722622249,12378.710867127,12694.48849855025,49574.18435821398
2026/2027,Enugu,South,SE,32,5396098,74.37980000000002,0.0,57.04816250000002,74.37980000000002,80.23176250000002,763.6829499999996,4013.6069002040012,0.0,3078.3747556992507,4013.6069002040012,4329.384531627251,41209.080391290976
2026/2027,Enugu,South,SE,33,5396098,11.22145,0.0,0.0,11.22145,17.073412500000003,700.5245999999995,605.520439021,0.0,0.0,605.520439021,921.2980704442502,37800.99393010797
2026/2027,Enugu,South,SE,34,5396098,6.0885,0.0,0.0,6.0885,11.9404625,695.3916499999995,328.54142673,0.0,0.0,328.54142673,644.31905815325,37524.014917816974
2026/2027,Enugu,South,SE,35,5396098,3.3561000000000005,0.0,0.0,3.3561000000000005,9.2080625,692.6592499999995,181.09844497800003,0.0,0.0,181.09844497800003,496.87607640125,37376.571936064975
2026/2027,Enugu,South,SE,36,5396098,5.322,0.0,0.0,5.322,11.173962500000002,694.6251499999995,287.18033556,0.0,0.0,287.18033556,602.9579669832501,37482.65382664697
2026/2027,Enugu,South,SE,37,5396098,3.6248000000000005,0.0,0.0,3.6248000000000005,9.476762500000001,692.9279499999996,195.59776030400005,0.0,0.0,195.59776030400005,511.3753917272501,37391.071251390975
2026/2027,Enugu,South,SE,38,5396098,4.58685,0.0,0.0,4.58685,10.438812500000001,693.8899999999995,247.510921113,0.0,0.0,247.510921113,563.2885525362501,37442.98441219998
2026/2027,Enugu,South,SE,39,5396098,7.63875,0.0,0.0,7.63875,13.4907125,696.9418999999995,412.194435975,0.0,0.0,412.194435975,727.9720673982501,37607.66792706197
2026/2027,Enugu,South,SE,40,5396098,4.8791,0.0,0.0,4.8791,10.7310625,694.1822499999995,263.281017518,0.0,0.0,263.281017518,579.05864894125,37458.75450860497
2026/2027,Enugu,South,SE,41,5396098,4.2593,0.0,0.0,4.2593,10.1112625,693.5624499999996,229.836002114,0.0,0.0,229.836002114,545.61363353725,37425.30949320098
2026/2027,Enugu,South,SE,42,5396098,4.941000000000001,0.0,0.0,4.941000000000001,10.792962500000002,694.2441499999995,266.62120218,0.0,0.0,266.62120218,582.3988336032501,37462.094693266976
2026/2027,Enugu,South,SE,43,5396098,5.408899999999999,0.0,0.0,5.408899999999999,11.2608625,694.7120499999995,291.86954472199994,0.0,0.0,291.86954472199994,607.64717614525,37487.343035808975
2026/2027,Enugu,South,SE,44,5396098,5.2463500000000005,0.0,0.0,5.2463500000000005,11.098312500000002,694.5494999999995,283.098187423,0.0,0.0,283.098187423,598.8758188462501,37478.57167850997
2026/2027,Enugu,South,SE,45,5396098,6.213350000000001,0.0,0.0,6.213350000000001,12.065312500000001,695.5164999999995,335.27845508300004,0.0,0.0,335.27845508300004,651.05608650625,37530.75194616997
2026/2027,Enugu,South,SE,46,5396098,5.10405,0.0,0.0,5.10405,10.9560125,694.4071999999995,275.41953996899997,0.0,0.0,275.41953996899997,591.19717139225,37470.89303105597
2026/2027,Enugu,South,SE,47,5396098,5.1702,0.0,0.0,5.1702,11.0221625,694.4733499999995,278.98905879600005,0.0,0.0,278.98905879600005,594.76669021925,37474.46254988298
2026/2027,Enugu,South,SE,48,5396098,5.687100000000001,0.0,0.0,5.687100000000001,11.539062500000002,694.9902499999995,306.88148935800007,0.0,0.0,306.88148935800007,622.6591207812501,37502.35498044497
2026/2027,Enugu,South,SE,49,5396098,3.8065999999999995,0.0,0.0,3.8065999999999995,9.6585625,693.1097499999995,205.40786646799995,0.0,0.0,205.40786646799995,521.1854978912501,37400.88135755497
2026/2027,Enugu,South,SE,50,5396098,3.8518,0.0,0.0,3.8518,9.7037625,693.1549499999995,207.846902764,0.0,0.0,207.846902764,523.62453418725,37403.320393850976
2026/2027,Enugu,South,SE,51,5396098,3.16795,0.0,0.0,3.16795,9.0199125,692.4710999999995,170.945686591,0.0,0.0,170.945686591,486.72331801425,37366.41917767798
2026/2027,Enugu,South,SE,52,5396098,6.585000000000001,0.0,0.0,6.585000000000001,12.436962500000002,695.8881499999995,355.3330533000001,0.0,0.0,355.3330533000001,671.1106847232501,37550.80654438697
2026/2027,FCT,North,NC,1,4802443,38.39685,0.0,21.0652125,38.39685,44.2488125,727.6999999999995,1843.9868350455001,0.0,1011.644823141375,1843.9868350455001,2125.023998489375,34947.37771099997
2026/2027,FCT,North,NC,2,4802443,7.501550000000001,0.0,0.0,7.501550000000001,13.3535125,696.8046999999995,360.2576628665,0.0,0.0,360.2576628665,641.294826310375,33463.64853882097
2026/2027,FCT,North,NC,3,4802443,10.36555,0.0,0.0,10.36555,16.2175125,699.6686999999995,497.79963038650004,0.0,0.0,497.79963038650004,778.8367938303751,33601.19050634097
2026/2027,FCT,North,NC,4,4802443,8.0888,0.0,0.0,8.0888,13.940762500000002,697.3919499999995,388.4600093840001,0.0,0.0,388.4600093840001,669.4971728278751,33491.85088533848
2026/2027,FCT,North,NC,5,4802443,9.379249999999999,0.0,0.0,9.379249999999999,15.2312125,698.6823999999995,450.43313507749997,0.0,0.0,450.43313507749997,731.4702985213751,33553.824011031975
2026/2027,FCT,North,NC,6,4802443,10.5342,0.0,0.0,10.5342,16.3861625,699.8373499999996,505.898950506,0.0,0.0,505.898950506,786.9361139498751,33609.28982646048
2026/2027,FCT,North,NC,7,4802443,7.4189,0.0,0.0,7.4189,13.2708625,696.7220499999995,356.28844372699996,0.0,0.0,356.28844372699996,637.325607170875,33459.679319681476
2026/2027,FCT,North,NC,8,4802443,7.4922,0.0,0.0,7.4922,13.344162500000001,696.7953499999995,359.808634446,0.0,0.0,359.808634446,640.845797889875,33463.199510400475
2026/2027,FCT,North,NC,9,4802443,12.3773,0.0,0.0,12.3773,18.2292625,701.6804499999995,594.412777439,0.0,0.0,594.412777439,875.449940882875,33697.80365339347
2026/2027,FCT,North,NC,10,4802443,17.993650000000002,0.0,0.662012500000003,17.993650000000002,23.8456125,707.2967999999995,864.1347848695001,0.0,31.792772965375143,864.1347848695001,1145.1719483133752,33967.52566082397
2026/2027,FCT,North,NC,11,4802443,30.845600000000005,0.0,13.513962500000005,30.845600000000005,36.697562500000004,720.1487499999995,1481.3423580080002,0.0,649.0003461038752,1481.3423580080002,1762.3795214518752,34584.73323396248
2026/2027,FCT,North,NC,12,4802443,80.1199,0.0,62.7882625,80.1199,85.9718625,769.4230499999995,3847.712529157,0.0,3015.370517252875,3847.712529157,4128.749692600875,36951.10340511148
2026/2027,FCT,North,NC,13,4802443,190.7751,0.0,173.4434625,190.7751,196.62706250000002,880.0782499999996,9161.865435693,0.0,8329.523423788876,9161.865435693,9442.902599136876,42265.25631164748
2026/2027,FCT,North,NC,14,4802443,1005.3612,720.4369,988.0295625000001,1005.3612,1011.2131625000001,1694.6643499999996,48281.898574116,34598.571473467004,47449.556562211874,48281.898574116,48562.935737559885,81385.28945007047
2026/2027,FCT,North,NC,15,4802443,1199.4491,914.5248,1182.1174625,1199.4491,1205.3010625,1888.7522499999995,57602.859341513,43919.532240864,56770.517329608876,57602.859341513,57883.89650495687,90706.25021746747
2026/2027,FCT,North,NC,16,4802443,2451.66155,2166.7372499999997,2434.3299125,2451.66155,2457.5135124999997,3140.9646999999995,117739.64849166649,104056.32139101748,116907.30647976237,117739.64849166649,118020.68565511036,150843.03936762098
2026/2027,FCT,North,NC,17,4802443,1677.3422,1392.4179,1660.0105625,1677.3422,1683.1941625,2366.64535,80553.403069946,66870.075969297,79721.06105804187,80553.403069946,80834.44023338988,113656.7939459005
2026/2027,FCT,North,NC,18,4802443,1154.38235,869.4580500000001,1137.0507125000001,1154.38235,1160.2343125,1843.6854999999996,55438.55436081051,41755.227260161504,54606.21234890638,55438.55436081051,55719.59152425437,88541.94523676498
2026/2027,FCT,North,NC,19,4802443,441.62080000000003,156.69650000000001,424.28916250000003,441.62080000000003,447.47276250000004,1130.9239499999994,21208.587196144003,7525.260095495001,20376.245184239877,21208.587196144003,21489.62435958788,54311.97807209847
2026/2027,FCT,North,NC,20,4802443,70.6992,0.0,53.367562500000005,70.6992,76.5511625,760.0023499999995,3395.2887814560004,0.0,2562.946769551875,3395.2887814560004,3676.325944899875,36498.67965741048
2026/2027,FCT,North,NC,21,4802443,24.0332,0.0,6.701562500000001,24.0332,29.8851625,713.3363499999995,1154.180731076,0.0,321.8387191718751,1154.180731076,1435.217894519875,34257.57160703047
2026/2027,FCT,North,NC,22,4802443,25.616400000000002,0.0,8.284762500000003,25.616400000000002,31.468362500000005,714.9195499999995,1230.213008652,0.0,397.87099674787515,1230.213008652,1511.250172095875,34333.60388460648
2026/2027,FCT,North,NC,23,4802443,39.513149999999996,0.0,22.181512499999997,39.513149999999996,45.365112499999995,728.8162999999995,1897.5965062545,0.0,1065.254494350375,1897.5965062545,2178.633669698375,35000.98738220898
2026/2027,FCT,North,NC,24,4802443,85.3471,0.0,68.0154625,85.3471,91.1990625,774.6502499999995,4098.745829652999,0.0,3266.403817748875,4098.745829652999,4379.782993096875,37202.136705607474
2026/2027,FCT,North,NC,25,4802443,171.1223,0.0,153.7906625,171.1223,176.9742625,860.4254499999995,8218.050917789,0.0,7385.708905884875,8218.050917789,8499.088081232876,41321.44179374348
2026/2027,FCT,North,NC,26,4802443,251.19955000000004,0.0,233.86791250000005,251.19955000000004,257.05151250000006,940.5026999999995,12063.715205006501,0.0,11231.373193102376,12063.715205006501,12344.752368450378,45167.10608096098
2026/2027,FCT,North,NC,27,4802443,570.10465,285.18035,552.7730125,570.10465,575.9566125,1259.4077999999995,27378.9508565995,13695.623755950499,26546.608844695376,27378.9508565995,27659.988020043373,60482.34173255398
2026/2027,FCT,North,NC,28,4802443,913.4519,628.5276,896.1202625000001,913.4519,919.3038625,1602.7550499999995,43868.006829917,30184.679729268002,43035.664818012876,43868.006829917,44149.04399336087,76971.39770587148
2026/2027,FCT,North,NC,29,4802443,1015.8458,730.9215,998.5141625000001,1015.8458,1021.6977625000001,1705.1489499999996,48785.415512894004,35102.088412245,47953.07350098988,48785.415512894004,49066.45267633788,81888.80638884848
2026/2027,FCT,North,NC,30,4802443,539.2696000000001,254.34530000000007,521.9379625000001,539.2696000000001,545.1215625000001,1228.5727499999996,25898.115156328007,12214.788055679004,25065.77314442388,25898.115156328007,26179.15231977188,59001.50603228248
2026/2027,FCT,North,NC,31,4802443,161.09824999999998,0.0,143.76661249999998,161.09824999999998,166.9502125,850.4013999999995,7736.651630247498,0.0,6904.309618343374,7736.651630247498,8017.6887936913745,40840.04250620198
2026/2027,FCT,North,NC,32,4802443,51.01650000000001,0.0,33.68486250000001,51.01650000000001,56.86846250000001,740.3196499999995,2450.0383330950003,0.0,1617.6963211908756,2450.0383330950003,2731.075496538875,35553.42920904947
2026/2027,FCT,North,NC,33,4802443,18.77565,0.0,1.4440124999999995,18.77565,24.627612499999998,708.0787999999995,901.6898891295,0.0,69.34787722537497,901.6898891295,1182.727052573375,34005.08076508398
2026/2027,FCT,North,NC,34,4802443,12.776,0.0,0.0,12.776,18.627962500000002,702.0791499999995,613.56011768,0.0,0.0,613.56011768,894.5972811238751,33716.95099363447
2026/2027,FCT,North,NC,35,4802443,10.8407,0.0,0.0,10.8407,16.6926625,700.1438499999995,520.618438301,0.0,0.0,520.618438301,801.655601744875,33624.009314255476
2026/2027,FCT,North,NC,36,4802443,8.61865,0.0,0.0,8.61865,14.470612500000001,697.9217999999995,413.90575361950005,0.0,0.0,413.90575361950005,694.9429170633751,33517.296629573975
2026/2027,FCT,North,NC,37,4802443,12.7123,0.0,0.0,12.7123,18.5642625,702.0154499999995,610.500961489,0.0,0.0,610.500961489,891.538124932875,33713.89183744347
2026/2027,FCT,North,NC,38,4802443,5.602250000000001,0.0,0.0,5.602250000000001,11.4542125,694.9053999999995,269.0448629675,0.0,0.0,269.0448629675,550.0820264113751,33372.43573892197
2026/2027,FCT,North,NC,39,4802443,5.82305,0.0,0.0,5.82305,11.675012500000001,695.1261999999995,279.64865711150003,0.0,0.0,279.64865711150003,560.685820555375,33383.039533065974
2026/2027,FCT,North,NC,40,4802443,9.0839,0.0,0.0,9.0839,14.9358625,698.3870499999995,436.24911967699995,0.0,0.0,436.24911967699995,717.286283120875,33539.63999563148
2026/2027,FCT,North,NC,41,4802443,8.2097,0.0,0.0,8.2097,14.0616625,697.5128499999995,394.266162971,0.0,0.0,394.266162971,675.3033264148751,33497.65703892548
2026/2027,FCT,North,NC,42,4802443,5.4231,0.0,0.0,5.4231,11.2750625,694.7262499999995,260.441286333,0.0,0.0,260.441286333,541.478449776875,33363.83216228747
2026/2027,FCT,North,NC,43,4802443,7.773750000000001,0.0,0.0,7.773750000000001,13.625712500000002,697.0768999999995,373.3299127125,0.0,0.0,373.3299127125,654.3670761563751,33476.72078866697
2026/2027,FCT,North,NC,44,4802443,7.339049999999999,0.0,0.0,7.339049999999999,13.1910125,696.6421999999995,352.45369299149996,0.0,0.0,352.45369299149996,633.490856435375,33455.84456894598
2026/2027,FCT,North,NC,45,4802443,7.4878,0.0,0.0,7.4878,13.3397625,696.7909499999995,359.597326954,0.0,0.0,359.597326954,640.634490397875,33462.98820290848
2026/2027,FCT,North,NC,46,4802443,8.6796,0.0,0.0,8.6796,14.531562500000001,697.9827499999996,416.832842628,0.0,0.0,416.832842628,697.8700060718751,33520.22371858248
2026/2027,FCT,North,NC,47,4802443,5.2609,0.0,0.0,5.2609,11.112862500000002,694.5640499999995,252.65172378700004,0.0,0.0,252.65172378700004,533.6888872308751,33356.04259974148
2026/2027,FCT,North,NC,48,4802443,4.75215,0.0,0.0,4.75215,10.604112500000001,694.0552999999995,228.2192950245,0.0,0.0,228.2192950245,509.25645846837506,33331.61017097897
2026/2027,FCT,North,NC,49,4802443,10.244,0.0,0.0,10.244,16.0959625,699.5471499999995,491.96226092,0.0,0.0,491.96226092,772.9994243638749,33595.35313687447
2026/2027,FCT,North,NC,50,4802443,5.4679,0.0,0.0,5.4679,11.319862500000001,694.7710499999995,262.592780797,0.0,0.0,262.592780797,543.629944240875,33365.98365675147
2026/2027,FCT,North,NC,51,4802443,9.07135,0.0,0.0,9.07135,14.923312500000002,698.3744999999996,435.64641308050005,0.0,0.0,435.64641308050005,716.6835765243751,33539.037289034975
2026/2027,FCT,North,NC,52,4802443,5.35565,0.0,0.0,5.35565,11.2076125,694.6587999999995,257.2020385295,0.0,0.0,257.2020385295,538.239201973375,33360.592914483976
2026/2027,Gombe,North,NE,1,4623462,44.058,0.0,26.7263625,44.058,49.9099625,733.3611499999995,2037.0048879600001,0.0,1235.68321416975,2037.0048879600001,2307.56815040175,33906.674093012974
2026/2027,Gombe,North,NE,2,4623462,6.881,0.0,0.0,6.881,12.732962500000001,696.1841499999995,318.14042022,0.0,0.0,318.14042022,588.70368266175,32187.809625272974
2026/2027,Gombe,North,NE,3,4623462,5.6861500000000005,0.0,0.0,5.6861500000000005,11.5381125,694.9892999999995,262.896984513,0.0,0.0,262.896984513,533.46024695475,32132.56618956598
2026/2027,Gombe,North,NE,4,4623462,12.010850000000001,0.0,0.0,12.010850000000001,17.862812500000004,701.3139999999995,555.317085627,0.0,0.0,555.317085627,825.8803480687502,32424.98629067998
2026/2027,Gombe,North,NE,5,4623462,9.6562,0.0,0.0,9.6562,15.508162500000001,698.9593499999995,446.45073764399996,0.0,0.0,446.45073764399996,717.0140000857501,32316.119942696976
2026/2027,Gombe,North,NE,6,4623462,8.5413,0.0,0.0,8.5413,14.3932625,697.8444499999995,394.903759806,0.0,0.0,394.903759806,665.46702224775,32264.572964858977
2026/2027,Gombe,North,NE,7,4623462,9.56015,0.0,0.0,9.56015,15.412112500000001,698.8632999999995,442.009902393,0.0,0.0,442.009902393,712.57316483475,32311.67910744598
2026/2027,Gombe,North,NE,8,4623462,7.8812999999999995,0.0,0.0,7.8812999999999995,13.7332625,697.1844499999995,364.38891060599997,0.0,0.0,364.38891060599997,634.95217304775,32234.05811565898
2026/2027,Gombe,North,NE,9,4623462,11.748550000000002,0.0,0.0,11.748550000000002,17.6005125,701.0516999999995,543.1897448010001,0.0,0.0,543.1897448010001,813.7530072427501,32412.858949853977
2026/2027,Gombe,North,NE,10,4623462,9.86705,0.0,0.0,9.86705,15.719012500000002,699.1701999999995,456.19930727100007,0.0,0.0,456.19930727100007,726.7625697127501,32325.868512323974
2026/2027,Gombe,North,NE,11,4623462,20.2037,0.0,2.872062500000002,20.2037,26.055662500000004,709.5068499999995,934.1103920940001,0.0,132.78871830375007,934.1103920940001,1204.67365453575,32803.779597146975
2026/2027,Gombe,North,NE,12,4623462,23.43465,0.0,6.103012500000002,23.43465,29.286612500000004,712.7377999999995,1083.4921375830002,0.0,282.17046379275007,1083.4921375830002,1354.0554000247503,32953.161342635976
2026/2027,Gombe,North,NE,13,4623462,42.10385,0.0,24.772212500000002,42.10385,47.9558125,731.4069999999995,1946.6555052869999,0.0,1145.33383149675,1946.6555052869999,2217.21876772875,33816.32471033998
2026/2027,Gombe,North,NE,14,4623462,84.12735,0.0,66.79571250000001,84.12735,89.9793125,773.4304999999995,3889.5960588570006,0.0,3088.2743850667507,3889.5960588570006,4160.15932129875,35759.265263909976
2026/2027,Gombe,North,NE,15,4623462,314.40470000000005,29.48040000000003,297.07306250000005,314.40470000000005,320.25666250000006,1003.7078499999996,14536.381830714,1363.0150914480016,13735.060156923751,14536.381830714,14806.945093155753,46406.051035766985
2026/2027,Gombe,North,NE,16,4623462,988.3319000000001,703.4076000000001,971.0002625000002,988.3319000000001,994.1838625000001,1677.6350499999996,45695.14983037801,32521.783091112004,44893.82815658776,45695.14983037801,45965.71309281976,77564.81903543098
2026/2027,Gombe,North,NE,17,4623462,1671.18055,1386.25625,1653.8489125,1671.18055,1677.0325125,2360.4836999999998,77266.397680641,64093.030941375,76465.07600685075,77266.397680641,77536.96094308274,109136.06688569399
2026/2027,Gombe,North,NE,18,4623462,1908.77315,1623.8488499999999,1891.4415125,1908.77315,1914.6251125,2598.0762999999997,88251.401256453,75078.034517187,87450.07958266276,88251.401256453,88521.96451889475,120121.07046150598
2026/2027,Gombe,North,NE,19,4623462,1198.1419500000002,913.2176500000002,1180.8103125000002,1198.1419500000002,1203.9939125,1887.4450999999997,55395.63776430901,42222.271025043,54594.31609051876,55395.63776430901,55666.20102675076,87265.30696936199
2026/2027,Gombe,North,NE,20,4623462,553.03465,268.11035000000004,535.7030125000001,553.03465,558.8866125000001,1242.3377999999996,25569.346889583,12395.980150317002,24768.025215792757,25569.346889583,25839.910152024757,57439.01609463598
2026/2027,Gombe,North,NE,21,4623462,109.41495,0.0,92.0833125,109.41495,115.2669125,798.7180999999995,5058.758635569,0.0,4257.436961778751,5058.758635569,5329.32189801075,36928.427840621975
2026/2027,Gombe,North,NE,22,4623462,57.929500000000004,0.0,40.597862500000005,57.929500000000004,63.7814625,747.2326499999995,2678.34841929,0.0,1877.0267454997504,2678.34841929,2948.9116817317504,34548.017624342974
2026/2027,Gombe,North,NE,23,4623462,34.9433,0.0,17.6116625,34.9433,40.7952625,724.2464499999995,1615.590197046,0.0,814.2685232557501,1615.590197046,1886.1534594877498,33485.25940209898
2026/2027,Gombe,North,NE,24,4623462,64.39935,0.0,47.0677125,64.39935,70.2513125,753.7024999999995,2977.4794754970003,0.0,2176.15780170675,2977.4794754970003,3248.0427379387497,34847.14868054998
2026/2027,Gombe,North,NE,25,4623462,147.59935000000002,0.0,130.26771250000002,147.59935000000002,153.45131250000003,836.9024999999995,6824.199859497001,0.0,6022.87818570675,6824.199859497001,7094.76312193875,38693.869064549974
2026/2027,Gombe,North,NE,26,4623462,316.34055,31.41624999999999,299.0089125,316.34055,322.1925125,1005.6436999999995,14625.885119841001,1452.5183805749994,13824.563446050752,14625.885119841001,14896.448382282751,46495.55432489398
2026/2027,Gombe,North,NE,27,4623462,595.1221,310.19780000000003,577.7904625000001,595.1221,600.9740625000001,1284.4252499999996,27515.244147102003,14341.877407836,26713.92247331175,27515.244147102003,27785.80740954375,59384.91335215498
2026/2027,Gombe,North,NE,28,4623462,1260.1476000000002,975.2233000000002,1242.8159625000003,1260.1476000000002,1265.9995625000001,1949.4507499999997,58262.44542991201,45089.07869064601,57461.12375612176,58262.44542991201,58533.00869235375,90132.11463496498
2026/2027,Gombe,North,NE,29,4623462,948.7120500000001,663.7877500000001,931.3804125000001,948.7120500000001,954.5640125000001,1638.0151999999996,43863.341121171004,30689.974381905,43062.01944738075,43863.341121171004,44133.90438361276,75733.01032622399
2026/2027,Gombe,North,NE,30,4623462,649.6894500000001,364.76515000000006,632.3578125000001,649.6894500000001,655.5414125000001,1338.9925999999996,30038.144838759003,16864.778099493004,29236.82316496876,30038.144838759003,30308.70810120075,61907.81404381198
2026/2027,Gombe,North,NE,31,4623462,281.339,0.0,264.0073625,281.339,287.1909625,970.6421499999994,13007.60175618,0.0,12206.28008238975,13007.60175618,13278.16501862175,44877.27096123298
2026/2027,Gombe,North,NE,32,4623462,67.77035000000001,0.0,50.43871250000001,67.77035000000001,73.6223125,757.0734999999995,3133.3363795170003,0.0,2332.0147057267504,3133.3363795170003,3403.8996419587506,35003.005584569975
2026/2027,Gombe,North,NE,33,4623462,21.02615,0.0,3.694512500000002,21.02615,26.8781125,710.3292999999995,972.136055313,0.0,170.81438152275007,972.136055313,1242.69931775475,32841.805260365974
2026/2027,Gombe,North,NE,34,4623462,17.121199999999998,0.0,0.0,17.121199999999998,22.9731625,706.4243499999995,791.5921759439999,0.0,0.0,791.5921759439999,1062.1554383857501,32661.26138099698
2026/2027,Gombe,North,NE,35,4623462,7.519500000000001,0.0,0.0,7.519500000000001,13.371462500000002,696.8226499999995,347.66122509,0.0,0.0,347.66122509,618.22448753175,32217.330430142974
2026/2027,Gombe,North,NE,36,4623462,9.7873,0.0,0.0,9.7873,15.639262500000001,699.0904499999995,452.512096326,0.0,0.0,452.512096326,723.0753587677501,32322.181301378976
2026/2027,Gombe,North,NE,37,4623462,12.4952,0.0,0.0,12.4952,18.347162500000003,701.7983499999995,577.710823824,0.0,0.0,577.710823824,848.27408626575,32447.380028876978
2026/2027,Gombe,North,NE,38,4623462,12.352150000000002,0.0,0.0,12.352150000000002,18.2041125,701.6552999999996,571.0969614330002,0.0,0.0,571.0969614330002,841.66022387475,32440.766166485977
2026/2027,Gombe,North,NE,39,4623462,9.388,0.0,0.0,9.388,15.2399625,698.6911499999995,434.05061256,0.0,0.0,434.05061256,704.61387500175,32303.71981761298
2026/2027,Gombe,North,NE,40,4623462,9.8161,0.0,0.0,9.8161,15.668062500000001,699.1192499999995,453.843653382,0.0,0.0,453.843653382,724.4069158237501,32323.512858434977
2026/2027,Gombe,North,NE,41,4623462,7.09075,0.0,0.0,7.09075,12.9427125,696.3938999999995,327.838131765,0.0,0.0,327.838131765,598.4013942067501,32197.507336817976
2026/2027,Gombe,North,NE,42,4623462,12.3682,0.0,0.0,12.3682,18.2201625,701.6713499999995,571.839027084,0.0,0.0,571.839027084,842.40228952575,32441.508232136977
2026/2027,Gombe,North,NE,43,4623462,10.3194,0.0,0.0,10.3194,16.1713625,699.6225499999995,477.113537628,0.0,0.0,477.113537628,747.6768000697501,32346.782742680974
2026/2027,Gombe,North,NE,44,4623462,5.9781,0.0,0.0,5.9781,11.8300625,695.2812499999995,276.39518182200004,0.0,0.0,276.39518182200004,546.95844426375,32146.06438687498
2026/2027,Gombe,North,NE,45,4623462,11.39485,0.0,0.0,11.39485,17.2468125,700.6979999999995,526.836559707,0.0,0.0,526.836559707,797.39982214875,32396.50576475998
2026/2027,Gombe,North,NE,46,4623462,7.39555,0.0,0.0,7.39555,13.247512500000001,696.6986999999995,341.930443941,0.0,0.0,341.930443941,612.49370638275,32211.599648993975
2026/2027,Gombe,North,NE,47,4623462,7.947699999999999,0.0,0.0,7.947699999999999,13.7996625,697.2508499999996,367.45888937399997,0.0,0.0,367.45888937399997,638.02215181575,32237.12809442698
2026/2027,Gombe,North,NE,48,4623462,10.0836,0.0,0.0,10.0836,15.935562500000001,699.3867499999996,466.21141423200004,0.0,0.0,466.21141423200004,736.7746766737502,32335.880619284977
2026/2027,Gombe,North,NE,49,4623462,7.44265,0.0,0.0,7.44265,13.294612500000001,696.7457999999995,344.108094543,0.0,0.0,344.108094543,614.67135698475,32213.777299595975
2026/2027,Gombe,North,NE,50,4623462,9.89115,0.0,0.0,9.89115,15.7431125,699.1942999999995,457.31356161299993,0.0,0.0,457.31356161299993,727.87682405475,32326.982766665977
2026/2027,Gombe,North,NE,51,4623462,11.3815,0.0,0.0,11.3815,17.2334625,700.6846499999995,526.2193275300001,0.0,0.0,526.2193275300001,796.7825899717501,32395.888532582976
2026/2027,Gombe,North,NE,52,4623462,8.330200000000001,0.0,0.0,8.330200000000001,14.182162500000002,697.6333499999995,385.1436315240001,0.0,0.0,385.1436315240001,655.7068939657502,32254.812836576977
2026/2027,Imo,South,SE,1,6067722,21.9869,0.0,4.655262499999999,21.9869,27.838862499999998,711.2900499999995,1334.1039684179998,0.0,282.46838687024996,1334.1039684179998,1689.1847844622498,43159.10284766097
2026/2027,Imo,South,SE,2,6067722,6.9163,0.0,0.0,6.9163,12.7682625,696.2194499999995,419.661856686,0.0,0.0,419.661856686,774.7426727302501,42244.66073592897
2026/2027,Imo,South,SE,3,6067722,5.5706500000000005,0.0,0.0,5.5706500000000005,11.422612500000001,694.8737999999995,338.0115555930001,0.0,0.0,338.0115555930001,693.09237163725,42163.01043483597
2026/2027,Imo,South,SE,4,6067722,4.44985,0.0,0.0,4.44985,10.3018125,693.7529999999995,270.00452741699996,0.0,0.0,270.00452741699996,625.08534346125,42095.00340665997
2026/2027,Imo,South,SE,5,6067722,6.16455,0.0,0.0,6.16455,12.016512500000001,695.4676999999995,374.047756551,0.0,0.0,374.047756551,729.12857259525,42199.046635793966
2026/2027,Imo,South,SE,6,6067722,4.8124,0.0,0.0,4.8124,10.664362500000001,694.1155499999995,292.003053528,0.0,0.0,292.003053528,647.0838695722501,42117.001932770974
2026/2027,Imo,South,SE,7,6067722,5.9058,0.0,0.0,5.9058,11.757762500000002,695.2089499999995,358.347525876,0.0,0.0,358.347525876,713.4283419202501,42183.34640511897
2026/2027,Imo,South,SE,8,6067722,9.989500000000001,0.0,0.0,9.989500000000001,15.841462500000002,699.2926499999995,606.13508919,0.0,0.0,606.13508919,961.2159052342502,42431.13396843297
2026/2027,Imo,South,SE,9,6067722,15.44715,0.0,0.0,15.44715,21.2991125,704.7502999999995,937.2901189230001,0.0,0.0,937.2901189230001,1292.37093496725,42762.28899816597
2026/2027,Imo,South,SE,10,6067722,34.544000000000004,0.0,17.212362500000005,34.544000000000004,40.3959625,723.8471499999995,2096.0338876800006,0.0,1044.3983061322504,2096.0338876800006,2451.1147037242504,43921.03276692297
2026/2027,Imo,South,SE,11,6067722,83.57025,0.0,66.2386125,83.57025,89.4222125,772.8733999999995,5070.810444705,0.0,4019.1748631572505,5070.810444705,5425.891260749249,46895.80932394797
2026/2027,Imo,South,SE,12,6067722,238.81660000000005,0.0,221.48496250000005,238.81660000000005,244.66856250000006,928.1197499999996,14490.727377852003,0.0,13439.091796304252,14490.727377852003,14845.808193896253,56315.726257094975
2026/2027,Imo,South,SE,13,6067722,884.13985,599.21555,866.8082125000001,884.13985,889.9918125,1573.4429999999995,53647.148189217005,36358.733754771,52595.51260766926,53647.148189217005,54002.22900526125,95472.14706845996
2026/2027,Imo,South,SE,14,6067722,2132.3484500000004,1847.4241500000003,2115.0168125000005,2132.3484500000004,2138.2004125000003,2821.6516,129384.97601730902,112096.56158286303,128333.34043576127,129384.97601730902,129740.05683335327,171209.974896552
2026/2027,Imo,South,SE,15,6067722,2820.99515,2536.07085,2803.6635125000003,2820.99515,2826.8471125,3510.2982999999995,171170.143335483,153881.72890103702,170118.50775393526,171170.143335483,171525.22415152725,212995.14221472596
2026/2027,Imo,South,SE,16,6067722,2919.38,2634.4557,2902.0483625,2919.38,2925.2319625,3608.68315,177139.8625236,159851.448089154,176088.22694205228,177139.8625236,177494.94333964423,218964.86140284297
2026/2027,Imo,South,SE,17,6067722,1346.94815,1062.02385,1329.6165125,1346.94815,1352.8001124999998,2036.2512999999994,81729.069226143,64440.65479169701,80677.43364459525,81729.069226143,82084.15004218725,123554.06810538597
2026/2027,Imo,South,SE,18,6067722,460.44115,175.51684999999998,443.1095125,460.44115,466.2931125,1149.7442999999994,27938.288955603,10649.874521156999,26886.653374055248,27938.288955603,28293.36977164725,69763.28783484596
2026/2027,Imo,South,SE,19,6067722,74.0457,0.0,56.7140625,74.0457,79.8976625,763.3488499999995,4492.8872289539995,0.0,3441.2516474062495,4492.8872289539995,4847.96804499825,46317.88610819697
2026/2027,Imo,South,SE,20,6067722,14.851600000000001,0.0,0.0,14.851600000000001,20.703562500000004,704.1547499999995,901.1538005520001,0.0,0.0,901.1538005520001,1256.2346165962501,42726.15267979497
2026/2027,Imo,South,SE,21,6067722,10.34795,0.0,0.0,10.34795,16.199912500000003,699.6510999999995,627.884838699,0.0,0.0,627.884838699,982.9656547432502,42452.883717941964
2026/2027,Imo,South,SE,22,6067722,10.59365,0.0,0.0,10.59365,16.445612500000003,699.8967999999995,642.793231653,0.0,0.0,642.793231653,997.8740476972503,42467.79211089597
2026/2027,Imo,South,SE,23,6067722,22.97805,0.0,5.6464125,22.97805,28.830012500000002,712.2811999999996,1394.244195021,0.0,342.60861347325005,1394.244195021,1749.32501106525,43219.24307426397
2026/2027,Imo,South,SE,24,6067722,59.161950000000004,0.0,41.830312500000005,59.161950000000004,65.0139125,748.4650999999996,3589.7826557790004,0.0,2538.1470742312504,3589.7826557790004,3944.86347182325,45414.781535021975
2026/2027,Imo,South,SE,25,6067722,72.0838,0.0,54.7521625,72.0838,77.9357625,761.3869499999995,4373.844591036,0.0,3322.20900948825,4373.844591036,4728.92540708025,46198.84347027897
2026/2027,Imo,South,SE,26,6067722,227.42665,0.0,210.0950125,227.42665,233.2786125,916.7297999999995,13799.616875913,0.0,12747.981294365249,13799.616875913,14154.69769195725,55624.61575515597
2026/2027,Imo,South,SE,27,6067722,227.2631,0.0,209.9314625,227.2631,233.11506250000002,916.5662499999995,13789.693116582,0.0,12738.057535034251,13789.693116582,14144.773932626253,55614.691995824964
2026/2027,Imo,South,SE,28,6067722,427.80060000000003,142.87630000000001,410.46896250000003,427.80060000000003,433.65256250000004,1117.1037499999995,25957.751122332,8669.336687886002,24906.115540784253,25957.751122332,26312.831938376254,67782.75000157497
2026/2027,Imo,South,SE,29,6067722,765.30425,480.37995,747.9726125,765.30425,771.1562125,1454.6073999999994,46436.534344185,29148.119909738998,45384.898762637255,46436.534344185,46791.61516022925,88261.53322342796
2026/2027,Imo,South,SE,30,6067722,320.55425,35.62995000000001,303.2226125,320.55425,326.40621250000004,1009.8573999999995,19450.340749185,2161.9263147390006,18398.70516763725,19450.340749185,19805.42156522925,61275.33962842797
2026/2027,Imo,South,SE,31,6067722,168.1511,0.0,150.81946250000001,168.1511,174.00306250000003,857.4542499999995,10202.941287942002,0.0,9151.30570639425,10202.941287942002,10558.022103986252,52027.94016718497
2026/2027,Imo,South,SE,32,6067722,29.83245,0.0,12.500812500000002,29.83245,35.6844125,719.1355999999995,1810.150131789,0.0,758.51455024125,1810.150131789,2165.23094783325,43635.14901103197
2026/2027,Imo,South,SE,33,6067722,10.57215,0.0,0.0,10.57215,16.4241125,699.8752999999995,641.488671423,0.0,0.0,641.488671423,996.5694874672499,42466.48755066597
2026/2027,Imo,South,SE,34,6067722,5.8843,0.0,0.0,5.8843,11.7362625,695.1874499999996,357.04296564599997,0.0,0.0,357.04296564599997,712.12378169025,42182.041844888976
2026/2027,Imo,South,SE,35,6067722,8.0624,0.0,0.0,8.0624,13.914362500000001,697.3655499999995,489.20401852800006,0.0,0.0,489.20401852800006,844.2848345722501,42314.20289777097
2026/2027,Imo,South,SE,36,6067722,5.4084,0.0,0.0,5.4084,11.260362500000001,694.7115499999995,328.166676648,0.0,0.0,328.166676648,683.24749269225,42153.16555589097
2026/2027,Imo,South,SE,37,6067722,5.47175,0.0,0.0,5.47175,11.323712500000001,694.7748999999995,332.01057853500004,0.0,0.0,332.01057853500004,687.09139457925,42157.009457777975
2026/2027,Imo,South,SE,38,6067722,4.89705,0.0,0.0,4.89705,10.749012500000001,694.2001999999995,297.139380201,0.0,0.0,297.139380201,652.22019624525,42122.13825944397
2026/2027,Imo,South,SE,39,6067722,5.83925,0.0,0.0,5.83925,11.6912125,695.1423999999995,354.30945688500003,0.0,0.0,354.30945688500003,709.39027292925,42179.30833612797
2026/2027,Imo,South,SE,40,6067722,4.372850000000001,0.0,0.0,4.372850000000001,10.224812500000002,693.6759999999995,265.33238147700007,0.0,0.0,265.33238147700007,620.4131975212501,42090.33126071997
2026/2027,Imo,South,SE,41,6067722,7.7562999999999995,0.0,0.0,7.7562999999999995,13.6082625,697.0594499999995,470.63072148599997,0.0,0.0,470.63072148599997,825.71153753025,42295.62960072897
2026/2027,Imo,South,SE,42,6067722,4.856350000000001,0.0,0.0,4.856350000000001,10.708312500000002,694.1594999999995,294.66981734700005,0.0,0.0,294.66981734700005,649.7506333912501,42119.66869658997
2026/2027,Imo,South,SE,43,6067722,5.223350000000001,0.0,0.0,5.223350000000001,11.075312500000003,694.5264999999995,316.93835708700004,0.0,0.0,316.93835708700004,672.0191731312501,42141.93723632997
2026/2027,Imo,South,SE,44,6067722,5.4452,0.0,0.0,5.4452,11.2971625,694.7483499999995,330.39959834399997,0.0,0.0,330.39959834399997,685.4804143882501,42155.39847758697
2026/2027,Imo,South,SE,45,6067722,6.86975,0.0,0.0,6.86975,12.7217125,696.1728999999995,416.837332095,0.0,0.0,416.837332095,771.91814813925,42241.83621133797
2026/2027,Imo,South,SE,46,6067722,4.7429,0.0,0.0,4.7429,10.594862500000001,694.0460499999995,287.78598673799996,0.0,0.0,287.78598673799996,642.8668027822501,42112.78486598097
2026/2027,Imo,South,SE,47,6067722,6.2938,0.0,0.0,6.2938,12.1457625,695.5969499999995,381.890287236,0.0,0.0,381.890287236,736.97110328025,42206.88916647897
2026/2027,Imo,South,SE,48,6067722,4.27085,0.0,0.0,4.27085,10.122812500000002,693.5739999999995,259.143305037,0.0,0.0,259.143305037,614.2241210812501,42084.14218427997
2026/2027,Imo,South,SE,49,6067722,6.2920500000000015,0.0,0.0,6.2920500000000015,12.144012500000002,695.5951999999995,381.7841021010001,0.0,0.0,381.7841021010001,736.86491814525,42206.78298134397
2026/2027,Imo,South,SE,50,6067722,4.87195,0.0,0.0,4.87195,10.7239125,694.1750999999995,295.616381979,0.0,0.0,295.616381979,650.69719802325,42120.61526122197
2026/2027,Imo,South,SE,51,6067722,6.708500000000001,0.0,0.0,6.708500000000001,12.560462500000002,696.0116499999995,407.0531303700001,0.0,0.0,407.0531303700001,762.1339464142501,42232.05200961296
2026/2027,Imo,South,SE,52,6067722,4.2214,0.0,0.0,4.2214,10.073362500000002,693.5245499999995,256.142816508,0.0,0.0,256.142816508,611.2236325522501,42081.14169575097
2026/2027,Jigawa,North,NW,1,6979080,22.093450000000004,0.0,4.761812500000005,22.093450000000004,27.945412500000003,711.3965999999995,1541.9195502600003,0.0,332.33070382500034,1541.9195502600003,1950.3326947050002,49648.93783127997
2026/2027,Jigawa,North,NW,2,6979080,10.025500000000001,0.0,0.0,10.025500000000001,15.877462500000002,699.3286499999995,699.6876654,0.0,0.0,699.6876654,1108.100809845,48806.70594641996
2026/2027,Jigawa,North,NW,3,6979080,6.6307,0.0,0.0,6.6307,12.4826625,695.9338499999996,462.76185755999995,0.0,0.0,462.76185755999995,871.175002005,48569.78013857997
2026/2027,Jigawa,North,NW,4,6979080,13.629050000000001,0.0,0.0,13.629050000000001,19.481012500000002,702.9321999999995,951.1823027400001,0.0,0.0,951.1823027400001,1359.5954471850002,49058.200583759965
2026/2027,Jigawa,North,NW,5,6979080,12.012400000000001,0.0,0.0,12.012400000000001,17.864362500000002,701.3155499999995,838.35500592,0.0,0.0,838.35500592,1246.768150365,48945.37328693996
2026/2027,Jigawa,North,NW,6,6979080,12.650200000000002,0.0,0.0,12.650200000000002,18.502162500000004,701.9533499999995,882.8675781600001,0.0,0.0,882.8675781600001,1291.2807226050004,48989.885859179965
2026/2027,Jigawa,North,NW,7,6979080,9.845749999999999,0.0,0.0,9.845749999999999,15.6977125,699.1488999999995,687.1427691,0.0,0.0,687.1427691,1095.555913545,48794.16105011996
2026/2027,Jigawa,North,NW,8,6979080,11.114149999999999,0.0,0.0,11.114149999999999,16.9661125,700.4172999999995,775.6654198199999,0.0,0.0,775.6654198199999,1184.078564265,48882.68370083997
2026/2027,Jigawa,North,NW,9,6979080,10.9206,0.0,0.0,10.9206,16.7725625,700.2237499999995,762.1574104800001,0.0,0.0,762.1574104800001,1170.570554925,48869.175691499964
2026/2027,Jigawa,North,NW,10,6979080,8.803450000000002,0.0,0.0,8.803450000000002,14.655412500000002,698.1065999999995,614.3998182600001,0.0,0.0,614.3998182600001,1022.8129627050002,48721.41809927997
2026/2027,Jigawa,North,NW,11,6979080,12.593,0.0,0.0,12.593,18.444962500000003,701.8961499999995,878.8755444,0.0,0.0,878.8755444,1287.288688845,48985.89382541996
2026/2027,Jigawa,North,NW,12,6979080,27.5588,0.0,10.227162500000002,27.5588,33.410762500000004,716.8619499999995,1923.35069904,0.0,713.7618526050002,1923.35069904,2331.7638434850005,50030.36898005997
2026/2027,Jigawa,North,NW,13,6979080,33.812,0.0,16.4803625,33.812,39.6639625,723.1151499999995,2359.7665296,0.0,1150.177683165,2359.7665296,2768.1796740449995,50466.78481061997
2026/2027,Jigawa,North,NW,14,6979080,110.16375,0.0,92.8321125,110.16375,116.01571249999999,799.4668999999994,7688.416243499999,0.0,6478.827397065,7688.416243499999,8096.829387945,55795.43452451996
2026/2027,Jigawa,North,NW,15,6979080,424.74780000000004,139.82350000000002,407.41616250000004,424.74780000000004,430.59976250000005,1114.0509499999996,29643.48876024,9758.3939238,28433.899913805002,29643.48876024,30051.901904685004,77750.50704125997
2026/2027,Jigawa,North,NW,16,6979080,835.8643500000001,550.94005,818.5327125000001,835.8643500000001,841.7163125000001,1525.1674999999996,58335.641677980006,38450.54684154,57126.05283154501,58335.641677980006,58744.054822425,106442.65995899998
2026/2027,Jigawa,North,NW,17,6979080,1753.3402500000002,1468.41595,1736.0086125000003,1753.3402500000002,1759.1922125,2442.6434,122367.0187197,102481.92388326,121157.42987326502,122367.0187197,122775.43186414501,170474.03700071998
2026/2027,Jigawa,North,NW,18,6979080,1823.0286000000003,1538.1043000000004,1805.6969625000004,1823.0286000000003,1828.8805625000002,2512.33175,127230.62441688002,107345.52958044002,126021.03557044502,127230.62441688002,127639.03756132502,175337.64269789998
2026/2027,Jigawa,North,NW,19,6979080,2186.23925,1901.31495,2168.9076125,2186.23925,2192.0912125,2875.5423999999994,152579.3862489,132694.29141246,151369.79740246502,152579.3862489,152987.799393345,200686.40452991996
2026/2027,Jigawa,North,NW,20,6979080,717.0694000000001,432.14510000000007,699.7377625000001,717.0694000000001,722.9213625000001,1406.3725499999996,50044.847081520005,30159.752245080002,48835.25823508501,50044.847081520005,50453.260225965,98151.86536253997
2026/2027,Jigawa,North,NW,21,6979080,121.49285,0.0,104.1612125,121.49285,127.3448125,810.7959999999995,8479.08319578,0.0,7269.494349345,8479.08319578,8887.496340225,56586.101476799966
2026/2027,Jigawa,North,NW,22,6979080,57.08955,0.0,39.7579125,57.08955,62.9415125,746.3926999999995,3984.3253661400004,0.0,2774.7365197050003,3984.3253661400004,4392.738510585,52091.34364715997
2026/2027,Jigawa,North,NW,23,6979080,50.74365,0.0,33.4120125,50.74365,56.5956125,740.0467999999995,3541.43992842,0.0,2331.8510819850003,3541.43992842,3949.8530728650003,51648.45820943997
2026/2027,Jigawa,North,NW,24,6979080,98.08565,0.0,80.7540125,98.08565,103.9376125,787.3887999999995,6845.475982020001,0.0,5635.887135585001,6845.475982020001,7253.889126465,54952.49426303996
2026/2027,Jigawa,North,NW,25,6979080,179.9595,0.0,162.6278625,179.9595,185.8114625,869.2626499999994,12559.5174726,0.0,11349.928626165,12559.5174726,12967.930617045,60666.53575361996
2026/2027,Jigawa,North,NW,26,6979080,276.8127,0.0,259.4810625,276.8127,282.6646625,966.1158499999995,19318.97978316,0.0,18109.390936725,19318.97978316,19727.392927605,67425.99806417996
2026/2027,Jigawa,North,NW,27,6979080,432.38595,147.46164999999996,415.0543125,432.38595,438.2379125,1121.6890999999996,30176.561359259995,10291.466522819997,28966.972512825,30176.561359259995,30584.974503705,78283.57964027998
2026/2027,Jigawa,North,NW,28,6979080,920.5836000000002,635.6593000000001,903.2519625000002,920.5836000000002,926.4355625000002,1609.8867499999997,64248.265910880014,44363.17107444001,63038.677064445015,64248.265910880014,64656.67905532501,112355.28419189996
2026/2027,Jigawa,North,NW,29,6979080,1067.9174,782.9931,1050.5857625,1067.9174,1073.7693625,1757.2205499999995,74530.80967992,54645.714843480004,73321.220833485,74530.80967992,74939.222824365,122637.82796093996
2026/2027,Jigawa,North,NW,30,6979080,906.7966,621.8723,889.4649625,906.7966,912.6485625,1596.0997499999994,63286.060151280006,43400.96531484,62076.471304845,63286.060151280006,63694.473295725,111393.07843229995
2026/2027,Jigawa,North,NW,31,6979080,303.4351500000001,18.51085000000006,286.1035125000001,303.4351500000001,309.2871125000001,992.7382999999995,21176.981866620008,1291.8870301800043,19967.393020185005,21176.981866620008,21585.395011065008,69284.00014763998
2026/2027,Jigawa,North,NW,32,6979080,98.69835,0.0,81.3667125,98.69835,104.5503125,788.0014999999995,6888.23680518,0.0,5678.647958745,6888.23680518,7296.649949625,54995.25508619997
2026/2027,Jigawa,North,NW,33,6979080,29.38395,0.0,12.0523125,29.38395,35.2359125,718.6870999999995,2050.72937766,0.0,841.140531225,2050.72937766,2459.142522105,50157.747658679975
2026/2027,Jigawa,North,NW,34,6979080,8.75075,0.0,0.0,8.75075,14.6027125,698.0538999999995,610.7218431,0.0,0.0,610.7218431,1019.1349875450001,48717.74012411997
2026/2027,Jigawa,North,NW,35,6979080,7.78885,0.0,0.0,7.78885,13.640812500000001,697.0919999999995,543.59007258,0.0,0.0,543.59007258,952.003217025,48650.60835359997
2026/2027,Jigawa,North,NW,36,6979080,9.1433,0.0,0.0,9.1433,14.9952625,698.4464499999995,638.11822164,0.0,0.0,638.11822164,1046.531366085,48745.13650265996
2026/2027,Jigawa,North,NW,37,6979080,8.1766,0.0,0.0,8.1766,14.028562500000001,697.4797499999995,570.65145528,0.0,0.0,570.65145528,979.0645997250001,48677.66973629996
2026/2027,Jigawa,North,NW,38,6979080,10.35885,0.0,0.0,10.35885,16.210812500000003,699.6619999999995,722.95242858,0.0,0.0,722.95242858,1131.3655730250002,48829.97070959996
2026/2027,Jigawa,North,NW,39,6979080,13.170000000000002,0.0,0.0,13.170000000000002,19.0219625,702.4731499999995,919.144836,0.0,0.0,919.144836,1327.557980445,49026.16311701996
2026/2027,Jigawa,North,NW,40,6979080,8.517,0.0,0.0,8.517,14.3689625,697.8201499999996,594.4082436,0.0,0.0,594.4082436,1002.8213880449999,48701.42652461997
2026/2027,Jigawa,North,NW,41,6979080,6.40575,0.0,0.0,6.40575,12.2577125,695.7088999999995,447.0624171,0.0,0.0,447.0624171,855.4755615450001,48554.080698119964
2026/2027,Jigawa,North,NW,42,6979080,8.35795,0.0,0.0,8.35795,14.209912500000002,697.6610999999995,583.3080168600001,0.0,0.0,583.3080168600001,991.721161305,48690.32629787996
2026/2027,Jigawa,North,NW,43,6979080,7.7654499999999995,0.0,0.0,7.7654499999999995,13.6174125,697.0685999999995,541.95696786,0.0,0.0,541.95696786,950.370112305,48648.975248879964
2026/2027,Jigawa,North,NW,44,6979080,6.866300000000001,0.0,0.0,6.866300000000001,12.718262500000002,696.1694499999995,479.2045700400001,0.0,0.0,479.2045700400001,887.6177144850001,48586.222851059974
2026/2027,Jigawa,North,NW,45,6979080,7.840450000000001,0.0,0.0,7.840450000000001,13.692412500000001,697.1435999999995,547.19127786,0.0,0.0,547.19127786,955.6044223050001,48654.209558879964
2026/2027,Jigawa,North,NW,46,6979080,8.77385,0.0,0.0,8.77385,14.6258125,698.0769999999995,612.33401058,0.0,0.0,612.33401058,1020.747155025,48719.35229159997
2026/2027,Jigawa,North,NW,47,6979080,9.98675,0.0,0.0,9.98675,15.838712500000002,699.2898999999995,696.9832719,0.0,0.0,696.9832719,1105.396416345,48804.001552919966
2026/2027,Jigawa,North,NW,48,6979080,11.815949999999999,0.0,0.0,11.815949999999999,17.6679125,701.1190999999995,824.6446032599999,0.0,0.0,824.6446032599999,1233.057747705,48931.66288427997
2026/2027,Jigawa,North,NW,49,6979080,12.00765,0.0,0.0,12.00765,17.8596125,701.3107999999995,838.0234996199999,0.0,0.0,838.0234996199999,1246.436644065,48945.041780639964
2026/2027,Jigawa,North,NW,50,6979080,10.543750000000001,0.0,0.0,10.543750000000001,16.395712500000002,699.8468999999996,735.8567475,0.0,0.0,735.8567475,1144.2698919450002,48842.875028519964
2026/2027,Jigawa,North,NW,51,6979080,7.6255500000000005,0.0,0.0,7.6255500000000005,13.477512500000001,696.9286999999995,532.19323494,0.0,0.0,532.19323494,940.606379385,48639.211515959956
2026/2027,Jigawa,North,NW,52,6979080,7.5368,0.0,0.0,7.5368,13.388762500000002,696.8399499999995,525.9993014400001,0.0,0.0,525.9993014400001,934.4124458850001,48633.017582459965
2026/2027,Kaduna,North,NW,1,8324285,22.3851,0.0,5.053462500000002,22.3851,28.2370625,711.6882499999995,1863.3995215350003,0.0,420.6646208681252,1863.3995215350003,2350.533558128125,59242.95824151245
2026/2027,Kaduna,North,NW,2,8324285,7.5266,0.0,0.0,7.5266,13.378562500000001,696.8297499999995,626.53563481,0.0,0.0,626.53563481,1113.669671403125,58006.09435478746
2026/2027,Kaduna,North,NW,3,8324285,7.0205,0.0,0.0,7.0205,12.872462500000001,696.3236499999995,584.4064284250001,0.0,0.0,584.4064284250001,1071.5404650181251,57963.96514840245
2026/2027,Kaduna,North,NW,4,8324285,11.02295,0.0,0.0,11.02295,16.8749125,700.3260999999995,917.5817734074999,0.0,0.0,917.5817734074999,1404.715810000625,58297.14049338496
2026/2027,Kaduna,North,NW,5,8324285,7.54035,0.0,0.0,7.54035,13.392312500000001,696.8434999999995,627.6802239975,0.0,0.0,627.6802239975,1114.814260590625,58007.23894397496
2026/2027,Kaduna,North,NW,6,8324285,6.2299,0.0,0.0,6.2299,12.0818625,695.5330499999995,518.594631215,0.0,0.0,518.594631215,1005.728667808125,57898.153351192464
2026/2027,Kaduna,North,NW,7,8324285,8.582150000000002,0.0,0.0,8.582150000000002,14.434112500000003,697.8852999999995,714.4026251275002,0.0,0.0,714.4026251275002,1201.5366617206253,58093.96134510495
2026/2027,Kaduna,North,NW,8,8324285,10.38855,0.0,0.0,10.38855,16.2405125,699.6916999999995,864.7725093675001,0.0,0.0,864.7725093675001,1351.9065459606252,58244.331229344956
2026/2027,Kaduna,North,NW,9,8324285,9.36415,0.0,0.0,9.36415,15.216112500000001,698.6672999999995,779.4985338275001,0.0,0.0,779.4985338275001,1266.6325704206251,58159.05725380496
2026/2027,Kaduna,North,NW,10,8324285,19.718600000000002,0.0,2.3869625000000028,19.718600000000002,25.5705625,709.0217499999995,1641.43246201,0.0,198.69756134312522,1641.43246201,2128.566498603125,59020.991181987454
2026/2027,Kaduna,North,NW,11,8324285,23.89035,0.0,6.558712500000002,23.89035,29.742312500000004,713.1934999999995,1988.7008214975003,0.0,545.9659208306251,1988.7008214975003,2475.8348580906254,59368.25954147496
2026/2027,Kaduna,North,NW,12,8324285,36.41755,0.0,19.0859125,36.41755,42.2695125,725.7206999999995,3031.5006520174998,0.0,1588.765751350625,3031.5006520174998,3518.634688610625,60411.05937199496
2026/2027,Kaduna,North,NW,13,8324285,161.27785,0.0,143.9462125,161.27785,167.1298125,850.5809999999994,13425.2278758725,0.0,11982.492975205623,13425.2278758725,13912.361912465627,70804.78659584995
2026/2027,Kaduna,North,NW,14,8324285,721.919,436.99469999999997,704.5873624999999,721.919,727.7709625,1411.2221499999996,60094.59502915,36376.684262894996,58651.86012848312,60094.59502915,60581.72906574312,117474.15374912746
2026/2027,Kaduna,North,NW,15,8324285,1043.9273500000002,759.0030500000001,1026.5957125000002,1043.9273500000002,1049.7793125,1733.2304999999997,86899.48780694752,63181.57704069251,85456.75290628064,86899.48780694752,87386.62184354063,144279.04652692497
2026/2027,Kaduna,North,NW,16,8324285,2412.7402,2127.8159,2395.4085625000002,2412.7402,2418.5921625,3102.04335,200843.37055757,177125.459791315,199400.63565690315,200843.37055757,201330.50459416313,258222.9292775475
2026/2027,Kaduna,North,NW,17,8324285,2368.61985,2083.69555,2351.2882125,2368.61985,2374.4718125,3057.923,197170.6668805725,173452.75611431748,195727.9319799056,197170.6668805725,197657.80091716562,254550.22560054995
2026/2027,Kaduna,North,NW,18,8324285,1408.39025,1123.4659499999998,1391.0586125,1408.39025,1414.2422124999998,2097.693399999999,117238.41832221248,93520.50755595749,115795.68342154562,117238.41832221248,117725.55235880562,174617.97704218994
2026/2027,Kaduna,North,NW,19,8324285,242.8834,0.0,225.5517625,242.8834,248.7353625,932.1865499999994,20218.30643369,0.0,18775.571533023125,20218.30643369,20705.440470283127,77597.86515366744
2026/2027,Kaduna,North,NW,20,8324285,64.45565,0.0,47.124012500000006,64.45565,70.3076125,753.7587999999995,5365.4720046025,0.0,3922.7371039356253,5365.4720046025,5852.606041195625,62745.030724579956
2026/2027,Kaduna,North,NW,21,8324285,25.57645,0.0,8.244812500000002,25.57645,31.4284125,714.8795999999995,2129.0565908825,0.0,686.3216902156252,2129.0565908825,2616.1906274756248,59508.615310859954
2026/2027,Kaduna,North,NW,22,8324285,20.7768,0.0,3.445162500000002,20.7768,26.6287625,710.0799499999995,1729.52004588,0.0,286.78514521312513,1729.52004588,2216.654082473125,59109.078765857455
2026/2027,Kaduna,North,NW,23,8324285,31.10065,0.0,13.769012500000002,31.10065,36.9526125,720.4037999999995,2588.9067428525,0.0,1146.171842185625,2588.9067428525,3076.040779445625,59968.465462829954
2026/2027,Kaduna,North,NW,24,8324285,94.3537,0.0,77.0220625,94.3537,100.2056625,783.6568499999995,7854.270896045001,0.0,6411.535995378126,7854.270896045001,8341.404932638125,65233.82961602246
2026/2027,Kaduna,North,NW,25,8324285,178.3247,0.0,160.9930625,178.3247,184.17666250000002,867.6278499999995,14844.256253395,0.0,13401.521352728127,14844.256253395,15331.390289988127,72223.81497337246
2026/2027,Kaduna,North,NW,26,8324285,213.06685000000002,0.0,195.73521250000002,213.06685000000002,218.91881250000003,902.3699999999995,17736.2918345225,0.0,16293.556933855627,17736.2918345225,18223.42587111563,75115.85055449996
2026/2027,Kaduna,North,NW,27,8324285,842.4791,557.5548,825.1474625000001,842.4791,848.3310625,1531.7822499999995,70130.361349435,46412.45058318,68687.62644876813,70130.361349435,70617.49538602812,127509.92006941246
2026/2027,Kaduna,North,NW,28,8324285,1195.54405,910.61975,1178.2124125,1195.54405,1201.3960124999999,1884.8471999999995,99520.4940225425,75802.5832562875,98077.75912187563,99520.4940225425,100007.6280591356,156900.05274251994
2026/2027,Kaduna,North,NW,29,8324285,716.1266499999999,431.2023499999999,698.7950125,716.1266499999999,721.9786124999999,1405.4297999999994,59612.42330695249,35894.51254069749,58169.68840628562,59612.42330695249,60099.55734354562,116991.98202692995
2026/2027,Kaduna,North,NW,30,8324285,449.0819,164.1576,431.7502625,449.0819,454.93386250000003,1138.3850499999994,37382.857239415,13664.94647316,35940.12233874813,37382.857239415,37869.99127600813,94762.41595939246
2026/2027,Kaduna,North,NW,31,8324285,325.91105000000005,40.98675000000003,308.57941250000005,325.91105000000005,331.76301250000006,1015.2141999999996,27129.764648492503,3411.853882237502,25687.02974782563,27129.764648492503,27616.89868508563,84509.32336846997
2026/2027,Kaduna,North,NW,32,8324285,84.85445,0.0,67.5228125,84.85445,90.7064125,774.1575999999995,7063.526253182499,0.0,5620.791352515625,7063.526253182499,7550.660289775626,64443.08497315996
2026/2027,Kaduna,North,NW,33,8324285,15.670550000000002,0.0,0.0,15.670550000000002,21.522512500000005,704.9736999999996,1304.4612430675002,0.0,0.0,1304.4612430675002,1791.5952796606255,58684.01996304496
2026/2027,Kaduna,North,NW,34,8324285,9.45555,0.0,0.0,9.45555,15.307512500000001,698.7586999999995,787.1069303175001,0.0,0.0,787.1069303175001,1274.240966910625,58166.66565029496
2026/2027,Kaduna,North,NW,35,8324285,7.58685,0.0,0.0,7.58685,13.438812500000001,696.8899999999995,631.5510165225,0.0,0.0,631.5510165225,1118.6850531156251,58011.10973649996
2026/2027,Kaduna,North,NW,36,8324285,6.71115,0.0,0.0,6.71115,12.5631125,696.0142999999995,558.6552527775,0.0,0.0,558.6552527775,1045.789289370625,57938.21397275496
2026/2027,Kaduna,North,NW,37,8324285,8.7137,0.0,0.0,8.7137,14.5656625,698.0168499999995,725.3532220449999,0.0,0.0,725.3532220449999,1212.487258638125,58104.91194202246
2026/2027,Kaduna,North,NW,38,8324285,11.279700000000002,0.0,0.0,11.279700000000002,17.131662500000004,700.5828499999996,938.9543751450002,0.0,0.0,938.9543751450002,1426.0884117381254,58318.513095122464
2026/2027,Kaduna,North,NW,39,8324285,6.441550000000001,0.0,0.0,6.441550000000001,12.293512500000002,695.7446999999995,536.2129804175001,0.0,0.0,536.2129804175001,1023.3470170106251,57915.77170039496
2026/2027,Kaduna,North,NW,40,8324285,4.3091,0.0,0.0,4.3091,10.1610625,693.6122499999994,358.701764935,0.0,0.0,358.701764935,845.835801528125,57738.260484912455
2026/2027,Kaduna,North,NW,41,8324285,6.9208,0.0,0.0,6.9208,12.7727625,696.2239499999995,576.10711628,0.0,0.0,576.10711628,1063.241152873125,57955.66583625746
2026/2027,Kaduna,North,NW,42,8324285,8.34045,0.0,0.0,8.34045,14.192412500000001,697.6435999999995,694.2828282825001,0.0,0.0,694.2828282825001,1181.4168648756252,58073.84154825997
2026/2027,Kaduna,North,NW,43,8324285,8.019100000000002,0.0,0.0,8.019100000000002,13.871062500000003,697.3222499999995,667.532738435,0.0,0.0,667.532738435,1154.6667750281251,58047.091458412455
2026/2027,Kaduna,North,NW,44,8324285,5.234100000000001,0.0,0.0,5.234100000000001,11.0860625,694.5372499999995,435.701401185,0.0,0.0,435.701401185,922.8354377781251,57815.260121162464
2026/2027,Kaduna,North,NW,45,8324285,5.8333,0.0,0.0,5.8333,11.6852625,695.1364499999995,485.5805169050001,0.0,0.0,485.5805169050001,972.714553498125,57865.13923688246
2026/2027,Kaduna,North,NW,46,8324285,12.69575,0.0,0.0,12.69575,18.547712500000003,701.9988999999995,1056.8304128875002,0.0,0.0,1056.8304128875002,1543.9644494806255,58436.389132864955
2026/2027,Kaduna,North,NW,47,8324285,8.29855,0.0,0.0,8.29855,14.150512500000001,697.6016999999995,690.7949528675,0.0,0.0,690.7949528675,1177.928989460625,58070.353672844954
2026/2027,Kaduna,North,NW,48,8324285,6.1739999999999995,0.0,0.0,6.1739999999999995,12.0259625,695.4771499999995,513.9413559,0.0,0.0,513.9413559,1001.075392493125,57893.500075877455
2026/2027,Kaduna,North,NW,49,8324285,5.3049,0.0,0.0,5.3049,11.1568625,694.6080499999995,441.594994965,0.0,0.0,441.594994965,928.729031558125,57821.153714942455
2026/2027,Kaduna,North,NW,50,8324285,8.24225,0.0,0.0,8.24225,14.094212500000001,697.5453999999995,686.1083804125001,0.0,0.0,686.1083804125001,1173.2424170056252,58065.66710038996
2026/2027,Kaduna,North,NW,51,8324285,10.2125,0.0,0.0,10.2125,16.0644625,699.5156499999995,850.117605625,0.0,0.0,850.117605625,1337.2516422181252,58229.67632560246
2026/2027,Kaduna,North,NW,52,8324285,10.96425,0.0,0.0,10.96425,16.8162125,700.2673999999995,912.6954181125,0.0,0.0,912.6954181125,1399.8294547056248,58292.254138089964
2026/2027,Kano,North,NW,1,16253549,15.820800000000002,0.0,0.0,15.820800000000002,21.672762500000005,705.1239499999995,2571.441480192,0.0,0.0,2571.441480192,3522.5930725911257,114607.6667239854
2026/2027,Kano,North,NW,2,16253549,5.3828000000000005,0.0,0.0,5.3828000000000005,11.234762500000002,694.6859499999995,874.8960355720002,0.0,0.0,874.8960355720002,1826.0476279711252,112911.12127936541
2026/2027,Kano,North,NW,3,16253549,9.6005,0.0,0.0,9.6005,15.452462500000001,698.9036499999995,1560.4219717450003,0.0,0.0,1560.4219717450003,2511.573564144125,113596.64721553843
2026/2027,Kano,North,NW,4,16253549,8.914950000000001,0.0,0.0,8.914950000000001,14.766912500000002,698.2180999999995,1448.9957665755,0.0,0.0,1448.9957665755,2400.147358974625,113485.22101036891
2026/2027,Kano,North,NW,5,16253549,8.484200000000001,0.0,0.0,8.484200000000001,14.336162500000002,697.7873499999995,1378.9836042580002,0.0,0.0,1378.9836042580002,2330.1351966571256,113415.20884805142
2026/2027,Kano,North,NW,6,16253549,9.305900000000001,0.0,0.0,9.305900000000001,15.157862500000002,698.6090499999995,1512.5390163910001,0.0,0.0,1512.5390163910001,2463.690608790125,113548.7642601844
2026/2027,Kano,North,NW,7,16253549,7.55185,0.0,0.0,7.55185,13.4038125,696.8549999999994,1227.4436401565001,0.0,0.0,1227.4436401565001,2178.595232555625,113263.66888394991
2026/2027,Kano,North,NW,8,16253549,6.776400000000001,0.0,0.0,6.776400000000001,12.628362500000001,696.0795499999995,1101.405494436,0.0,0.0,1101.405494436,2052.5570868351256,113137.6307382294
2026/2027,Kano,North,NW,9,16253549,7.42375,0.0,0.0,7.42375,13.275712500000001,696.7268999999995,1206.6228438875,0.0,0.0,1206.6228438875,2157.774436286625,113242.84808768093
2026/2027,Kano,North,NW,10,16253549,14.7761,0.0,0.0,14.7761,20.6280625,704.0792499999995,2401.6406537889998,0.0,0.0,2401.6406537889998,3352.792246188125,114437.86589758244
2026/2027,Kano,North,NW,11,16253549,15.3303,0.0,0.0,15.3303,21.1822625,704.6334499999995,2491.717822347,0.0,0.0,2491.717822347,3442.8694147461247,114527.94306614042
2026/2027,Kano,North,NW,12,16253549,17.469749999999998,0.0,0.1381124999999983,17.469749999999998,23.321712499999997,706.7728999999995,2839.4543764274995,0.0,22.448182862624726,2839.4543764274995,3790.6059688266246,114875.67962022091
2026/2027,Kano,North,NW,13,16253549,27.5653,0.0,10.233662500000001,27.5653,33.4172625,716.8684499999995,4480.339542497,0.0,1663.3333489321253,4480.339542497,5431.491134896125,116516.56478629042
2026/2027,Kano,North,NW,14,16253549,107.18110000000001,0.0,89.84946250000002,107.18110000000001,113.03306250000001,796.4842499999995,17420.732607239002,0.0,14603.726413674129,17420.732607239002,18371.884199638127,129456.95785103244
2026/2027,Kano,North,NW,15,16253549,455.67060000000004,170.74630000000002,438.33896250000004,455.67060000000004,461.52256250000005,1144.9737499999997,74062.644249594,27752.333536187005,71245.63805602913,74062.644249594,75013.79584199314,186098.86949338746
2026/2027,Kano,North,NW,16,16253549,548.8279,263.9036,531.4962625000001,548.8279,554.6798625,1238.1310499999995,89204.011652171,42893.70093876399,86387.00545860613,89204.011652171,90155.16324457013,201240.23689596442
2026/2027,Kano,North,NW,17,16253549,1127.1766,842.2523,1109.8449625,1127.1766,1133.0285625,1816.4797499999995,183206.20099753398,136895.890284127,180389.19480396915,183206.20099753398,184157.3525899331,295242.4262413274
2026/2027,Kano,North,NW,18,16253549,2296.7728500000003,2011.8485500000002,2279.4412125000003,2296.7728500000003,2302.6248125,2986.076,373307.1005934466,326996.7898800395,370490.09439988167,373307.1005934466,374258.25218584563,485343.32583724
2026/2027,Kano,North,NW,19,16253549,1071.0851,786.1608,1053.7534625,1071.0851,1076.9370625,1760.3882499999995,174089.341560199,127779.030846792,171272.33536663413,174089.341560199,175040.49315259812,286125.56680399243
2026/2027,Kano,North,NW,20,16253549,509.95090000000005,225.02660000000003,492.61926250000005,509.95090000000005,515.8028625000001,1199.2540499999996,82885.119407441,36574.80869403401,80068.11321387613,82885.119407441,83836.27099984014,194921.34465123442
2026/2027,Kano,North,NW,21,16253549,147.8128,0.0,130.4811625,147.8128,153.66476250000002,837.1159499999995,24024.825876272,0.0,21207.819682707126,24024.825876272,24975.97746867113,136061.05112006541
2026/2027,Kano,North,NW,22,16253549,45.67385,0.0,28.342212500000002,45.67385,51.5258125,734.9769999999995,7423.621589936501,0.0,4606.615396371626,7423.621589936501,8374.773182335624,119459.84683372991
2026/2027,Kano,North,NW,23,16253549,40.7132,0.0,23.3815625,40.7132,46.5651625,730.0163499999995,6617.3399114680005,0.0,3800.3337179031255,6617.3399114680005,7568.491503867125,118653.56515526141
2026/2027,Kano,North,NW,24,16253549,91.08019999999999,0.0,73.74856249999999,91.08019999999999,96.93216249999999,780.3833499999995,14803.764936298,0.0,11986.758742733124,14803.764936298,15754.916528697124,126839.99018009142
2026/2027,Kano,North,NW,25,16253549,136.61450000000002,0.0,119.28286250000002,136.61450000000002,142.46646250000003,825.9176499999995,22204.704698605005,0.0,19387.698505040127,22204.704698605005,23155.85629100413,134240.92994239842
2026/2027,Kano,North,NW,26,16253549,336.7273,51.803,319.3956625,336.7273,342.5792625,1026.0304499999995,54730.136701877,8419.82598847,51913.13050831213,54730.136701877,55681.288294276135,166766.36194567042
2026/2027,Kano,North,NW,27,16253549,622.96085,338.03655000000003,605.6292125,622.96085,628.8128125000001,1312.2639999999997,101253.2470055665,54942.93629215951,98436.24081200163,101253.2470055665,102204.39859796564,213289.47224935994
2026/2027,Kano,North,NW,28,16253549,1095.06245,810.1381499999999,1077.7308125,1095.06245,1100.9144124999998,1784.3655999999994,177986.51189135047,131676.20117794347,175169.50569778561,177986.51189135047,178937.66348374958,290022.7371351439
2026/2027,Kano,North,NW,29,16253549,1363.7735500000001,1078.8492500000002,1346.4419125000002,1363.7735500000001,1369.6255125,2053.0766999999996,221661.60219828953,175351.29148488253,218844.59600472465,221661.60219828953,222612.75379068864,333697.8274420829
2026/2027,Kano,North,NW,30,16253549,534.3569,249.43259999999998,517.0252625,534.3569,540.2088625,1223.6600499999995,86851.960576381,40541.649862973994,84034.95438281614,86851.960576381,87803.11216878012,198888.1858201744
2026/2027,Kano,North,NW,31,16253549,259.44125,0.0,242.10961250000003,259.44125,265.29321250000004,948.7443999999996,42168.410694962506,0.0,39351.40450139763,42168.410694962506,43119.56228736163,154204.63593875594
2026/2027,Kano,North,NW,32,16253549,67.56575000000001,0.0,50.23411250000001,67.56575000000001,73.41771250000001,756.8688999999995,10981.8322834675,0.0,8164.826089902626,10981.8322834675,11932.983875866625,123018.05752726091
2026/2027,Kano,North,NW,33,16253549,18.03865,0.0,0.7070125000000012,18.03865,23.890612500000003,707.3417999999995,2931.9208166885,0.0,114.91462312362518,2931.9208166885,3883.0724090876256,114968.14606048191
2026/2027,Kano,North,NW,34,16253549,9.30855,0.0,0.0,9.30855,15.160512500000001,698.6116999999995,1512.9697354395,0.0,0.0,1512.9697354395,2464.1213278386253,113549.19497923293
2026/2027,Kano,North,NW,35,16253549,8.35055,0.0,0.0,8.35055,14.202512500000001,697.6536999999995,1357.2607360195,0.0,0.0,1357.2607360195,2308.4123284186253,113393.48597981293
2026/2027,Kano,North,NW,36,16253549,9.33185,0.0,0.0,9.33185,15.1838125,698.6349999999995,1516.7568123565,0.0,0.0,1516.7568123565,2467.9084047556253,113552.98205614992
2026/2027,Kano,North,NW,37,16253549,12.126650000000001,0.0,0.0,12.126650000000001,17.978612500000004,701.4297999999995,1971.0109998085002,0.0,0.0,1971.0109998085002,2922.1625922076255,114007.23624360193
2026/2027,Kano,North,NW,38,16253549,12.1837,0.0,0.0,12.1837,18.0356625,701.4868499999995,1980.283649513,0.0,0.0,1980.283649513,2931.4352419121255,114016.50889330643
2026/2027,Kano,North,NW,39,16253549,11.1414,0.0,0.0,11.1414,16.993362500000003,700.4445499999995,1810.8729082860002,0.0,0.0,1810.8729082860002,2762.0245006851255,113847.09815207942
2026/2027,Kano,North,NW,40,16253549,7.8261,0.0,0.0,7.8261,13.678062500000001,697.1292499999995,1272.0189982890001,0.0,0.0,1272.0189982890001,2223.1705906881252,113308.24424208242
2026/2027,Kano,North,NW,41,16253549,9.25585,0.0,0.0,9.25585,15.107812500000001,698.5589999999995,1504.4041151165,0.0,0.0,1504.4041151165,2455.5557075156253,113540.62935890991
2026/2027,Kano,North,NW,42,16253549,5.742700000000001,0.0,0.0,5.742700000000001,11.594662500000002,695.0458499999995,933.3925584230001,0.0,0.0,933.3925584230001,1884.5441508221254,112969.61780221641
2026/2027,Kano,North,NW,43,16253549,8.1938,0.0,0.0,8.1938,14.0457625,697.4969499999995,1331.783297962,0.0,0.0,1331.783297962,2282.9348903611253,113368.00854175542
2026/2027,Kano,North,NW,44,16253549,7.7341,0.0,0.0,7.7341,13.5860625,697.0372499999995,1257.065733209,0.0,0.0,1257.065733209,2208.217325608125,113293.29097700243
2026/2027,Kano,North,NW,45,16253549,8.57665,0.0,0.0,8.57665,14.428612500000002,697.8797999999995,1394.0100103085003,0.0,0.0,1394.0100103085003,2345.161602707625,113430.2352541019
2026/2027,Kano,North,NW,46,16253549,9.626750000000001,0.0,0.0,9.626750000000001,15.478712500000002,698.9298999999995,1564.6885283575002,0.0,0.0,1564.6885283575002,2515.8401207566253,113600.91377215092
2026/2027,Kano,North,NW,47,16253549,9.8865,0.0,0.0,9.8865,15.7384625,699.1896499999995,1606.907121885,0.0,0.0,1606.907121885,2558.058714284125,113643.13236567841
2026/2027,Kano,North,NW,48,16253549,8.65285,0.0,0.0,8.65285,14.504812500000002,697.9559999999994,1406.3952146465,0.0,0.0,1406.3952146465,2357.546807045625,113442.62045843991
2026/2027,Kano,North,NW,49,16253549,7.9414,0.0,0.0,7.9414,13.7933625,697.2445499999995,1290.759340286,0.0,0.0,1290.759340286,2241.9109326851253,113326.98458407942
2026/2027,Kano,North,NW,50,16253549,8.53135,0.0,0.0,8.53135,14.3833125,697.8344999999995,1386.6471526115001,0.0,0.0,1386.6471526115001,2337.798745010625,113422.87239640491
2026/2027,Kano,North,NW,51,16253549,7.2171,0.0,0.0,7.2171,13.069062500000001,696.5202499999995,1173.034884879,0.0,0.0,1173.034884879,2124.1864772781255,113209.26012867241
2026/2027,Kano,North,NW,52,16253549,6.67175,0.0,0.0,6.67175,12.523712500000002,695.9748999999995,1084.3961554075001,0.0,0.0,1084.3961554075001,2035.5477478066255,113120.62139920091
2026/2027,Katsina,North,NW,1,9300382,36.22075,0.0,18.889112500000003,36.22075,42.0727125,725.5238999999995,3368.668113265,0.0,1756.7596189097503,3368.668113265,3912.92298026175,67476.49420129794
2026/2027,Katsina,North,NW,2,9300382,10.52505,0.0,0.0,10.52505,16.3770125,699.8281999999995,978.8698556910001,0.0,0.0,978.8698556910001,1523.12472268775,65086.69594372396
2026/2027,Katsina,North,NW,3,9300382,9.096850000000002,0.0,0.0,9.096850000000002,14.948812500000003,698.3999999999995,846.0417999670002,0.0,0.0,846.0417999670002,1390.29666696375,64953.86788799996
2026/2027,Katsina,North,NW,4,9300382,10.69575,0.0,0.0,10.69575,16.547712500000003,699.9988999999995,994.745607765,0.0,0.0,994.745607765,1539.0004747617504,65102.571695797946
2026/2027,Katsina,North,NW,5,9300382,11.150950000000002,0.0,0.0,11.150950000000002,17.0029125,700.4540999999995,1037.0809466290002,0.0,0.0,1037.0809466290002,1581.33581362575,65144.90703466195
2026/2027,Katsina,North,NW,6,9300382,12.4033,0.0,0.0,12.4033,18.2552625,701.7064499999994,1153.554280606,0.0,0.0,1153.554280606,1697.80914760275,65261.380368638944
2026/2027,Katsina,North,NW,7,9300382,16.03135,0.0,0.0,16.03135,21.883312500000002,705.3344999999995,1490.976789757,0.0,0.0,1490.976789757,2035.2316567537503,65598.80287778996
2026/2027,Katsina,North,NW,8,9300382,6.767900000000001,0.0,0.0,6.767900000000001,12.619862500000002,696.0710499999996,629.4405533780001,0.0,0.0,629.4405533780001,1173.6954203747503,64737.26664141096
2026/2027,Katsina,North,NW,9,9300382,12.36655,0.0,0.0,12.36655,18.218512500000003,701.6696999999995,1150.136390221,0.0,0.0,1150.136390221,1694.3912572177503,65257.96247825395
2026/2027,Katsina,North,NW,10,9300382,11.08215,0.0,0.0,11.08215,16.9341125,700.3852999999995,1030.682283813,0.0,0.0,1030.682283813,1574.9371508097502,65138.50837184595
2026/2027,Katsina,North,NW,11,9300382,8.261700000000001,0.0,0.0,8.261700000000001,14.113662500000002,697.5648499999995,768.369659694,0.0,0.0,768.369659694,1312.6245266907501,64876.19574772695
2026/2027,Katsina,North,NW,12,9300382,21.0455,0.0,3.713862500000001,21.0455,26.897462500000003,710.3486499999995,1957.3118938100001,0.0,345.4033994547501,1957.3118938100001,2501.56676080675,66065.13798184294
2026/2027,Katsina,North,NW,13,9300382,50.302550000000004,0.0,32.970912500000004,50.302550000000004,56.1545125,739.6056999999995,4678.329305741,0.0,3066.4208113857503,4678.329305741,5222.58417273775,68786.15539377395
2026/2027,Katsina,North,NW,14,9300382,114.8637,0.0,97.5320625,114.8637,120.7156625,804.1668499999995,10682.762879333999,0.0,9070.85438497875,10682.762879333999,11227.01774633075,74790.58896736696
2026/2027,Katsina,North,NW,15,9300382,399.38110000000006,114.45680000000004,382.04946250000006,399.38110000000006,405.2330625000001,1088.6842499999996,37143.96793580201,10644.919624976004,35532.059441446756,37143.96793580201,37688.22280279876,101251.79402383495
2026/2027,Katsina,North,NW,16,9300382,782.2706,497.3462999999999,764.9389624999999,782.2706,788.1225625,1471.5737499999996,72754.154073692,46255.10576286599,71142.24557933674,72754.154073692,73298.40894068875,136861.98016172496
2026/2027,Katsina,North,NW,17,9300382,1539.2055,1254.2812,1521.8738625,1539.2055,1545.0574625,2228.5086499999998,143151.99126501,116652.94295418399,141540.08277065476,143151.99126501,143696.24613200675,207259.81735304298
2026/2027,Katsina,North,NW,18,9300382,1389.9906,1105.0663,1372.6589625000001,1389.9906,1395.8425625,2079.29375,129274.43556409201,102775.38725326599,127662.52706973677,129274.43556409201,129818.69043108875,193382.261652125
2026/2027,Katsina,North,NW,19,9300382,1173.0340500000002,888.1097500000002,1155.7024125000003,1173.0340500000002,1178.8860125,1862.3371999999997,109096.64764007101,82597.59932924501,107484.73914571576,109096.64764007101,109640.90250706776,173204.47372810397
2026/2027,Katsina,North,NW,20,9300382,454.23660000000007,169.31230000000005,436.90496250000007,454.23660000000007,460.0885625000001,1143.5397499999995,42245.73898381201,15746.690672986004,40633.830489456755,42245.73898381201,42789.99385080876,106353.56507184495
2026/2027,Katsina,North,NW,21,9300382,121.62820000000002,0.0,104.29656250000002,121.62820000000002,127.48016250000002,810.9313499999995,11311.887219724002,0.0,9699.978725368752,11311.887219724002,11856.142086720753,75419.71330775696
2026/2027,Katsina,North,NW,22,9300382,52.60685000000001,0.0,35.27521250000001,52.60685000000001,58.45881250000001,741.9099999999995,4892.638008167001,0.0,3280.729513811751,4892.638008167001,5436.89287516375,69000.46409619995
2026/2027,Katsina,North,NW,23,9300382,34.24825,0.0,16.9166125,34.24825,40.1002125,723.5513999999995,3185.2180783149997,0.0,1573.30958395975,3185.2180783149997,3729.4729453117498,67293.04416634796
2026/2027,Katsina,North,NW,24,9300382,73.78275,0.0,56.451112499999994,73.78275,79.63471249999999,763.0858999999995,6862.077600105,0.0,5250.169105749749,6862.077600105,7406.332467101749,70969.90368813796
2026/2027,Katsina,North,NW,25,9300382,186.29745000000003,0.0,168.96581250000003,186.29745000000003,192.14941250000004,875.6005999999995,17326.374506259002,0.0,15714.466011903753,17326.374506259002,17870.629373255753,81434.20059429195
2026/2027,Katsina,North,NW,26,9300382,478.04290000000003,193.11860000000001,460.71126250000003,478.04290000000003,483.89486250000004,1167.3460499999997,44459.815823878,17960.767513052,42847.90732952275,44459.815823878,45004.07069087476,108567.64191191098
2026/2027,Katsina,North,NW,27,9300382,621.91555,336.99125000000004,604.5839125,621.91555,627.7675125000001,1311.2186999999994,57840.52186740101,31341.473556575,56228.61337304575,57840.52186740101,58384.776734397754,121948.34795543394
2026/2027,Katsina,North,NW,28,9300382,1143.52015,858.59585,1126.1885125000001,1143.52015,1149.3721125,1832.8232999999996,106351.742196973,79852.693886147,104739.83370261776,106351.742196973,106895.99706396974,170459.56828500595
2026/2027,Katsina,North,NW,29,9300382,1339.2692000000002,1054.3449,1321.9375625000002,1339.2692000000002,1345.1211625,2028.5723499999997,124557.15160834402,98058.103297518,122945.24311398878,124557.15160834402,125101.40647534077,188664.97769637694
2026/2027,Katsina,North,NW,30,9300382,687.7267500000002,402.80245000000014,670.3951125000001,687.7267500000002,693.5787125000002,1377.0298999999995,63961.214866185015,37462.166555359014,62349.306371829756,63961.214866185015,64505.469733181766,128069.04095421796
2026/2027,Katsina,North,NW,31,9300382,390.64570000000003,105.72140000000002,373.31406250000003,390.64570000000003,396.49766250000005,1079.9488499999995,36331.542366574,9832.494055748002,34719.63387221875,36331.542366574,36875.79723357075,100439.36845460696
2026/2027,Katsina,North,NW,32,9300382,55.04535,0.0,37.7137125,55.04535,60.8973125,744.3484999999995,5119.427823237,0.0,3507.51932888175,5119.427823237,5663.682690233751,69227.25391126995
2026/2027,Katsina,North,NW,33,9300382,16.373600000000003,0.0,0.0,16.373600000000003,22.225562500000002,705.6767499999995,1522.8073471520004,0.0,0.0,1522.8073471520004,2067.06221414875,65630.63343518495
2026/2027,Katsina,North,NW,34,9300382,10.250200000000001,0.0,0.0,10.250200000000001,16.102162500000002,699.5533499999995,953.3077557640001,0.0,0.0,953.3077557640001,1497.56262276075,65061.133843796946
2026/2027,Katsina,North,NW,35,9300382,7.0809999999999995,0.0,0.0,7.0809999999999995,12.9329625,696.3841499999995,658.5600494199999,0.0,0.0,658.5600494199999,1202.81491641675,64766.38613745296
2026/2027,Katsina,North,NW,36,9300382,12.1996,0.0,0.0,12.1996,18.051562500000003,701.5027499999995,1134.609402472,0.0,0.0,1134.609402472,1678.8642694687503,65242.43549050496
2026/2027,Katsina,North,NW,37,9300382,9.844850000000001,0.0,0.0,9.844850000000001,15.696812500000002,699.1479999999995,915.6086573270001,0.0,0.0,915.6086573270001,1459.8635243237502,65023.43474535995
2026/2027,Katsina,North,NW,38,9300382,6.140550000000001,0.0,0.0,6.140550000000001,11.992512500000002,695.4436999999995,571.094606901,0.0,0.0,571.094606901,1115.3494738977502,64678.92069493395
2026/2027,Katsina,North,NW,39,9300382,8.676850000000002,0.0,0.0,8.676850000000002,14.528812500000003,697.9799999999996,806.9801955670002,0.0,0.0,806.9801955670002,1351.23506256375,64914.80628359996
2026/2027,Katsina,North,NW,40,9300382,9.7949,0.0,0.0,9.7949,15.646862500000001,699.0980499999995,910.9631165180001,0.0,0.0,910.9631165180001,1455.21798351475,65018.78920455095
2026/2027,Katsina,North,NW,41,9300382,9.011000000000001,0.0,0.0,9.011000000000001,14.862962500000002,698.3141499999995,838.0574220200001,0.0,0.0,838.0574220200001,1382.3122890167501,64945.88351005295
2026/2027,Katsina,North,NW,42,9300382,8.813649999999999,0.0,0.0,8.813649999999999,14.6656125,698.1167999999996,819.7031181429999,0.0,0.0,819.7031181429999,1363.95798513975,64927.529206175954
2026/2027,Katsina,North,NW,43,9300382,11.036950000000001,0.0,0.0,11.036950000000001,16.888912500000004,700.3400999999996,1026.478511149,0.0,0.0,1026.478511149,1570.7333781457505,65134.30459918196
2026/2027,Katsina,North,NW,44,9300382,6.251650000000001,0.0,0.0,6.251650000000001,12.1036125,695.5547999999995,581.4273313030001,0.0,0.0,581.4273313030001,1125.68219829975,64689.25341933595
2026/2027,Katsina,North,NW,45,9300382,9.8516,0.0,0.0,9.8516,15.7035625,699.1547499999995,916.2364331119999,0.0,0.0,916.2364331119999,1460.4913001087502,65024.06252114495
2026/2027,Katsina,North,NW,46,9300382,10.555800000000001,0.0,0.0,10.555800000000001,16.407762500000004,699.8589499999995,981.7297231560001,0.0,0.0,981.7297231560001,1525.9845901527503,65089.555811188955
2026/2027,Katsina,North,NW,47,9300382,7.5585,0.0,0.0,7.5585,13.410462500000001,696.8616499999995,702.96937347,0.0,0.0,702.96937347,1247.2242404667502,64810.79546150295
2026/2027,Katsina,North,NW,48,9300382,4.267150000000001,0.0,0.0,4.267150000000001,10.119112500000002,693.5702999999995,396.86125051300013,0.0,0.0,396.86125051300013,941.1161175097501,64504.687338545955
2026/2027,Katsina,North,NW,49,9300382,10.106750000000002,0.0,0.0,10.106750000000002,15.958712500000003,699.4098999999995,939.9663577850002,0.0,0.0,939.9663577850002,1484.2212247817502,65047.792445817955
2026/2027,Katsina,North,NW,50,9300382,8.19445,0.0,0.0,8.19445,14.0464125,697.4975999999995,762.115152799,0.0,0.0,762.115152799,1306.37001979575,64869.94124083195
2026/2027,Katsina,North,NW,51,9300382,7.756,0.0,0.0,7.756,13.607962500000001,697.0591499999995,721.3376279199999,0.0,0.0,721.3376279199999,1265.59249491675,64829.16371595295
2026/2027,Katsina,North,NW,52,9300382,10.9655,0.0,0.0,10.9655,16.8174625,700.2686499999995,1019.8333882100001,0.0,0.0,1019.8333882100001,1564.08825520675,65127.65947624295
2026/2027,Kebbi,North,NW,1,6001610,28.05585,0.0,10.7242125,28.05585,33.9078125,717.3589999999995,1683.8026991850002,0.0,643.62540982125,1683.8026991850002,2035.01466578125,43053.08947989997
2026/2027,Kebbi,North,NW,2,6001610,10.896149999999999,0.0,0.0,10.896149999999999,16.748112499999998,700.1992999999995,653.944428015,0.0,0.0,653.944428015,1005.1563946112499,42023.23120872997
2026/2027,Kebbi,North,NW,3,6001610,8.7895,0.0,0.0,8.7895,14.641462500000001,698.0926499999995,527.51151095,0.0,0.0,527.51151095,878.72347754625,41896.79829166497
2026/2027,Kebbi,North,NW,4,6001610,11.109449999999999,0.0,0.0,11.109449999999999,16.9614125,700.4125999999995,666.7458621449999,0.0,0.0,666.7458621449999,1017.9578287412501,42036.03264285997
2026/2027,Kebbi,North,NW,5,6001610,10.182350000000001,0.0,0.0,10.182350000000001,16.034312500000002,699.4854999999995,611.1049358350001,0.0,0.0,611.1049358350001,962.31690243125,41980.39171654997
2026/2027,Kebbi,North,NW,6,6001610,7.9256,0.0,0.0,7.9256,13.777562500000002,697.2287499999995,475.66360216,0.0,0.0,475.66360216,826.8755687562501,41844.95038287497
2026/2027,Kebbi,North,NW,7,6001610,10.113150000000001,0.0,0.0,10.113150000000001,15.965112500000002,699.4162999999995,606.951821715,0.0,0.0,606.951821715,958.1637883112501,41976.23860242997
2026/2027,Kebbi,North,NW,8,6001610,10.607200000000002,0.0,0.0,10.607200000000002,16.459162500000005,699.9103499999995,636.6027759200001,0.0,0.0,636.6027759200001,987.8147425162504,42005.889556634975
2026/2027,Kebbi,North,NW,9,6001610,8.64235,0.0,0.0,8.64235,14.494312500000001,697.9454999999995,518.680141835,0.0,0.0,518.680141835,869.89210843125,41887.96692254997
2026/2027,Kebbi,North,NW,10,6001610,8.96545,0.0,0.0,8.96545,14.817412500000001,698.2685999999995,538.071343745,0.0,0.0,538.071343745,889.2833103412502,41907.35812445997
2026/2027,Kebbi,North,NW,11,6001610,9.823450000000001,0.0,0.0,9.823450000000001,15.675412500000002,699.1265999999995,589.5651575450001,0.0,0.0,589.5651575450001,940.77712414125,41958.85193825997
2026/2027,Kebbi,North,NW,12,6001610,19.2464,0.0,1.914762500000002,19.2464,25.0983625,708.5495499999995,1155.09386704,0.0,114.91657767625011,1155.09386704,1506.3058336362499,42524.380647754966
2026/2027,Kebbi,North,NW,13,6001610,45.44285000000001,0.0,28.111212500000008,45.44285000000001,51.294812500000006,734.7459999999995,2727.3026298850004,0.0,1687.1253405212503,2727.3026298850004,3078.5145964812505,44096.589410599976
2026/2027,Kebbi,North,NW,14,6001610,119.36605,0.0,102.0344125,119.36605,125.2180125,808.6691999999995,7163.884793405,0.0,6123.70750404125,7163.884793405,7515.096760001251,48533.171574119966
2026/2027,Kebbi,North,NW,15,6001610,325.64015,40.71584999999999,308.3085125,325.64015,331.4921125,1014.9432999999995,19543.651806415,2443.6065251849996,18503.47451705125,19543.651806415,19894.86377301125,60912.93858712997
2026/2027,Kebbi,North,NW,16,6001610,994.5229000000002,709.5986000000001,977.1912625000002,994.5229000000002,1000.3748625000002,1683.8260499999997,59687.38581869001,42587.340537460004,58647.208529326264,59687.38581869001,60038.59778528626,101056.67259940498
2026/2027,Kebbi,North,NW,17,6001610,1189.3510999999999,904.4267999999998,1172.0194625,1189.3510999999999,1195.2030624999998,1878.6542499999994,71380.21455271,54280.16927147999,70340.03726334624,71380.21455271,71731.42651930625,112749.50133342497
2026/2027,Kebbi,North,NW,18,6001610,1667.75385,1382.82955,1650.4222125000001,1667.75385,1673.6058125,2357.057,100092.081836985,82992.036555755,99051.90454762125,100092.081836985,100443.29380358125,141461.36861769998
2026/2027,Kebbi,North,NW,19,6001610,1609.5843499999999,1324.66005,1592.2527125,1609.5843499999999,1615.4363124999998,2298.8874999999994,96600.97530803499,79500.930026805,95560.79801867125,96600.97530803499,96952.18727463123,137970.26208874997
2026/2027,Kebbi,North,NW,20,6001610,535.2325500000001,250.30825000000004,517.9009125,535.2325500000001,541.0845125000001,1224.5356999999995,32122.570244055005,15022.524962825002,31082.392954691248,32122.570244055005,32473.782210651254,73491.85702476997
2026/2027,Kebbi,North,NW,21,6001610,93.47855000000001,0.0,76.14691250000001,93.47855000000001,99.33051250000001,782.7816999999995,5610.218004655001,0.0,4570.040715291251,5610.218004655001,5961.42997125125,46979.504785369965
2026/2027,Kebbi,North,NW,22,6001610,42.77695,0.0,25.4453125,42.77695,48.6289125,732.0800999999994,2567.305708895,0.0,1527.12841953125,2567.305708895,2918.51767549125,43936.59248960997
2026/2027,Kebbi,North,NW,23,6001610,49.808400000000006,0.0,32.47676250000001,49.808400000000006,55.660362500000005,739.1115499999995,2989.3059152400006,0.0,1949.1286258762502,2989.3059152400006,3340.5178818362506,44358.59269595497
2026/2027,Kebbi,North,NW,24,6001610,60.68060000000001,0.0,43.34896250000001,60.68060000000001,66.53256250000001,749.9837499999995,3641.812957660001,0.0,2601.6356682962505,3641.812957660001,3993.024924256251,45011.09973837497
2026/2027,Kebbi,North,NW,25,6001610,130.04925000000003,0.0,112.71761250000003,130.04925000000003,135.90121250000004,819.3523999999995,7805.048792925001,0.0,6764.871503561252,7805.048792925001,8156.260759521253,49174.335573639975
2026/2027,Kebbi,North,NW,26,6001610,360.17005,75.24574999999999,342.8384125,360.17005,366.0220125,1049.4731999999995,21616.001737805,4515.956456574999,20575.82444844125,21616.001737805,21967.21370440125,62985.28851851996
2026/2027,Kebbi,North,NW,27,6001610,602.7849000000001,317.8606000000001,585.4532625000002,602.7849000000001,608.6368625000001,1292.0880499999996,36176.798836890004,19076.753555660005,35136.62154752626,36176.798836890004,36528.01080348626,77546.08561760499
2026/2027,Kebbi,North,NW,28,6001610,763.1529,478.22860000000003,745.8212625000001,763.1529,769.0048625000001,1452.4560499999995,45801.46076169,28701.41548046,44761.28347232626,45801.46076169,46152.672728286256,87170.74754240498
2026/2027,Kebbi,North,NW,29,6001610,798.9872500000001,514.0629500000001,781.6556125000002,798.9872500000001,804.8392125000001,1488.2903999999996,47952.098694725006,30852.053413495007,46911.92140536126,47952.098694725006,48303.31066132126,89321.38547543998
2026/2027,Kebbi,North,NW,30,6001610,819.4669000000001,534.5426000000001,802.1352625000002,819.4669000000001,825.3188625000001,1508.7700499999996,49181.20741709001,32081.162135860006,48141.03012772626,49181.20741709001,49532.419383686254,90550.49419780499
2026/2027,Kebbi,North,NW,31,6001610,286.28385000000003,1.359550000000013,268.95221250000003,286.28385000000003,292.13581250000004,975.5869999999995,17181.640169985,81.59488875500077,16141.462880621251,17181.640169985,17532.852136581252,58550.92695069997
2026/2027,Kebbi,North,NW,32,6001610,84.84885,0.0,67.5172125,84.84885,90.7008125,774.1519999999995,5092.297066485,0.0,4052.11977712125,5092.297066485,5443.50903308125,46461.58384719997
2026/2027,Kebbi,North,NW,33,6001610,25.431200000000004,0.0,8.099562500000005,25.431200000000004,31.283162500000003,714.7343499999995,1526.2814423200002,0.0,486.1041529562503,1526.2814423200002,1877.4934089162502,42895.56822303497
2026/2027,Kebbi,North,NW,34,6001610,11.555499999999999,0.0,0.0,11.555499999999999,17.4074625,700.8586499999996,693.51604355,0.0,0.0,693.51604355,1044.7280101462502,42062.802824264974
2026/2027,Kebbi,North,NW,35,6001610,7.8216,0.0,0.0,7.8216,13.673562500000001,697.1247499999995,469.42192776,0.0,0.0,469.42192776,820.63389435625,41838.70870847497
2026/2027,Kebbi,North,NW,36,6001610,8.14795,0.0,0.0,8.14795,13.9999125,697.4510999999995,489.00818199500003,0.0,0.0,489.00818199500003,840.22014859125,41858.29496270997
2026/2027,Kebbi,North,NW,37,6001610,9.49565,0.0,0.0,9.49565,15.3476125,698.7987999999995,569.891879965,0.0,0.0,569.891879965,921.1038465612501,41939.17866067997
2026/2027,Kebbi,North,NW,38,6001610,8.4145,0.0,0.0,8.4145,14.266462500000001,697.7176499999995,505.00547345,0.0,0.0,505.00547345,856.2174400462501,41874.29225416497
2026/2027,Kebbi,North,NW,39,6001610,6.38875,0.0,0.0,6.38875,12.2407125,695.6918999999995,383.427858875,0.0,0.0,383.427858875,734.6398254712501,41752.71463958997
2026/2027,Kebbi,North,NW,40,6001610,8.43,0.0,0.0,8.43,14.2819625,697.7331499999995,505.935723,0.0,0.0,505.935723,857.1476895962501,41875.22250371497
2026/2027,Kebbi,North,NW,41,6001610,6.6640500000000005,0.0,0.0,6.6640500000000005,12.516012500000002,695.9671999999995,399.95029120500004,0.0,0.0,399.95029120500004,751.1622578012501,41769.23707191997
2026/2027,Kebbi,North,NW,42,6001610,10.47945,0.0,0.0,10.47945,16.3314125,699.7825999999995,628.935719145,0.0,0.0,628.935719145,980.1476857412499,41998.22249985997
2026/2027,Kebbi,North,NW,43,6001610,8.626850000000001,0.0,0.0,8.626850000000001,14.478812500000002,697.9299999999995,517.7498922850001,0.0,0.0,517.7498922850001,868.9618588812501,41887.036672999966
2026/2027,Kebbi,North,NW,44,6001610,8.66045,0.0,0.0,8.66045,14.512412500000002,697.9635999999995,519.766433245,0.0,0.0,519.766433245,870.97839984125,41889.05321395997
2026/2027,Kebbi,North,NW,45,6001610,15.232850000000003,0.0,0.0,15.232850000000003,21.084812500000005,704.5359999999995,914.2162488850003,0.0,0.0,914.2162488850003,1265.4282154812504,42283.50302959997
2026/2027,Kebbi,North,NW,46,6001610,12.15305,0.0,0.0,12.15305,18.0050125,701.4561999999995,729.3786641050001,0.0,0.0,729.3786641050001,1080.59063070125,42098.66544481997
2026/2027,Kebbi,North,NW,47,6001610,14.0018,0.0,0.0,14.0018,19.853762500000002,703.3049499999995,840.33342898,0.0,0.0,840.33342898,1191.54539557625,42209.62020969497
2026/2027,Kebbi,North,NW,48,6001610,12.49915,0.0,0.0,12.49915,18.3511125,701.8022999999995,750.150236315,0.0,0.0,750.150236315,1101.36220291125,42119.437017029966
2026/2027,Kebbi,North,NW,49,6001610,9.753300000000001,0.0,0.0,9.753300000000001,15.605262500000002,699.0564499999995,585.35502813,0.0,0.0,585.35502813,936.5669947262502,41954.641808844965
2026/2027,Kebbi,North,NW,50,6001610,7.36575,0.0,0.0,7.36575,13.217712500000001,696.6688999999996,442.06358857500004,0.0,0.0,442.06358857500004,793.2755551712501,41811.350369289976
2026/2027,Kebbi,North,NW,51,6001610,7.94135,0.0,0.0,7.94135,13.7933125,697.2444999999996,476.608855735,0.0,0.0,476.608855735,827.82082233125,41845.895636449975
2026/2027,Kebbi,North,NW,52,6001610,10.39145,0.0,0.0,10.39145,16.2434125,699.6945999999995,623.654302345,0.0,0.0,623.654302345,974.8662689412502,41992.941083059966
2026/2027,Kogi,North,NC,1,5053734,32.898649999999996,0.0,15.567012499999997,32.898649999999996,38.750612499999995,722.2017999999995,1662.6102605909998,0.0,786.7154034967499,1662.6102605909998,1958.3528791207498,36498.157915211974
2026/2027,Kogi,North,NC,2,5053734,8.92215,0.0,0.0,8.92215,14.774112500000001,698.2252999999995,450.901728081,0.0,0.0,450.901728081,746.6443466107501,35286.449382701976
2026/2027,Kogi,North,NC,3,5053734,12.652250000000002,0.0,0.0,12.652250000000002,18.5042125,701.9553999999995,639.4110600150001,0.0,0.0,639.4110600150001,935.15367854475,35474.95871463597
2026/2027,Kogi,North,NC,4,5053734,6.348750000000001,0.0,0.0,6.348750000000001,12.200712500000002,695.6518999999995,320.84893732500007,0.0,0.0,320.84893732500007,616.59155585475,35156.39659194597
2026/2027,Kogi,North,NC,5,5053734,7.69935,0.0,0.0,7.69935,13.551312500000002,697.0024999999995,389.104668729,0.0,0.0,389.104668729,684.84728725875,35224.65232334997
2026/2027,Kogi,North,NC,6,5053734,8.016950000000001,0.0,0.0,8.016950000000001,13.868912500000002,697.3200999999995,405.15532791300006,0.0,0.0,405.15532791300006,700.8979464427501,35240.70298253398
2026/2027,Kogi,North,NC,7,5053734,5.42685,0.0,0.0,5.42685,11.2788125,694.7299999999994,274.258563579,0.0,0.0,274.258563579,570.0011821087501,35109.80621819997
2026/2027,Kogi,North,NC,8,5053734,9.9884,0.0,0.0,9.9884,15.840362500000001,699.2915499999995,504.78716685600006,0.0,0.0,504.78716685600006,800.5297853857501,35340.33482147697
2026/2027,Kogi,North,NC,9,5053734,12.52405,0.0,0.0,12.52405,18.3760125,701.8271999999995,632.9321730270001,0.0,0.0,632.9321730270001,928.67479155675,35468.47982764797
2026/2027,Kogi,North,NC,10,5053734,15.170750000000002,0.0,0.0,15.170750000000002,21.022712500000004,704.4738999999995,766.6893508050001,0.0,0.0,766.6893508050001,1062.4319693347502,35602.23700542597
2026/2027,Kogi,North,NC,11,5053734,20.084200000000003,0.0,2.7525625000000034,20.084200000000003,25.936162500000002,709.3873499999995,1015.0020440280001,0.0,139.10718693375017,1015.0020440280001,1310.74466255775,35850.549698648974
2026/2027,Kogi,North,NC,12,5053734,59.22155,0.0,41.8899125,59.22155,65.0735125,748.5246999999995,2992.899607677,0.0,2117.00475058275,2992.899607677,3288.6422262067504,37828.447262297974
2026/2027,Kogi,North,NC,13,5053734,258.13805,0.0,240.80641250000002,258.13805,263.99001250000003,947.4411999999995,13045.610399787001,0.0,12169.715542692751,13045.610399787001,13341.353018316753,47881.15805440798
2026/2027,Kogi,North,NC,14,5053734,646.2943500000001,361.3700500000001,628.9627125000002,646.2943500000001,652.1463125000001,1335.5974999999996,32661.997306029007,18262.681082667004,31786.10244893476,32661.997306029007,32957.73992455876,67497.54496064998
2026/2027,Kogi,North,NC,15,5053734,1399.6069000000002,1114.6826,1382.2752625000003,1399.6069000000002,1405.4588625000001,2088.9100499999995,70732.40977164601,56333.09354828401,69856.51491455176,70732.40977164601,71028.15239017575,105567.95742626698
2026/2027,Kogi,North,NC,16,5053734,2333.9898000000003,2049.0655,2316.6581625000003,2333.9898000000003,2339.8417625,3023.29295,117953.63607913202,103554.31985577001,117077.74122203777,117953.63607913202,118249.37869766176,152789.183733753
2026/2027,Kogi,North,NC,17,5053734,2053.6627,1768.7383999999997,2036.3310625,2053.6627,2059.5146624999998,2742.9658499999996,103786.65011521798,89387.33389185599,102910.75525812374,103786.65011521798,104082.39273374774,138622.19776983897
2026/2027,Kogi,North,NC,18,5053734,1084.93645,800.0121499999999,1067.6048125,1084.93645,1090.7884124999998,1774.2395999999994,54829.802252043,40430.486028681,53953.90739494875,54829.802252043,55125.54487057274,89665.34990666398
2026/2027,Kogi,North,NC,19,5053734,345.56045,60.63614999999999,328.2288125,345.56045,351.4124125,1034.8635999999995,17463.705952203,3064.3897288409994,16587.81109510875,17463.705952203,17759.44857073275,52299.25360682397
2026/2027,Kogi,North,NC,20,5053734,52.88655,0.0,35.5549125,52.88655,58.7385125,742.1896999999994,2672.745558777,0.0,1796.85070168275,2672.745558777,2968.48817730675,37508.29321339797
2026/2027,Kogi,North,NC,21,5053734,22.22735,0.0,4.895712500000002,22.22735,28.0793125,711.5304999999995,1123.311144249,0.0,247.41628715475008,1123.311144249,1419.05376277875,35958.85879886998
2026/2027,Kogi,North,NC,22,5053734,37.65315,0.0,20.321512499999997,37.65315,43.505112499999996,726.9562999999995,1902.8900436209997,0.0,1026.9951865267499,1902.8900436209997,2198.6326621507496,36738.43769824197
2026/2027,Kogi,North,NC,23,5053734,41.83175,0.0,24.5001125,41.83175,47.6837125,731.1348999999996,2114.065372545,0.0,1238.17051545075,2114.065372545,2409.8079910747497,36949.61302716598
2026/2027,Kogi,North,NC,24,5053734,63.25585,0.0,45.9242125,63.25585,69.10781250000001,752.5589999999995,3196.782398439,0.0,2320.8875413447504,3196.782398439,3492.52501696875,38032.33005305997
2026/2027,Kogi,North,NC,25,5053734,180.24720000000002,0.0,162.91556250000002,180.24720000000002,186.09916250000003,869.5503499999995,9109.214030448002,0.0,8233.319173353751,9109.214030448002,9404.956648977752,43944.76168506898
2026/2027,Kogi,North,NC,26,5053734,210.7178,0.0,193.3861625,210.7178,216.56976250000002,900.0209499999995,10649.117102652,0.0,9773.22224555775,10649.117102652,10944.85972118175,45484.66475727298
2026/2027,Kogi,North,NC,27,5053734,544.1233000000001,259.19900000000007,526.7916625,544.1233000000001,549.9752625000001,1233.4264499999995,27498.544214022004,13099.227990660005,26622.64935692775,27498.544214022004,27794.286832551756,62334.09186864297
2026/2027,Kogi,North,NC,28,5053734,689.8069,404.8826,672.4752625000001,689.8069,695.6588625,1379.1100499999995,34861.005839646,20461.689616284002,33985.110982551756,34861.005839646,35156.74845817575,69696.55349426698
2026/2027,Kogi,North,NC,29,5053734,497.75915,212.83484999999996,480.4275125,497.75915,503.6111125,1187.0622999999996,25155.423401661,10756.107178298998,24279.52854456675,25155.423401661,25451.16602019075,59990.971056281975
2026/2027,Kogi,North,NC,30,5053734,534.5879,249.66359999999997,517.2562625,534.5879,540.4398625,1223.8910499999995,27016.650462185997,12617.334238823998,26140.755605091752,27016.650462185997,27312.393080715752,61852.198116806976
2026/2027,Kogi,North,NC,31,5053734,190.76685,0.0,173.4352125,190.76685,196.61881250000002,880.0699999999995,9640.849159179,0.0,8764.95430208475,9640.849159179,9936.59177770875,44476.39681379997
2026/2027,Kogi,North,NC,32,5053734,85.5019,0.0,68.1702625,85.5019,91.3538625,774.8050499999995,4321.038590946,0.0,3445.1437338517503,4321.038590946,4616.78120947575,39156.58624556697
2026/2027,Kogi,North,NC,33,5053734,21.86645,0.0,4.534812500000001,21.86645,27.7184125,711.1695999999995,1105.072218243,0.0,229.17736114875004,1105.072218243,1400.81483677275,35940.61987286397
2026/2027,Kogi,North,NC,34,5053734,10.1518,0.0,0.0,10.1518,16.0037625,699.4549499999995,513.044968212,0.0,0.0,513.044968212,808.7875867417501,35348.59262283298
2026/2027,Kogi,North,NC,35,5053734,5.56055,0.0,0.0,5.56055,11.412512500000002,694.8636999999995,281.01540593699997,0.0,0.0,281.01540593699997,576.75802446675,35116.56306055798
2026/2027,Kogi,North,NC,36,5053734,5.44055,0.0,0.0,5.44055,11.2925125,694.7436999999995,274.950925137,0.0,0.0,274.950925137,570.6935436667501,35110.49857975798
2026/2027,Kogi,North,NC,37,5053734,7.05405,0.0,0.0,7.05405,12.906012500000001,696.3571999999995,356.492923227,0.0,0.0,356.492923227,652.2355417567501,35192.04057784797
2026/2027,Kogi,North,NC,38,5053734,9.25825,0.0,0.0,9.25825,15.110212500000001,698.5613999999995,467.887328055,0.0,0.0,467.887328055,763.6299465847501,35303.43498267597
2026/2027,Kogi,North,NC,39,5053734,7.996200000000002,0.0,0.0,7.996200000000002,13.848162500000003,697.2993499999995,404.1066781080001,0.0,0.0,404.1066781080001,699.8492966377502,35239.65433272898
2026/2027,Kogi,North,NC,40,5053734,8.820150000000002,0.0,0.0,8.820150000000002,14.672112500000003,698.1232999999995,445.74691940100007,0.0,0.0,445.74691940100007,741.4895379307501,35281.29457402197
2026/2027,Kogi,North,NC,41,5053734,4.3492500000000005,0.0,0.0,4.3492500000000005,10.2012125,693.6523999999995,219.79952599500004,0.0,0.0,219.79952599500004,515.54214452475,35055.34718061597
2026/2027,Kogi,North,NC,42,5053734,7.3818,0.0,0.0,7.3818,13.233762500000001,696.6849499999995,373.05653641199996,0.0,0.0,373.05653641199996,668.79915494175,35208.60419103298
2026/2027,Kogi,North,NC,43,5053734,7.3557500000000005,0.0,0.0,7.3557500000000005,13.207712500000001,696.6588999999994,371.7400387050001,0.0,0.0,371.7400387050001,667.48265723475,35207.287693325976
2026/2027,Kogi,North,NC,44,5053734,5.5165500000000005,0.0,0.0,5.5165500000000005,11.368512500000001,694.8196999999996,278.791762977,0.0,0.0,278.791762977,574.53438150675,35114.33941759798
2026/2027,Kogi,North,NC,45,5053734,7.8695,0.0,0.0,7.8695,13.721462500000001,697.1726499999995,397.70359713,0.0,0.0,397.70359713,693.4462156597501,35233.251251750975
2026/2027,Kogi,North,NC,46,5053734,5.512600000000001,0.0,0.0,5.512600000000001,11.364562500000002,694.8157499999995,278.592140484,0.0,0.0,278.592140484,574.3347590137502,35114.13979510497
2026/2027,Kogi,North,NC,47,5053734,5.0084,0.0,0.0,5.0084,10.8603625,694.3115499999996,253.11121365600002,0.0,0.0,253.11121365600002,548.85383218575,35088.65886827698
2026/2027,Kogi,North,NC,48,5053734,6.0073,0.0,0.0,6.0073,11.8592625,695.3104499999995,303.592962582,0.0,0.0,303.592962582,599.33558111175,35139.140617202975
2026/2027,Kogi,North,NC,49,5053734,7.68605,0.0,0.0,7.68605,13.5380125,696.9891999999995,388.43252210699995,0.0,0.0,388.43252210699995,684.17514063675,35223.98017672798
2026/2027,Kogi,North,NC,50,5053734,6.7864,0.0,0.0,6.7864,12.638362500000001,696.0895499999995,342.96660417600003,0.0,0.0,342.96660417600003,638.7092227057501,35178.514258796975
2026/2027,Kogi,North,NC,51,5053734,8.90165,0.0,0.0,8.90165,14.753612500000001,698.2047999999995,449.865712611,0.0,0.0,449.865712611,745.60833114075,35285.41336723197
2026/2027,Kogi,North,NC,52,5053734,6.15855,0.0,0.0,6.15855,12.0105125,695.4616999999995,311.23673525699996,0.0,0.0,311.23673525699996,606.97935378675,35146.784389877976
2026/2027,Kwara,North,NC,1,4259613,37.189949999999996,0.0,19.858312499999997,37.189949999999996,43.041912499999995,726.4930999999995,1584.1479448935,0.0,845.8872608306249,1584.1479448935,1833.418900298625,30945.794531702977
2026/2027,Kwara,North,NC,2,4259613,9.3259,0.0,0.0,9.3259,15.177862500000002,698.6290499999996,397.2472487670001,0.0,0.0,397.2472487670001,646.5182041721251,29758.89383557648
2026/2027,Kwara,North,NC,3,4259613,13.132750000000001,0.0,0.0,13.132750000000001,18.9847125,702.4358999999995,559.4043262575001,0.0,0.0,559.4043262575001,808.675281662625,29921.050913066978
2026/2027,Kwara,North,NC,4,4259613,7.16025,0.0,0.0,7.16025,13.0122125,696.4633999999995,304.9989398325,0.0,0.0,304.9989398325,554.2698952376251,29666.64552664198
2026/2027,Kwara,North,NC,5,4259613,9.46095,0.0,0.0,9.46095,15.312912500000001,698.7640999999995,402.9998561235,0.0,0.0,402.9998561235,652.270811528625,29764.64644293298
2026/2027,Kwara,North,NC,6,4259613,8.193050000000001,0.0,0.0,8.193050000000001,14.045012500000002,697.4961999999995,348.9922228965001,0.0,0.0,348.9922228965001,598.2631783016251,29710.63880970598
2026/2027,Kwara,North,NC,7,4259613,6.87265,0.0,0.0,6.87265,12.724612500000001,696.1757999999995,292.74829284450004,0.0,0.0,292.74829284450004,542.0192482496251,29654.394879653977
2026/2027,Kwara,North,NC,8,4259613,13.1373,0.0,0.0,13.1373,18.989262500000002,702.4404499999995,559.598138649,0.0,0.0,559.598138649,808.8690940541251,29921.24472545848
2026/2027,Kwara,North,NC,9,4259613,8.978750000000002,0.0,0.0,8.978750000000002,14.830712500000002,698.2818999999995,382.4600022375001,0.0,0.0,382.4600022375001,631.7309576426251,29744.10658904698
2026/2027,Kwara,North,NC,10,4259613,14.067150000000002,0.0,0.0,14.067150000000002,19.919112500000004,703.3702999999995,599.2061501295001,0.0,0.0,599.2061501295001,848.4771055346253,29960.852736938978
2026/2027,Kwara,North,NC,11,4259613,26.217399999999998,0.0,8.885762499999998,26.217399999999998,32.0693625,715.5205499999995,1116.759778662,0.0,378.49909459912493,1116.759778662,1366.0307340671247,30478.406365471477
2026/2027,Kwara,North,NC,12,4259613,83.2694,0.0,65.9377625,83.2694,89.1213625,772.5725499999995,3546.9541874220004,0.0,2808.6935033591253,3546.9541874220004,3796.225142827125,32908.60077423148
2026/2027,Kwara,North,NC,13,4259613,233.28055,0.0,215.9489125,233.28055,239.13251250000002,922.5836999999995,9936.8486342715,0.0,9198.587950208626,9936.8486342715,10186.119589676626,39298.49522108098
2026/2027,Kwara,North,NC,14,4259613,698.7568,413.8325,681.4251624999999,698.7568,704.6087625,1388.0599499999994,29764.335491184,17627.662968225,29026.074807121124,29764.335491184,30013.606446589125,59125.98207799347
2026/2027,Kwara,North,NC,15,4259613,1235.6508000000001,950.7265000000001,1218.3191625000002,1235.6508000000001,1241.5027625,1924.9539499999996,52633.94211140401,40497.26958844501,51895.68142734114,52633.94211140401,52883.21306680913,81995.58869821348
2026/2027,Kwara,North,NC,16,4259613,2165.3941,1880.4697999999999,2148.0624625,2165.3941,2171.2460625,2854.6972499999993,92237.408584833,80100.73606187399,91499.14790077013,92237.408584833,92486.67954023811,121599.05517164248
2026/2027,Kwara,North,NC,17,4259613,1900.60555,1615.68125,1883.2739125,1900.60555,1906.4575125,2589.9086999999995,80958.4410865215,68821.76856356251,80220.18040245863,80958.4410865215,81207.71204192663,110320.08767333097
2026/2027,Kwara,North,NC,18,4259613,1288.4282,1003.5039,1271.0965625000001,1288.4282,1294.2801625,1977.7313499999996,54882.055102866005,42745.382579907004,54143.79441880313,54882.055102866005,55131.32605827112,84243.70168967548
2026/2027,Kwara,North,NC,19,4259613,367.31135000000006,82.38705000000004,349.97971250000006,367.31135000000006,373.1633125000001,1056.6144999999997,15646.042015075502,3509.369492116502,14907.781331012628,15646.042015075502,15895.312970480629,45007.688601884984
2026/2027,Kwara,North,NC,20,4259613,81.3632,0.0,64.0315625,81.3632,87.2151625,770.6663499999995,3465.7574444160005,0.0,2727.4967603531254,3465.7574444160005,3715.0283998211253,32827.40403122548
2026/2027,Kwara,North,NC,21,4259613,18.0674,0.0,0.7357624999999999,18.0674,23.9193625,707.3705499999995,769.601319162,0.0,31.340635099125,769.601319162,1018.872274567125,30131.24790597148
2026/2027,Kwara,North,NC,22,4259613,20.5548,0.0,3.223162500000001,20.5548,26.4067625,709.8579499999995,875.554932924,0.0,137.29424886112503,875.554932924,1124.8258883291248,30237.201519733477
2026/2027,Kwara,North,NC,23,4259613,42.1062,0.0,24.774562500000002,42.1062,47.9581625,731.4093499999994,1793.5611690060002,0.0,1055.3004849431252,1793.5611690060002,2042.8321244111248,31155.207755815478
2026/2027,Kwara,North,NC,24,4259613,54.3057,0.0,36.9740625,54.3057,60.1576625,743.6088499999995,2313.2126569409998,0.0,1574.951972878125,2313.2126569409998,2562.483612346125,31674.859243750478
2026/2027,Kwara,North,NC,25,4259613,130.60575,0.0,113.2741125,130.60575,136.4577125,819.9088999999994,5563.299505747499,0.0,4825.038821684625,5563.299505747499,5812.570461152625,34924.94609255698
2026/2027,Kwara,North,NC,26,4259613,206.47770000000003,0.0,189.14606250000003,206.47770000000003,212.32966250000004,895.7808499999995,8795.150951301,0.0,8056.8902672381255,8795.150951301,9044.421906706128,38156.79753811048
2026/2027,Kwara,North,NC,27,4259613,574.4909,289.5666,557.1592625000001,574.4909,580.3428625,1263.7940499999995,24471.089060217,12334.416537258001,23732.828376154128,24471.089060217,24720.360015622126,53832.73564702648
2026/2027,Kwara,North,NC,28,4259613,557.43715,272.51284999999996,540.1055125,557.43715,563.2891125,1246.7402999999995,23744.665308229498,11607.992785270499,23006.404624166626,23744.665308229498,23993.936263634623,53106.311895038976
2026/2027,Kwara,North,NC,29,4259613,563.287,278.3627,545.9553625000001,563.287,569.1389625,1252.5901499999995,23993.84627931,11857.173756351001,23255.585595247132,23993.84627931,24243.11723471513,53355.49286611948
2026/2027,Kwara,North,NC,30,4259613,757.05005,472.12575000000004,739.7184125000001,757.05005,762.9020125000001,1446.3531999999996,32247.4023463065,20110.7298233475,31509.14166224363,32247.4023463065,32496.673301711628,61609.04893311598
2026/2027,Kwara,North,NC,31,4259613,344.75570000000005,59.83140000000003,327.42406250000005,344.75570000000005,350.60766250000006,1034.0588499999994,14685.258615441004,2548.5860924820013,13946.997931378126,14685.258615441004,14934.529570846129,44046.905202250484
2026/2027,Kwara,North,NC,32,4259613,63.39415000000001,0.0,46.06251250000001,63.39415000000001,69.24611250000001,752.6972999999995,2700.3454546395005,0.0,1962.0847705766255,2700.3454546395005,2949.6164100446254,32061.99204144898
2026/2027,Kwara,North,NC,33,4259613,13.994150000000001,0.0,0.0,13.994150000000001,19.846112500000004,703.2972999999995,596.0966326395001,0.0,0.0,596.0966326395001,845.3675880446252,29957.743219448977
2026/2027,Kwara,North,NC,34,4259613,7.686150000000001,0.0,0.0,7.686150000000001,13.538112500000002,696.9892999999995,327.40024459950007,0.0,0.0,327.40024459950007,576.6712000046251,29689.046831408978
2026/2027,Kwara,North,NC,35,4259613,6.64255,0.0,0.0,6.64255,12.4945125,695.9456999999995,282.9469233315,0.0,0.0,282.9469233315,532.217878736625,29644.59351014098
2026/2027,Kwara,North,NC,36,4259613,6.09525,0.0,0.0,6.09525,11.947212500000001,695.3983999999995,259.6340613825,0.0,0.0,259.6340613825,508.905016787625,29621.280648191976
2026/2027,Kwara,North,NC,37,4259613,10.7286,0.0,0.0,10.7286,16.5805625,700.0317499999995,456.996840318,0.0,0.0,456.996840318,706.267795723125,29818.64342712748
2026/2027,Kwara,North,NC,38,4259613,6.88575,0.0,0.0,6.88575,12.7377125,696.1888999999995,293.3063021475,0.0,0.0,293.3063021475,542.577257552625,29654.95288895698
2026/2027,Kwara,North,NC,39,4259613,7.0779000000000005,0.0,0.0,7.0779000000000005,12.929862500000002,696.3810499999995,301.491148527,0.0,0.0,301.491148527,550.7621039321251,29663.13773533648
2026/2027,Kwara,North,NC,40,4259613,10.8261,0.0,0.0,10.8261,16.678062500000003,700.1292499999995,461.149962993,0.0,0.0,461.149962993,710.4209183981252,29822.79654980248
2026/2027,Kwara,North,NC,41,4259613,8.5104,0.0,0.0,8.5104,14.362362500000001,697.8135499999995,362.5101047520001,0.0,0.0,362.5101047520001,611.7810601571251,29724.15669156148
2026/2027,Kwara,North,NC,42,4259613,7.83755,0.0,0.0,7.83755,13.689512500000001,697.1406999999995,333.8492986815,0.0,0.0,333.8492986815,583.1202540866251,29695.495885490975
2026/2027,Kwara,North,NC,43,4259613,7.177700000000001,0.0,0.0,7.177700000000001,13.0296625,696.4808499999995,305.74224230100003,0.0,0.0,305.74224230100003,555.013197706125,29667.388829110478
2026/2027,Kwara,North,NC,44,4259613,9.791,0.0,0.0,9.791,15.642962500000001,699.0941499999996,417.05870883,0.0,0.0,417.05870883,666.329664235125,29778.70529563948
2026/2027,Kwara,North,NC,45,4259613,5.09405,0.0,0.0,5.09405,10.946012500000002,694.3971999999995,216.9868160265,0.0,0.0,216.9868160265,466.2577714316251,29578.633402835978
2026/2027,Kwara,North,NC,46,4259613,7.9693000000000005,0.0,0.0,7.9693000000000005,13.821262500000001,697.2724499999995,339.46133880900004,0.0,0.0,339.46133880900004,588.7322942141251,29701.10792561848
2026/2027,Kwara,North,NC,47,4259613,9.37645,0.0,0.0,9.37645,15.228412500000001,698.6795999999995,399.4004831385,0.0,0.0,399.4004831385,648.6714385436251,29761.047069947977
2026/2027,Kwara,North,NC,48,4259613,10.20875,0.0,0.0,10.20875,16.0607125,699.5118999999995,434.8532421375,0.0,0.0,434.8532421375,684.1241975426251,29796.49982894698
2026/2027,Kwara,North,NC,49,4259613,9.013650000000002,0.0,0.0,9.013650000000002,14.865612500000003,698.3167999999995,383.94660717450006,0.0,0.0,383.94660717450006,633.2175625796251,29745.59319398398
2026/2027,Kwara,North,NC,50,4259613,6.958449999999999,0.0,0.0,6.958449999999999,12.8104125,696.2615999999995,296.40304079849994,0.0,0.0,296.40304079849994,545.6739962036249,29658.04962760798
2026/2027,Kwara,North,NC,51,4259613,7.4079500000000005,0.0,0.0,7.4079500000000005,13.259912500000002,696.7110999999995,315.55000123350004,0.0,0.0,315.55000123350004,564.8209566386251,29677.196588042978
2026/2027,Kwara,North,NC,52,4259613,5.7932,0.0,0.0,5.7932,11.645162500000001,695.0963499999995,246.76790031599998,0.0,0.0,246.76790031599998,496.03885572112506,29608.41448712548
2026/2027,Lagos,South,SW,1,15772884,12.8291,0.0,0.0,12.8291,18.681062500000003,702.1322499999995,2023.519061244,0.0,0.0,2023.519061244,2946.5423180925004,110746.50531908993
2026/2027,Lagos,South,SW,2,15772884,6.74335,0.0,0.0,6.74335,12.595312500000002,696.0464999999995,1063.620773214,0.0,0.0,1063.620773214,1986.6440300625002,109786.60703105992
2026/2027,Lagos,South,SW,3,15772884,4.753950000000001,0.0,0.0,4.753950000000001,10.605912500000002,694.0570999999995,749.8350189180002,0.0,0.0,749.8350189180002,1672.8582757665001,109472.82127676393
2026/2027,Lagos,South,SW,4,15772884,5.0134,0.0,0.0,5.0134,10.8653625,694.3165499999996,790.7577664559999,0.0,0.0,790.7577664559999,1713.7810233045,109513.74402430192
2026/2027,Lagos,South,SW,5,15772884,6.209700000000001,0.0,0.0,6.209700000000001,12.0616625,695.5128499999995,979.4487777480002,0.0,0.0,979.4487777480002,1902.4720345965002,109702.43503559392
2026/2027,Lagos,South,SW,6,15772884,9.8983,0.0,0.0,9.8983,15.750262500000002,699.2014499999995,1561.247376972,0.0,0.0,1561.247376972,2484.2706338205003,110284.23363481791
2026/2027,Lagos,South,SW,7,15772884,6.881850000000001,0.0,0.0,6.881850000000001,12.733812500000003,696.1849999999995,1085.4662175540002,0.0,0.0,1085.4662175540002,2008.4894744025005,109808.45247539991
2026/2027,Lagos,South,SW,8,15772884,12.0567,0.0,0.0,12.0567,17.9086625,701.3598499999995,1901.689305228,0.0,0.0,1901.689305228,2824.7125620764996,110624.67556307392
2026/2027,Lagos,South,SW,9,15772884,17.51925,0.0,0.18761250000000018,17.51925,23.3712125,706.8223999999996,2763.2909801700002,0.0,29.59190199450003,2763.2909801700002,3686.3142370185,111486.27723801594
2026/2027,Lagos,South,SW,10,15772884,33.95605,0.0,16.6244125,33.95605,39.8080125,723.2591999999995,5355.848377482,0.0,2622.1492993065,5355.848377482,6278.8716343305,114078.83463532793
2026/2027,Lagos,South,SW,11,15772884,123.35640000000001,0.0,106.02476250000001,123.35640000000001,129.20836250000002,812.6595499999995,19456.861878576,0.0,16723.1628004005,19456.861878576,20379.885135424505,128179.84813642193
2026/2027,Lagos,South,SW,12,15772884,359.4259,74.5016,342.0942625,359.4259,365.2778625,1048.7290499999995,56691.830272956,11751.050946144,53958.1311947805,56691.830272956,57614.85352980451,165414.8165308019
2026/2027,Lagos,South,SW,13,15772884,969.03755,684.11325,951.7059125000001,969.03755,974.8895125,1658.3406999999995,152845.168677942,107904.38935112998,150111.4695997665,152845.168677942,153768.1919347905,261568.15493578793
2026/2027,Lagos,South,SW,14,15772884,1811.91155,1526.9872500000001,1794.5799125,1811.91155,1817.7635125,2501.2146999999995,285790.706964102,240849.92763729003,283057.0078859265,285790.706964102,286713.7302209505,394513.69322194793
2026/2027,Lagos,South,SW,15,15772884,3172.9899000000005,2888.0656000000004,3155.6582625000005,3172.9899000000005,3178.8418625000004,3862.29305,500472.01625871606,455531.23693190404,497738.31718054065,500472.01625871606,501395.03951556457,609195.002516562
2026/2027,Lagos,South,SW,16,15772884,1779.1444999999999,1494.2201999999997,1761.8128625,1779.1444999999999,1784.9964624999998,2468.447649999999,280622.39817738,235681.61885056796,277888.6990992045,280622.39817738,281545.4214342285,389345.3844352258
2026/2027,Lagos,South,SW,17,15772884,965.6958500000001,680.77155,948.3642125000001,965.6958500000001,971.5478125000001,1654.9989999999996,152318.08621331403,107377.306886502,149584.3871351385,152318.08621331403,153241.1094701625,261041.07247115995
2026/2027,Lagos,South,SW,18,15772884,323.67085000000003,38.74655000000001,306.33921250000003,323.67085000000003,329.52281250000004,1012.9739999999995,51052.22771231401,6111.448385502003,48318.52863413851,51052.22771231401,51975.2509691625,159775.2139701599
2026/2027,Lagos,South,SW,19,15772884,64.4796,0.0,47.147962500000006,64.4796,70.3315625,753.7827499999995,10170.292511664,0.0,7436.593433488501,10170.292511664,11093.315768512502,118893.27876950993
2026/2027,Lagos,South,SW,20,15772884,19.112299999999998,0.0,1.7806624999999983,19.112299999999998,24.964262499999997,708.4154499999995,3014.5609087319995,0.0,280.86183055649974,3014.5609087319995,3937.5841655804998,111737.54716657793
2026/2027,Lagos,South,SW,21,15772884,7.9944500000000005,0.0,0.0,7.9944500000000005,13.846412500000001,697.2975999999995,1260.955324938,0.0,0.0,1260.955324938,2183.9785817865004,109983.94158278393
2026/2027,Lagos,South,SW,22,15772884,14.1348,0.0,0.0,14.1348,19.9867625,703.4379499999995,2229.4656076320002,0.0,0.0,2229.4656076320002,3152.4888644805,110952.45186547792
2026/2027,Lagos,South,SW,23,15772884,21.7992,0.0,4.4675625,21.7992,27.651162499999998,711.1023499999995,3438.362528928,0.0,704.6634507525,3438.362528928,4361.3857857765,112161.34878677393
2026/2027,Lagos,South,SW,24,15772884,50.202200000000005,0.0,32.870562500000005,50.202200000000005,56.054162500000004,739.5053499999995,7918.3347714480005,0.0,5184.6356932725,7918.3347714480005,8841.358028296501,116641.32102929392
2026/2027,Lagos,South,SW,25,15772884,91.45275000000001,0.0,74.12111250000001,91.45275000000001,97.30471250000001,780.7558999999995,14424.736172310002,0.0,11691.037094134503,14424.736172310002,15347.759429158501,123147.72243015593
2026/2027,Lagos,South,SW,26,15772884,186.7851,0.0,169.4534625,186.7851,192.6370625,876.0882499999996,29461.397152284004,0.0,26727.6980741085,29461.397152284004,30384.420409132505,138184.38341012993
2026/2027,Lagos,South,SW,27,15772884,239.86495,0.0,222.5333125,239.86495,245.7169125,929.1680999999995,37833.620320158,0.0,35099.9212419825,37833.620320158,38756.6435770065,146556.60657800394
2026/2027,Lagos,South,SW,28,15772884,563.32835,278.40405,545.9967125000001,563.32835,569.1803125,1252.6314999999995,88853.12718461399,43912.347857802,86119.4281064385,88853.12718461399,89776.1504414625,197576.1134424599
2026/2027,Lagos,South,SW,29,15772884,359.14885000000004,74.22455000000002,341.81721250000004,359.14885000000004,365.00081250000005,1048.4519999999995,56648.13149783401,11707.352171022003,53914.43241965851,56648.13149783401,57571.15475468251,165371.11775567994
2026/2027,Lagos,South,SW,30,15772884,294.68875,9.76445000000001,277.3571125,294.68875,300.54071250000004,983.9918999999995,46480.914698550005,1540.1353717380016,43747.21562037451,46480.914698550005,47403.937955398505,155203.90095639593
2026/2027,Lagos,South,SW,31,15772884,155.4502,0.0,138.1185625,155.4502,161.3021625,844.7533499999995,24518.979723768,0.0,21785.2806455925,24518.979723768,25442.002980616504,133241.96598161393
2026/2027,Lagos,South,SW,32,15772884,34.27225,0.0,16.9406125,34.27225,40.1242125,723.5753999999995,5405.7222366900005,0.0,2672.0231585144998,5405.7222366900005,6328.7454935385,114128.70849453592
2026/2027,Lagos,South,SW,33,15772884,7.534300000000001,0.0,0.0,7.534300000000001,13.3862625,696.8374499999995,1188.376399212,0.0,0.0,1188.376399212,2111.3996560605,109911.36265705794
2026/2027,Lagos,South,SW,34,15772884,4.034750000000001,0.0,0.0,4.034750000000001,9.886712500000002,693.3378999999995,636.3964371900001,0.0,0.0,636.3964371900001,1559.4196940385002,109359.38269503594
2026/2027,Lagos,South,SW,35,15772884,5.19965,0.0,0.0,5.19965,11.051612500000001,694.5027999999995,820.134762906,0.0,0.0,820.134762906,1743.1580197545002,109543.12102075193
2026/2027,Lagos,South,SW,36,15772884,6.3,0.0,0.0,6.3,12.1519625,695.6031499999995,993.691692,0.0,0.0,993.691692,1916.7149488485,109716.67794984591
2026/2027,Lagos,South,SW,37,15772884,6.32045,0.0,0.0,6.32045,12.1724125,695.6235999999996,996.917246778,0.0,0.0,996.917246778,1919.9405036265,109719.90350462393
2026/2027,Lagos,South,SW,38,15772884,4.71035,0.0,0.0,4.71035,10.5623125,694.0134999999995,742.958041494,0.0,0.0,742.958041494,1665.9812983425,109465.9442993399
2026/2027,Lagos,South,SW,39,15772884,5.3756,0.0,0.0,5.3756,11.227562500000001,694.6787499999995,847.8871523040001,0.0,0.0,847.8871523040001,1770.9104091525003,109570.87341014991
2026/2027,Lagos,South,SW,40,15772884,4.1561,0.0,0.0,4.1561,10.008062500000001,693.4592499999995,655.5368319240001,0.0,0.0,655.5368319240001,1578.5600887725002,109378.52308976994
2026/2027,Lagos,South,SW,41,15772884,8.50745,0.0,0.0,8.50745,14.359412500000001,697.8105999999995,1341.8702198580002,0.0,0.0,1341.8702198580002,2264.8934767065,110064.85647770391
2026/2027,Lagos,South,SW,42,15772884,5.6992,0.0,0.0,5.6992,11.5511625,695.0023499999995,898.928204928,0.0,0.0,898.928204928,1821.9514617765,109621.91446277393
2026/2027,Lagos,South,SW,43,15772884,4.93335,0.0,0.0,4.93335,10.7853125,694.2364999999995,778.1315728139999,0.0,0.0,778.1315728139999,1701.1548296625,109501.11783065992
2026/2027,Lagos,South,SW,44,15772884,4.68405,0.0,0.0,4.68405,10.536012500000002,693.9871999999995,738.809773002,0.0,0.0,738.809773002,1661.8330298505002,109461.79603084791
2026/2027,Lagos,South,SW,45,15772884,6.4018000000000015,0.0,0.0,6.4018000000000015,12.253762500000002,695.7049499999995,1009.7484879120003,0.0,0.0,1009.7484879120003,1932.7717447605005,109732.73474575792
2026/2027,Lagos,South,SW,46,15772884,4.7091,0.0,0.0,4.7091,10.561062500000002,694.0122499999995,742.760880444,0.0,0.0,742.760880444,1665.7841372925004,109465.74713828992
2026/2027,Lagos,South,SW,47,15772884,3.7698,0.0,0.0,3.7698,9.6217625,693.0729499999995,594.606181032,0.0,0.0,594.606181032,1517.6294378805003,109317.59243887792
2026/2027,Lagos,South,SW,48,15772884,7.291900000000001,0.0,0.0,7.291900000000001,13.143862500000001,696.5950499999996,1150.1429283960001,0.0,0.0,1150.1429283960001,2073.1661852445,109873.12918624193
2026/2027,Lagos,South,SW,49,15772884,6.3266,0.0,0.0,6.3266,12.178562500000002,695.6297499999995,997.887279144,0.0,0.0,997.887279144,1920.9105359925002,109720.87353698992
2026/2027,Lagos,South,SW,50,15772884,4.8221,0.0,0.0,4.8221,10.674062500000002,694.1252499999995,760.5842393639999,0.0,0.0,760.5842393639999,1683.6074962125003,109483.5704972099
2026/2027,Lagos,South,SW,51,15772884,3.9651,0.0,0.0,3.9651,9.8170625,693.2682499999995,625.4106234840001,0.0,0.0,625.4106234840001,1548.4338803325,109348.39688132991
2026/2027,Lagos,South,SW,52,15772884,4.7666,0.0,0.0,4.7666,10.618562500000001,694.0697499999995,751.8302887440001,0.0,0.0,751.8302887440001,1674.8535455925003,109474.81654658992
2026/2027,Nasarawa,North,NC,1,3632239,37.5154,0.0,20.1837625,37.5154,43.3673625,726.8185499999995,1362.648989806,0.0,733.122493192375,1362.648989806,1575.206253996375,26399.78683233448
2026/2027,Nasarawa,North,NC,2,3632239,4.6859,0.0,0.0,4.6859,10.537862500000001,693.9890499999995,170.203087301,0.0,0.0,170.203087301,382.76035149137505,25207.34092982948
2026/2027,Nasarawa,North,NC,3,3632239,7.4910499999999995,0.0,0.0,7.4910499999999995,13.3430125,696.7941999999995,272.0928396095,0.0,0.0,272.0928396095,484.650103799875,25309.23068213798
2026/2027,Nasarawa,North,NC,4,3632239,5.333,0.0,0.0,5.333,11.184962500000001,694.6361499999995,193.70730587,0.0,0.0,193.70730587,406.26457006037504,25230.84514839848
2026/2027,Nasarawa,North,NC,5,3632239,7.137300000000001,0.0,0.0,7.137300000000001,12.989262500000002,696.4404499999995,259.243794147,0.0,0.0,259.243794147,471.8010583373751,25296.381636675484
2026/2027,Nasarawa,North,NC,6,3632239,8.0322,0.0,0.0,8.0322,13.8841625,697.3353499999995,291.748700958,0.0,0.0,291.748700958,504.30596514837504,25328.886543486482
2026/2027,Nasarawa,North,NC,7,3632239,7.92365,0.0,0.0,7.92365,13.775612500000001,697.2267999999995,287.8059055235,0.0,0.0,287.8059055235,500.36316971387504,25324.94374805198
2026/2027,Nasarawa,North,NC,8,3632239,11.577900000000001,0.0,0.0,11.577900000000001,17.429862500000002,700.8810499999995,420.53699918100006,0.0,0.0,420.53699918100006,633.0942633713751,25457.67484170948
2026/2027,Nasarawa,North,NC,9,3632239,7.542,0.0,0.0,7.542,13.3939625,696.8451499999995,273.94346537999996,0.0,0.0,273.94346537999996,486.50072957037503,25311.081307908484
2026/2027,Nasarawa,North,NC,10,3632239,13.673050000000002,0.0,0.0,13.673050000000002,19.525012500000003,702.9761999999995,496.6378545895001,0.0,0.0,496.6378545895001,709.1951187798751,25533.77569711798
2026/2027,Nasarawa,North,NC,11,3632239,36.24465000000001,0.0,18.913012500000008,36.24465000000001,42.096612500000006,725.5477999999995,1316.4923127135003,0.0,686.9658160998753,1316.4923127135003,1529.0495769038753,26353.63015524198
2026/2027,Nasarawa,North,NC,12,3632239,67.78330000000001,0.0,50.45166250000001,67.78330000000001,73.63526250000001,757.0864499999996,2462.0514580870004,0.0,1832.5249614733755,2462.0514580870004,2674.6087222773754,27499.189300615482
2026/2027,Nasarawa,North,NC,13,3632239,222.87355000000002,0.0,205.54191250000002,222.87355000000002,228.72551250000004,912.1766999999995,8095.3000037845,0.0,7465.773507170877,8095.3000037845,8307.857267974876,33132.43784631298
2026/2027,Nasarawa,North,NC,14,3632239,574.5837,289.6594,557.2520625,574.5837,580.4356625,1263.8868499999994,20870.253239043,10521.121693966,20240.726742429375,20870.253239043,21082.810503233377,45907.39108157148
2026/2027,Nasarawa,North,NC,15,3632239,926.35815,641.43385,909.0265125000001,926.35815,932.2101125,1615.6612999999995,33647.5420039785,23298.4104589015,33018.01550736488,33647.5420039785,33860.09926816888,58684.67984650699
2026/2027,Nasarawa,North,NC,16,3632239,1994.1597500000003,1709.2354500000001,1976.8281125000003,1994.1597500000003,2000.0117125000002,2683.4628999999995,72432.64816180251,62083.5166167255,71803.12166518888,72432.64816180251,72645.20542599288,97469.78600433098
2026/2027,Nasarawa,North,NC,17,3632239,1807.2189000000003,1522.2946000000002,1789.8872625000004,1807.2189000000003,1813.0708625000002,2496.5220499999996,65642.509701171,55293.378156094004,65012.98320455739,65642.509701171,65855.06696536139,90679.6475436995
2026/2027,Nasarawa,North,NC,18,3632239,1026.5724,741.6481,1009.2407625000001,1026.5724,1032.4243625,1715.8755499999995,37287.563076036,26938.431530959002,36658.036579422376,37287.563076036,37500.12034022637,62324.70091856448
2026/2027,Nasarawa,North,NC,19,3632239,246.61920000000003,0.0,229.28756250000004,246.61920000000003,252.47116250000005,935.9223499999996,8957.798763888002,0.0,8328.272267274377,8957.798763888002,9170.356028078377,33994.936606416486
2026/2027,Nasarawa,North,NC,20,3632239,52.0079,0.0,34.6762625,52.0079,57.8598625,741.3110499999995,1889.051226881,0.0,1259.524730267375,1889.051226881,2101.608491071375,26926.18906940948
2026/2027,Nasarawa,North,NC,21,3632239,28.874850000000002,0.0,11.543212500000003,28.874850000000002,34.7268125,718.1779999999995,1048.8035628915002,0.0,419.27706627787506,1048.8035628915002,1261.360827081875,26085.941405419984
2026/2027,Nasarawa,North,NC,22,3632239,16.59165,0.0,0.0,16.59165,22.4436125,705.8947999999995,602.6483820435,0.0,0.0,602.6483820435,815.205646233875,25639.78622457198
2026/2027,Nasarawa,North,NC,23,3632239,35.08975,0.0,17.758112500000003,35.08975,40.9417125,724.3928999999995,1274.5435845025002,0.0,645.017087888875,1274.5435845025002,1487.100848692875,26311.681427030984
2026/2027,Nasarawa,North,NC,24,3632239,80.18455,0.0,62.8529125,80.18455,86.0365125,769.4876999999994,2912.4944970745005,0.0,2282.968000460875,2912.4944970745005,3125.051761264875,27949.63233960298
2026/2027,Nasarawa,North,NC,25,3632239,223.7133,0.0,206.3816625,223.7133,229.56526250000002,913.0164499999995,8125.801730787,0.0,7496.275234173376,8125.801730787,8338.358994977376,33162.93957331548
2026/2027,Nasarawa,North,NC,26,3632239,358.3297,73.40539999999999,340.9980625,358.3297,364.1816625,1047.6328499999995,13015.391111983,2666.2595669059997,12385.864615369375,13015.391111983,13227.948376173375,38052.52895451148
2026/2027,Nasarawa,North,NC,27,3632239,446.75710000000004,161.83280000000002,429.42546250000004,446.75710000000004,452.60906250000005,1136.0602499999995,16227.285621469002,5878.154076392001,15597.759124855374,16227.285621469002,16439.84288565938,41264.42346399748
2026/2027,Nasarawa,North,NC,28,3632239,767.0640500000001,482.13975000000005,749.7324125,767.0640500000001,772.9160125000001,1456.3671999999997,27861.599579079502,17512.4680340025,27232.07308246588,27861.599579079502,28074.156843269877,52898.73742160799
2026/2027,Nasarawa,North,NC,29,3632239,695.2018,410.27750000000003,677.8701625000001,695.2018,701.0537625000001,1384.5049499999996,25251.390908302,14902.259363225003,24621.86441168838,25251.390908302,25463.948172492375,50288.52875083049
2026/2027,Nasarawa,North,NC,30,3632239,317.5123,32.587999999999965,300.1806625,317.5123,323.3642625,1006.8154499999995,11532.805590397,1183.6740453199986,10903.279093783374,11532.805590397,11745.362854587374,36569.94343292548
2026/2027,Nasarawa,North,NC,31,3632239,263.86745,0.0,246.53581250000002,263.86745,269.71941250000003,953.1705999999995,9584.296427205501,0.0,8954.769930591876,9584.296427205501,9796.853691395876,34621.43426973398
2026/2027,Nasarawa,North,NC,32,3632239,85.51765000000002,0.0,68.18601250000002,85.51765000000002,91.36961250000002,774.8207999999995,3106.205435183501,0.0,2476.6789385698758,3106.205435183501,3318.762699373876,28143.34327771198
2026/2027,Nasarawa,North,NC,33,3632239,17.3532,0.0,0.021562500000001705,17.3532,23.2051625,706.6563499999995,630.309698148,0.0,0.7832015343750619,630.309698148,842.866962338375,25667.447540676483
2026/2027,Nasarawa,North,NC,34,3632239,4.5632,0.0,0.0,4.5632,10.415162500000001,693.8663499999996,165.746330048,0.0,0.0,165.746330048,378.30359423837507,25202.884172576483
2026/2027,Nasarawa,North,NC,35,3632239,7.37685,0.0,0.0,7.37685,13.2288125,696.6799999999995,267.9448226715,0.0,0.0,267.9448226715,480.502086861875,25305.08266519998
2026/2027,Nasarawa,North,NC,36,3632239,6.87085,0.0,0.0,6.87085,12.7228125,696.1739999999995,249.5656933315,0.0,0.0,249.5656933315,462.122957521875,25286.703535859982
2026/2027,Nasarawa,North,NC,37,3632239,7.156750000000001,0.0,0.0,7.156750000000001,13.008712500000001,696.4598999999995,259.9502646325,0.0,0.0,259.9502646325,472.50752882287503,25297.088107160984
2026/2027,Nasarawa,North,NC,38,3632239,10.3777,0.0,0.0,10.3777,16.229662500000003,699.6808499999995,376.942866703,0.0,0.0,376.942866703,589.5001308933752,25414.080709231483
2026/2027,Nasarawa,North,NC,39,3632239,7.2499,0.0,0.0,7.2499,13.101862500000001,696.5530499999995,263.333695261,0.0,0.0,263.333695261,475.890959451375,25300.471537789483
2026/2027,Nasarawa,North,NC,40,3632239,6.52765,0.0,0.0,6.52765,12.3796125,695.8307999999995,237.09984908350003,0.0,0.0,237.09984908350003,449.65711327387504,25274.237691611983
2026/2027,Nasarawa,North,NC,41,3632239,6.9447,0.0,0.0,6.9447,12.7966625,696.2478499999995,252.248101833,0.0,0.0,252.248101833,464.80536602337503,25289.385944361482
2026/2027,Nasarawa,North,NC,42,3632239,4.74795,0.0,0.0,4.74795,10.599912500000002,694.0510999999995,172.4568916005,0.0,0.0,172.4568916005,385.0141557908751,25209.59473412898
2026/2027,Nasarawa,North,NC,43,3632239,10.64655,0.0,0.0,10.64655,16.4985125,699.9496999999996,386.7081412545,0.0,0.0,386.7081412545,599.265405444875,25423.845983782983
2026/2027,Nasarawa,North,NC,44,3632239,6.190150000000001,0.0,0.0,6.190150000000001,12.042112500000002,695.4932999999995,224.84104245850006,0.0,0.0,224.84104245850006,437.398306648875,25261.978884986984
2026/2027,Nasarawa,North,NC,45,3632239,8.6396,0.0,0.0,8.6396,14.4915625,697.9427499999995,313.81092064399996,0.0,0.0,313.81092064399996,526.368184834375,25350.948763172477
2026/2027,Nasarawa,North,NC,46,3632239,4.2008,0.0,0.0,4.2008,10.0527625,693.5039499999995,152.583095912,0.0,0.0,152.583095912,365.140360102375,25189.72093844048
2026/2027,Nasarawa,North,NC,47,3632239,5.12505,0.0,0.0,5.12505,10.9770125,694.4281999999995,186.1540648695,0.0,0.0,186.1540648695,398.711329059875,25223.29190739798
2026/2027,Nasarawa,North,NC,48,3632239,10.2386,0.0,0.0,10.2386,16.0905625,699.5417499999995,371.890422254,0.0,0.0,371.890422254,584.447686444375,25409.028264782482
2026/2027,Nasarawa,North,NC,49,3632239,8.39435,0.0,0.0,8.39435,14.2463125,697.6974999999995,304.90285449649997,0.0,0.0,304.90285449649997,517.460118686875,25342.040697024986
2026/2027,Nasarawa,North,NC,50,3632239,6.9656,0.0,0.0,6.9656,12.817562500000001,696.2687499999995,253.007239784,0.0,0.0,253.007239784,465.56450397437504,25290.145082312483
2026/2027,Nasarawa,North,NC,51,3632239,5.72795,0.0,0.0,5.72795,11.5799125,695.0310999999995,208.0528338005,0.0,0.0,208.0528338005,420.61009799087503,25245.190676328977
2026/2027,Nasarawa,North,NC,52,3632239,5.539250000000001,0.0,0.0,5.539250000000001,11.391212500000002,694.8423999999995,201.19879880750005,0.0,0.0,201.19879880750005,413.75606299787506,25238.336641335984
2026/2027,Niger,North,NC,1,6720617,48.80225,0.0,31.4706125,48.80225,54.6542125,738.1053999999995,3279.8123098825004,0.0,2115.019333679125,3279.8123098825004,3673.1002964911254,49605.236990317964
2026/2027,Niger,North,NC,2,6720617,7.2964,0.0,0.0,7.2964,13.148362500000001,696.5995499999995,490.36309878800006,0.0,0.0,490.36309878800006,883.6510853966251,46815.78777922346
2026/2027,Niger,North,NC,3,6720617,6.827300000000001,0.0,0.0,6.827300000000001,12.679262500000002,696.1304499999995,458.8366844410001,0.0,0.0,458.8366844410001,852.1246710496251,46784.26136487647
2026/2027,Niger,North,NC,4,6720617,9.396600000000001,0.0,0.0,9.396600000000001,15.248562500000002,698.6997499999995,631.5094970220001,0.0,0.0,631.5094970220001,1024.7974836306253,46956.934177457464
2026/2027,Niger,North,NC,5,6720617,5.9323,0.0,0.0,5.9323,11.7842625,695.2354499999996,398.68716229099994,0.0,0.0,398.68716229099994,791.9751488996251,46724.11184272647
2026/2027,Niger,North,NC,6,6720617,6.8161000000000005,0.0,0.0,6.8161000000000005,12.668062500000001,696.1192499999995,458.083975337,0.0,0.0,458.083975337,851.3719619456251,46783.508655772464
2026/2027,Niger,North,NC,7,6720617,9.443800000000001,0.0,0.0,9.443800000000001,15.295762500000002,698.7469499999995,634.6816282460001,0.0,0.0,634.6816282460001,1027.9696148546252,46960.10630868147
2026/2027,Niger,North,NC,8,6720617,6.559950000000001,0.0,0.0,6.559950000000001,12.411912500000001,695.8630999999995,440.86911489150003,0.0,0.0,440.86911489150003,834.1571015001251,46766.293795326965
2026/2027,Niger,North,NC,9,6720617,13.4844,0.0,0.0,13.4844,19.3363625,702.7875499999996,906.2348787480001,0.0,0.0,906.2348787480001,1299.522865356625,47231.65955918347
2026/2027,Niger,North,NC,10,6720617,13.0272,0.0,0.0,13.0272,18.8791625,702.3303499999995,875.508217824,0.0,0.0,875.508217824,1268.796204432625,47200.93289825947
2026/2027,Niger,North,NC,11,6720617,20.7511,0.0,3.4194625000000016,20.7511,26.6030625,710.0542499999995,1394.601954287,0.0,229.8089780836251,1394.601954287,1787.8899408956252,47720.02663472246
2026/2027,Niger,North,NC,12,6720617,89.0298,0.0,71.6981625,89.0298,94.8817625,778.3329499999995,5983.3518738660005,0.0,4818.558897662625,5983.3518738660005,6376.639860474625,52308.77655430147
2026/2027,Niger,North,NC,13,6720617,189.3039,0.0,171.9722625,189.3039,195.1558625,878.6070499999995,12722.390085063,0.0,11557.597108859625,12722.390085063,13115.678071671626,59047.814765498464
2026/2027,Niger,North,NC,14,6720617,641.54295,356.61865,624.2113125000001,641.54295,647.3949125,1330.8460999999995,43115.6445600015,23966.9736170705,41950.85158379813,43115.6445600015,43508.93254661013,89441.06924043698
2026/2027,Niger,North,NC,15,6720617,1511.3811500000002,1226.45685,1494.0495125000002,1511.3811500000002,1517.2331125,2200.6843,101574.13850169552,82425.4675587645,100409.34552549213,101574.13850169552,101967.42648830413,147899.56318213098
2026/2027,Niger,North,NC,16,6720617,1884.3865500000002,1599.46225,1867.0549125000002,1884.3865500000002,1890.2385125,2573.6897,126642.4028250135,107493.7318820825,125477.60984881014,126642.4028250135,127035.69081162212,172967.82750544898
2026/2027,Niger,North,NC,17,6720617,1736.0621500000002,1451.13785,1718.7305125000003,1736.0621500000002,1741.9141125,2425.3652999999995,116674.08798346552,97525.41704053449,115509.29500726213,116674.08798346552,117067.37597007414,162999.51266390097
2026/2027,Niger,North,NC,18,6720617,937.2478500000001,652.3235500000001,919.9162125,937.2478500000001,943.0998125000001,1626.5509999999995,62988.838339234506,43840.1673963035,61824.04536303113,62988.838339234506,63382.126325843135,109314.26301966998
2026/2027,Niger,North,NC,19,6720617,252.67170000000002,0.0,235.34006250000002,252.67170000000002,258.5236625,941.9748499999995,16981.097224389,0.0,15816.304248185625,16981.097224389,17374.385210997625,63306.52190482447
2026/2027,Niger,North,NC,20,6720617,70.17070000000001,0.0,52.83906250000001,70.17070000000001,76.02266250000001,759.4738499999995,4715.903993219001,0.0,3551.1110170156257,4715.903993219001,5109.191979827626,51041.32867365447
2026/2027,Niger,North,NC,21,6720617,20.2271,0.0,2.8954625000000007,20.2271,26.0790625,709.5302499999995,1359.385921207,0.0,194.59294500362503,1359.385921207,1752.6739078156252,47684.810601642464
2026/2027,Niger,North,NC,22,6720617,34.2578,0.0,16.926162500000004,34.2578,40.1097625,723.5609499999995,2302.335530626,0.0,1137.5425544226252,2302.335530626,2695.623517234625,48627.76021106147
2026/2027,Niger,North,NC,23,6720617,32.0794,0.0,14.7477625,32.0794,37.9313625,721.3825499999995,2155.933609898,0.0,991.1406336946251,2155.933609898,2549.221596506625,48481.35829033346
2026/2027,Niger,North,NC,24,6720617,90.3953,0.0,73.0636625,90.3953,96.2472625,779.6984499999995,6075.121899001,0.0,4910.328922797626,6075.121899001,6468.409885609625,52400.546579436465
2026/2027,Niger,North,NC,25,6720617,97.32485,0.0,79.9932125,97.32485,103.1768125,786.6279999999995,6540.8304143244995,0.0,5376.037438121124,6540.8304143244995,6934.118400933125,52866.25509475996
2026/2027,Niger,North,NC,26,6720617,235.1943,0.0,217.8626625,235.1943,241.0462625,924.4974499999995,15806.508108831,0.0,14641.715132627625,15806.508108831,16199.796095439624,62131.93278926646
2026/2027,Niger,North,NC,27,6720617,647.9553500000001,363.03105000000005,630.6237125,647.9553500000001,653.8073125000001,1337.2584999999995,43546.597404509506,24397.926461578503,42381.804428306124,43546.597404509506,43939.88539111813,89872.02208494497
2026/2027,Niger,North,NC,28,6720617,792.6553000000001,507.7310000000001,775.3236625000002,792.6553000000001,798.5072625000001,1481.9584499999996,53271.32684320101,34122.65590027001,52106.53386699763,53271.32684320101,53664.61482980964,99596.75152363647
2026/2027,Niger,North,NC,29,6720617,1345.08335,1060.1590500000002,1327.7517125000002,1345.08335,1350.9353125,2034.3864999999996,90397.9002842695,71249.2293413385,89233.10730806614,90397.9002842695,90791.18827087812,136723.32496470498
2026/2027,Niger,North,NC,30,6720617,768.3044000000001,483.3801000000001,750.9727625,768.3044000000001,774.1563625000001,1457.6075499999997,51634.796118148006,32486.125175217003,50470.00314194463,51634.796118148006,52028.08410475663,97960.22079858348
2026/2027,Niger,North,NC,31,6720617,251.21565,0.0,233.8840125,251.21565,257.0676125,940.5187999999995,16883.2416805605,0.0,15718.448704357126,16883.2416805605,17276.529667169125,63208.66636099597
2026/2027,Niger,North,NC,32,6720617,72.10155000000002,0.0,54.76991250000002,72.10155000000002,77.95351250000002,761.4046999999995,4845.669026563502,0.0,3680.8760503601266,4845.669026563502,5238.957013172126,51171.09370699897
2026/2027,Niger,North,NC,33,6720617,16.1406,0.0,0.0,16.1406,21.9925625,705.4437499999995,1084.7479075019999,0.0,0.0,1084.7479075019999,1478.035894110625,47410.17258793746
2026/2027,Niger,North,NC,34,6720617,9.55495,0.0,0.0,9.55495,15.4069125,698.8580999999995,642.1515940415001,0.0,0.0,642.1515940415001,1035.439580650125,46967.57627447697
2026/2027,Niger,North,NC,35,6720617,6.3165,0.0,0.0,6.3165,12.1684625,695.6196499999995,424.50777280499995,0.0,0.0,424.50777280499995,817.795759413625,46749.93245324047
2026/2027,Niger,North,NC,36,6720617,7.027050000000001,0.0,0.0,7.027050000000001,12.879012500000002,696.3301999999995,472.2611168985,0.0,0.0,472.2611168985,865.5491035071251,46797.685797333965
2026/2027,Niger,North,NC,37,6720617,9.75115,0.0,0.0,9.75115,15.603112500000002,699.0542999999996,655.3374445955001,0.0,0.0,655.3374445955001,1048.625431204125,46980.76212503097
2026/2027,Niger,North,NC,38,6720617,8.70945,0.0,0.0,8.70945,14.561412500000001,698.0125999999995,585.3287773065,0.0,0.0,585.3287773065,978.6167639151251,46910.753457741965
2026/2027,Niger,North,NC,39,6720617,7.42985,0.0,0.0,7.42985,13.281812500000001,696.7329999999995,499.3317621745,0.0,0.0,499.3317621745,892.6197487831251,46824.75644260997
2026/2027,Niger,North,NC,40,6720617,8.21495,0.0,0.0,8.21495,14.0669125,697.5180999999995,552.0953262415001,0.0,0.0,552.0953262415001,945.383312850125,46877.52000667697
2026/2027,Niger,North,NC,41,6720617,8.4717,0.0,0.0,8.4717,14.323662500000001,697.7748499999996,569.3505103890001,0.0,0.0,569.3505103890001,962.6384969976251,46894.77519082447
2026/2027,Niger,North,NC,42,6720617,6.800350000000001,0.0,0.0,6.800350000000001,12.6523125,696.1034999999995,457.02547815950004,0.0,0.0,457.02547815950004,850.3134647681251,46782.45015859496
2026/2027,Niger,North,NC,43,6720617,6.7469,0.0,0.0,6.7469,12.598862500000001,696.0500499999995,453.43330837300005,0.0,0.0,453.43330837300005,846.7212949816251,46778.85798880847
2026/2027,Niger,North,NC,44,6720617,5.9636,0.0,0.0,5.9636,11.8155625,695.2667499999995,400.790715412,0.0,0.0,400.790715412,794.078702020625,46726.215395847474
2026/2027,Niger,North,NC,45,6720617,12.516900000000001,0.0,0.0,12.516900000000001,18.368862500000002,701.8200499999995,841.212909273,0.0,0.0,841.212909273,1234.5008958816252,47166.637589708465
2026/2027,Niger,North,NC,46,6720617,4.71175,0.0,0.0,4.71175,10.563712500000001,694.0148999999996,316.6586714975,0.0,0.0,316.6586714975,709.9466581061251,46642.083351932975
2026/2027,Niger,North,NC,47,6720617,6.3878,0.0,0.0,6.3878,12.239762500000001,695.6909499999995,429.299572726,0.0,0.0,429.299572726,822.5875593346251,46754.72425316147
2026/2027,Niger,North,NC,48,6720617,6.666550000000001,0.0,0.0,6.666550000000001,12.518512500000002,695.9696999999995,448.03329261350007,0.0,0.0,448.03329261350007,841.3212792221251,46773.45797304897
2026/2027,Niger,North,NC,49,6720617,7.828,0.0,0.0,7.828,13.679962500000002,697.1311499999995,526.08989876,0.0,0.0,526.08989876,919.3778853686251,46851.514579195464
2026/2027,Niger,North,NC,50,6720617,7.6373,0.0,0.0,7.6373,13.4892625,696.9404499999995,513.273682141,0.0,0.0,513.273682141,906.5616687496251,46838.69836257646
2026/2027,Niger,North,NC,51,6720617,8.018650000000001,0.0,0.0,8.018650000000001,13.870612500000002,697.3217999999995,538.9027550705001,0.0,0.0,538.9027550705001,932.1907416791252,46864.32743550596
2026/2027,Niger,North,NC,52,6720617,4.00875,0.0,0.0,4.00875,9.860712500000002,693.3118999999995,269.4127339875,0.0,0.0,269.4127339875,662.7007205961252,46594.83741442296
2026/2027,Ogun,South,SW,1,6445275,22.293950000000002,0.0,4.962312500000003,22.293950000000002,28.1459125,711.5970999999995,1436.9063858625,0.0,319.8346869843752,1436.9063858625,1814.0814618843751,45864.389987024966
2026/2027,Ogun,South,SW,2,6445275,7.297750000000001,0.0,0.0,7.297750000000001,13.149712500000001,696.6008999999995,470.36005631250003,0.0,0.0,470.36005631250003,847.5351323343751,44897.843657474965
2026/2027,Ogun,South,SW,3,6445275,5.4670000000000005,0.0,0.0,5.4670000000000005,11.318962500000001,694.7701499999995,352.36318425,0.0,0.0,352.36318425,729.5382602718751,44779.84678541246
2026/2027,Ogun,South,SW,4,6445275,4.5985000000000005,0.0,0.0,4.5985000000000005,10.4504625,693.9016499999994,296.385970875,0.0,0.0,296.385970875,673.561046896875,44723.86957203747
2026/2027,Ogun,South,SW,5,6445275,5.1983,0.0,0.0,5.1983,11.0502625,694.5014499999995,335.044730325,0.0,0.0,335.044730325,712.219806346875,44762.52833148746
2026/2027,Ogun,South,SW,6,6445275,8.766000000000002,0.0,0.0,8.766000000000002,14.617962500000003,698.0691499999995,564.9928065000001,0.0,0.0,564.9928065000001,942.1678825218752,44992.47640766247
2026/2027,Ogun,South,SW,7,6445275,5.9587,0.0,0.0,5.9587,11.810662500000001,695.2618499999995,384.05460142500004,0.0,0.0,384.05460142500004,761.2296774468751,44811.53820258747
2026/2027,Ogun,South,SW,8,6445275,10.903,0.0,0.0,10.903,16.7549625,700.2061499999995,702.72833325,0.0,0.0,702.72833325,1079.903409271875,45130.21193441247
2026/2027,Ogun,South,SW,9,6445275,17.18015,0.0,0.0,17.18015,23.032112500000004,706.4832999999995,1107.3079129125001,0.0,0.0,1107.3079129125001,1484.4829889343753,45534.791514074976
2026/2027,Ogun,South,SW,10,6445275,25.65295,0.0,8.321312500000001,25.65295,31.504912500000003,714.9560999999995,1653.4031731125,0.0,536.331474234375,1653.4031731125,2030.5782491343753,46080.88677427497
2026/2027,Ogun,South,SW,11,6445275,48.29215,0.0,30.9605125,48.29215,54.1441125,737.5952999999995,3112.5618709125,0.0,1995.490172034375,3112.5618709125,3489.7369469343753,47540.04547207497
2026/2027,Ogun,South,SW,12,6445275,236.62850000000003,0.0,219.29686250000003,236.62850000000003,242.48046250000004,925.9316499999995,15251.357553375,0.0,14134.285854496877,15251.357553375,15628.532629396877,59678.84115453747
2026/2027,Ogun,South,SW,13,6445275,657.8544999999999,372.9301999999999,640.5228625,657.8544999999999,663.7064624999999,1347.1576499999994,42400.531624874995,24036.376948049994,41283.459925996875,42400.531624874995,42777.706700896866,86828.01522603746
2026/2027,Ogun,South,SW,14,6445275,2237.3949000000002,1952.4706,2220.0632625000003,2237.3949000000002,2243.2468625,2926.69805,144206.254140975,125842.09946415001,143089.1824420969,144206.254140975,144583.42921699688,188633.73774213748
2026/2027,Ogun,South,SW,15,6445275,4013.0017000000007,3728.0774000000006,3995.6700625000008,4013.0017000000007,4018.8536625000006,4702.30485,258648.99531967507,240284.84064285003,257531.92362079694,258648.99531967507,259026.1703956969,303076.4789208375
2026/2027,Ogun,South,SW,16,6445275,2357.27495,2072.35065,2339.9433125,2357.27495,2363.1269125,3046.5780999999997,151932.8530336125,133568.6983567875,150815.78133473438,151932.8530336125,152310.02810963435,196360.33663477498
2026/2027,Ogun,South,SW,17,6445275,1188.10795,903.1836500000001,1170.7763125000001,1188.10795,1193.9599125,1877.4110999999996,76576.8246743625,58212.66999753751,75459.75297548439,76576.8246743625,76953.99975038436,121004.30827552498
2026/2027,Ogun,South,SW,18,6445275,392.03765000000004,107.11335000000003,374.70601250000004,392.03765000000004,397.88961250000006,1081.3407999999995,25267.904646037503,6903.749969212501,24150.832947159375,25267.904646037503,25645.079722059378,69695.38824719997
2026/2027,Ogun,South,SW,19,6445275,51.60655,0.0,34.2749125,51.60655,57.4585125,740.9096999999995,3326.1840655124997,0.0,2209.1123666343747,3326.1840655124997,3703.359141534375,47753.66766667497
2026/2027,Ogun,South,SW,20,6445275,11.0292,0.0,0.0,11.0292,16.881162500000002,700.3323499999995,710.8622703,0.0,0.0,710.8622703,1088.0373463218752,45138.34587146247
2026/2027,Ogun,South,SW,21,6445275,11.5184,0.0,0.0,11.5184,17.3703625,700.8215499999995,742.3925556,0.0,0.0,742.3925556,1119.5676316218749,45169.87615676247
2026/2027,Ogun,South,SW,22,6445275,9.359800000000002,0.0,0.0,9.359800000000002,15.211762500000003,698.6629499999995,603.26484945,0.0,0.0,603.26484945,980.4399254718752,45030.74845061247
2026/2027,Ogun,South,SW,23,6445275,17.505850000000002,0.0,0.174212500000003,17.505850000000002,23.3578125,706.8089999999995,1128.3001735875002,0.0,11.228474709375194,1128.3001735875002,1505.475249609375,45555.783774749965
2026/2027,Ogun,South,SW,24,6445275,44.452850000000005,0.0,27.121212500000006,44.452850000000005,50.304812500000004,733.7559999999995,2865.1084278375006,0.0,1748.0367289593753,2865.1084278375006,3242.2835038593753,47292.59202899997
2026/2027,Ogun,South,SW,25,6445275,113.12030000000001,0.0,95.78866250000002,113.12030000000001,118.97226250000001,802.4234499999995,7290.914415825001,0.0,6173.842716946876,7290.914415825001,7668.089491846876,51718.39801698747
2026/2027,Ogun,South,SW,26,6445275,146.34815,0.0,129.0165125,146.34815,152.20011250000002,835.6512999999995,9432.5407249125,0.0,8315.469026034376,9432.5407249125,9809.715800934375,53860.02432607497
2026/2027,Ogun,South,SW,27,6445275,350.64815,65.72384999999997,333.3165125,350.64815,356.5001125,1039.9512999999995,22600.2375499125,4236.082873087498,21483.165851034373,22600.2375499125,22977.412625934376,67027.72115107496
2026/2027,Ogun,South,SW,28,6445275,393.7356500000001,108.81135000000006,376.4040125000001,393.7356500000001,399.5876125000001,1083.0387999999996,25377.345415537504,7013.190738712504,24260.27371665938,25377.345415537504,25754.520491559382,69804.82901669996
2026/2027,Ogun,South,SW,29,6445275,316.5704,31.64609999999999,299.2387625,316.5704,322.4223625,1005.8735499999996,20403.832848600003,2039.678171774999,19286.761149721875,20403.832848600003,20781.007924621874,64831.31644976247
2026/2027,Ogun,South,SW,30,6445275,304.2438,19.319500000000005,286.9121625,304.2438,310.09576250000003,993.5469499999995,19609.34958045,1245.1949036250003,18492.277881571878,19609.34958045,19986.524656471876,64036.83318161246
2026/2027,Ogun,South,SW,31,6445275,191.65065,0.0,174.3190125,191.65065,197.50261250000003,880.9537999999995,12352.411431787501,0.0,11235.339732909377,12352.411431787501,12729.586507809378,56779.89503294997
2026/2027,Ogun,South,SW,32,6445275,51.193650000000005,0.0,33.862012500000006,51.193650000000005,57.045612500000004,740.4967999999996,3299.5715250375,0.0,2182.4998261593755,3299.5715250375,3676.7466010593753,47727.05512619997
2026/2027,Ogun,South,SW,33,6445275,9.76965,0.0,0.0,9.76965,15.621612500000001,699.0727999999995,629.6808090375,0.0,0.0,629.6808090375,1006.855885059375,45057.16441019997
2026/2027,Ogun,South,SW,34,6445275,5.60995,0.0,0.0,5.60995,11.4619125,694.9130999999995,361.57670486250004,0.0,0.0,361.57670486250004,738.751780884375,44789.06030602497
2026/2027,Ogun,South,SW,35,6445275,6.0222999999999995,0.0,0.0,6.0222999999999995,11.8742625,695.3254499999995,388.15379632500003,0.0,0.0,388.15379632500003,765.3288723468751,44815.637397487466
2026/2027,Ogun,South,SW,36,6445275,6.1255500000000005,0.0,0.0,6.1255500000000005,11.977512500000001,695.4286999999995,394.80854276250005,0.0,0.0,394.80854276250005,771.983618784375,44822.29214392497
2026/2027,Ogun,South,SW,37,6445275,5.71065,0.0,0.0,5.71065,11.5626125,695.0137999999995,368.0670967875,0.0,0.0,368.0670967875,745.2421728093751,44795.55069794996
2026/2027,Ogun,South,SW,38,6445275,5.3946000000000005,0.0,0.0,5.3946000000000005,11.246562500000001,694.6977499999995,347.69680515,0.0,0.0,347.69680515,724.8718811718752,44775.180406312465
2026/2027,Ogun,South,SW,39,6445275,5.24625,0.0,0.0,5.24625,11.0982125,694.5493999999995,338.1352396875,0.0,0.0,338.1352396875,715.310315709375,44765.61884084997
2026/2027,Ogun,South,SW,40,6445275,5.78875,0.0,0.0,5.78875,11.640712500000001,695.0918999999996,373.1008565625,0.0,0.0,373.1008565625,750.2759325843751,44800.58445772497
2026/2027,Ogun,South,SW,41,6445275,6.75685,0.0,0.0,6.75685,12.6088125,696.0599999999995,435.49756383749997,0.0,0.0,435.49756383749997,812.6726398593751,44862.98116499997
2026/2027,Ogun,South,SW,42,6445275,6.246500000000001,0.0,0.0,6.246500000000001,12.098462500000002,695.5496499999995,402.6041028750001,0.0,0.0,402.6041028750001,779.7791788968751,44830.08770403747
2026/2027,Ogun,South,SW,43,6445275,5.39135,0.0,0.0,5.39135,11.243312500000002,694.6944999999995,347.48733371250006,0.0,0.0,347.48733371250006,724.6624097343752,44774.97093487496
2026/2027,Ogun,South,SW,44,6445275,4.379300000000001,0.0,0.0,4.379300000000001,10.231262500000001,693.6824499999996,282.25792807500005,0.0,0.0,282.25792807500005,659.4330040968752,44709.74152923747
2026/2027,Ogun,South,SW,45,6445275,6.7858,0.0,0.0,6.7858,12.637762500000001,696.0889499999995,437.36347094999996,0.0,0.0,437.36347094999996,814.5385469718751,44864.84707211246
2026/2027,Ogun,South,SW,46,6445275,5.03345,0.0,0.0,5.03345,10.885412500000001,694.3365999999995,324.4196944875,0.0,0.0,324.4196944875,701.594770509375,44751.903295649965
2026/2027,Ogun,South,SW,47,6445275,3.9108,0.0,0.0,3.9108,9.762762500000001,693.2139499999995,252.06181469999999,0.0,0.0,252.06181469999999,629.236890721875,44679.54541586246
2026/2027,Ogun,South,SW,48,6445275,5.279350000000001,0.0,0.0,5.279350000000001,11.131312500000002,694.5824999999995,340.26862571250007,0.0,0.0,340.26862571250007,717.443701734375,44767.752226874974
2026/2027,Ogun,South,SW,49,6445275,6.46435,0.0,0.0,6.46435,12.3163125,695.7674999999995,416.6451344625,0.0,0.0,416.6451344625,793.820210484375,44844.12873562496
2026/2027,Ogun,South,SW,50,6445275,5.546500000000001,0.0,0.0,5.546500000000001,11.3984625,694.8496499999995,357.4871778750001,0.0,0.0,357.4871778750001,734.6622538968751,44784.97077903747
2026/2027,Ogun,South,SW,51,6445275,5.6989,0.0,0.0,5.6989,11.550862500000001,695.0020499999995,367.309776975,0.0,0.0,367.309776975,744.484852996875,44794.79337813747
2026/2027,Ogun,South,SW,52,6445275,6.02225,0.0,0.0,6.02225,11.8742125,695.3253999999995,388.15057368749996,0.0,0.0,388.15057368749996,765.325649709375,44815.63417484997
2026/2027,Ondo,South,SW,1,5469707,20.83275,0.0,3.5011125000000014,20.83275,26.684712500000003,710.1358999999995,1139.4903850425,0.0,191.50059549037508,1139.4903850425,1459.5755875423754,38842.35303181297
2026/2027,Ondo,South,SW,2,5469707,5.8971,0.0,0.0,5.8971,11.7490625,695.2002499999995,322.554091497,0.0,0.0,322.554091497,642.639293996875,38025.41673826747
2026/2027,Ondo,South,SW,3,5469707,5.0105,0.0,0.0,5.0105,10.862462500000001,694.3136499999995,274.059669235,0.0,0.0,274.059669235,594.1448717348751,37976.922316005475
2026/2027,Ondo,South,SW,4,5469707,6.511950000000001,0.0,0.0,6.511950000000001,12.363912500000001,695.8150999999995,356.1845849865,0.0,0.0,356.1845849865,676.2697874863751,38059.047231756966
2026/2027,Ondo,South,SW,5,5469707,6.2392,0.0,0.0,6.2392,12.091162500000001,695.5423499999995,341.265959144,0.0,0.0,341.265959144,661.3511616438751,38044.12860591448
2026/2027,Ondo,South,SW,6,5469707,4.48645,0.0,0.0,4.48645,10.3384125,693.7895999999995,245.39566970149997,0.0,0.0,245.39566970149997,565.480872201375,37948.25831647197
2026/2027,Ondo,South,SW,7,5469707,9.123050000000001,0.0,0.0,9.123050000000001,14.975012500000002,698.4261999999995,499.0041044635001,0.0,0.0,499.0041044635001,819.0893069633751,38201.866751233974
2026/2027,Ondo,South,SW,8,5469707,8.7043,0.0,0.0,8.7043,14.5562625,698.0074499999995,476.09970640100005,0.0,0.0,476.09970640100005,796.184908900875,38178.962353171475
2026/2027,Ondo,South,SW,9,5469707,16.13595,0.0,0.0,16.13595,21.9879125,705.4390999999995,882.5891866665002,0.0,0.0,882.5891866665002,1202.674389166375,38585.45183343697
2026/2027,Ondo,South,SW,10,5469707,32.67005,0.0,15.338412500000004,32.67005,38.5220125,721.9731999999995,1786.9560117535002,0.0,838.9662222013752,1786.9560117535002,2107.041214253375,39489.81865852397
2026/2027,Ondo,South,SW,11,5469707,104.36085000000001,0.0,87.02921250000001,104.36085000000001,110.21281250000001,793.6639999999995,5708.232717709501,0.0,4760.242928157376,5708.232717709501,6028.317920209375,43411.095364479974
2026/2027,Ondo,South,SW,12,5469707,281.80205,0.0,264.4704125,281.80205,287.6540125,971.1051999999995,15413.746454993501,0.0,14465.756665441375,15413.746454993501,15733.831657493376,53116.60910176397
2026/2027,Ondo,South,SW,13,5469707,573.9714,289.0471,556.6397625,573.9714,579.8233625,1263.2745499999996,31394.553843798003,15810.029461997,30446.56405424587,31394.553843798003,31714.639046297874,69097.41649056847
2026/2027,Ondo,South,SW,14,5469707,1459.87865,1174.95435,1442.5470125000002,1459.87865,1465.7306125,2149.1817999999994,79851.0847105555,64266.5603287545,78903.09492100339,79851.0847105555,80171.16991305538,117553.94735732597
2026/2027,Ondo,South,SW,15,5469707,3035.7546500000003,2750.83035,3018.4230125000004,3035.7546500000003,3041.6066125,3725.0577999999996,166046.88459387553,150462.3602120745,165098.89480432338,166046.88459387553,166366.9697963754,203749.747240646
2026/2027,Ondo,South,SW,16,5469707,2782.0364,2497.1121,2764.7047625,2782.0364,2787.8883625,3471.3395499999997,152169.239713348,136584.715331547,151221.24992379587,152169.239713348,152489.3249158479,189872.10236011847
2026/2027,Ondo,South,SW,17,5469707,1247.2833500000002,962.3590500000001,1229.9517125000002,1247.2833500000002,1253.1353125,1936.5864999999997,68222.7447047845,52638.22032298351,67274.75491523239,68222.7447047845,68542.82990728438,105925.60735155498
2026/2027,Ondo,South,SW,18,5469707,448.6686,163.7443,431.3369625,448.6686,454.52056250000004,1137.9717499999995,24540.857821002002,8956.333439201,23592.868031449874,24540.857821002002,24860.943023501877,62243.72046777247
2026/2027,Ondo,South,SW,19,5469707,73.75710000000001,0.0,56.42546250000001,73.75710000000001,79.60906250000001,763.0602499999995,4034.297261697,0.0,3086.3074721448756,4034.297261697,4354.382464196876,41737.159908467474
2026/2027,Ondo,South,SW,20,5469707,13.411050000000001,0.0,0.0,13.411050000000001,19.263012500000002,702.7141999999996,733.5451406235001,0.0,0.0,733.5451406235001,1053.6303431233753,38436.407787393975
2026/2027,Ondo,South,SW,21,5469707,10.904250000000001,0.0,0.0,10.904250000000001,16.756212500000004,700.2073999999996,596.4305255475,0.0,0.0,596.4305255475,916.5157280473752,38299.29317231798
2026/2027,Ondo,South,SW,22,5469707,12.56725,0.0,0.0,12.56725,18.4192125,701.8703999999994,687.3917529574999,0.0,0.0,687.3917529574999,1007.4769554573751,38390.25439972797
2026/2027,Ondo,South,SW,23,5469707,28.07725,0.0,10.7456125,28.07725,33.9292125,717.3803999999996,1535.7433086575,0.0,587.7535191053751,1535.7433086575,1855.828511157375,39238.60595542798
2026/2027,Ondo,South,SW,24,5469707,62.593900000000005,0.0,45.262262500000006,62.593900000000005,68.4458625,751.8970499999995,3423.7029298730004,0.0,2475.7131403208755,3423.7029298730004,3743.788132372875,41126.56557664347
2026/2027,Ondo,South,SW,25,5469707,72.85235,0.0,55.5207125,72.85235,78.7043125,762.1554999999995,3984.8100876145,0.0,3036.820298062375,3984.8100876145,4304.895290114375,41687.67273438497
2026/2027,Ondo,South,SW,26,5469707,200.79700000000003,0.0,183.46536250000003,200.79700000000003,206.64896250000004,890.1001499999995,10983.007564790001,0.0,10035.017775237877,10983.007564790001,11303.092767289876,48685.870211560476
2026/2027,Ondo,South,SW,27,5469707,468.8412,183.9169,451.5095625,468.8412,474.6931625,1158.1443499999996,25644.239935284,10059.715553483,24696.250145731872,25644.239935284,25964.325137783875,63347.10258205448
2026/2027,Ondo,South,SW,28,5469707,599.8063999999999,314.8820999999999,582.4747625,599.8063999999999,605.6583625,1289.1095499999994,32807.652647247996,17223.128265446998,31859.662857695876,32807.652647247996,33127.73784974787,70510.51529401846
2026/2027,Ondo,South,SW,29,5469707,512.98275,228.05845,495.6511125,512.98275,518.8347125,1202.2858999999994,28058.653385542504,12474.1290037415,27110.663595990376,28058.653385542504,28378.73858804238,65761.51603231297
2026/2027,Ondo,South,SW,30,5469707,197.4318,0.0,180.1001625,197.4318,203.28376250000002,886.7349499999996,10798.940984826,0.0,9850.951195273876,10798.940984826,11119.026187325875,48501.80363159648
2026/2027,Ondo,South,SW,31,5469707,259.80635000000007,0.0,242.47471250000007,259.80635000000007,265.6583125000001,949.1094999999996,14210.646112394505,0.0,13262.656322842378,14210.646112394505,14530.731314894378,51913.50875916497
2026/2027,Ondo,South,SW,32,5469707,26.359800000000003,0.0,9.028162500000004,26.359800000000003,32.211762500000006,715.6629499999995,1441.8038257860003,0.0,493.81403623387524,1441.8038257860003,1761.8890282858754,39144.66647255647
2026/2027,Ondo,South,SW,33,5469707,11.673550000000002,0.0,0.0,11.673550000000002,17.525512500000005,700.9766999999995,638.5089814985001,0.0,0.0,638.5089814985001,958.5941839983752,38341.37162826897
2026/2027,Ondo,South,SW,34,5469707,6.18215,0.0,0.0,6.18215,12.0341125,695.4852999999995,338.14549130050005,0.0,0.0,338.14549130050005,658.230693800375,38041.00813807097
2026/2027,Ondo,South,SW,35,5469707,5.09705,0.0,0.0,5.09705,10.949012500000002,694.4001999999995,278.7937006435,0.0,0.0,278.7937006435,598.8789031433752,37981.65634741397
2026/2027,Ondo,South,SW,36,5469707,4.5558,0.0,0.0,4.5558,10.4077625,693.8589499999995,249.18891150599998,0.0,0.0,249.18891150599998,569.2741140058749,37952.05155827647
2026/2027,Ondo,South,SW,37,5469707,7.89315,0.0,0.0,7.89315,13.745112500000001,697.1962999999995,431.7321780705,0.0,0.0,431.7321780705,751.817380570375,38134.59482484098
2026/2027,Ondo,South,SW,38,5469707,4.9453000000000005,0.0,0.0,4.9453000000000005,10.797262500000002,694.2484499999995,270.49342027100005,0.0,0.0,270.49342027100005,590.5786227708751,37973.35606704147
2026/2027,Ondo,South,SW,39,5469707,5.515700000000001,0.0,0.0,5.515700000000001,11.367662500000002,694.8188499999995,301.692628999,0.0,0.0,301.692628999,621.7778314988751,38004.555275769475
2026/2027,Ondo,South,SW,40,5469707,4.3756,0.0,0.0,4.3756,10.227562500000001,693.6787499999995,239.332499492,0.0,0.0,239.332499492,559.4177019918751,37942.19514626247
2026/2027,Ondo,South,SW,41,5469707,3.99575,0.0,0.0,3.99575,9.8477125,693.2988999999995,218.5558174525,0.0,0.0,218.5558174525,538.641019952375,37921.418464222974
2026/2027,Ondo,South,SW,42,5469707,6.60255,0.0,0.0,6.60255,12.4545125,695.9056999999995,361.1401395285,0.0,0.0,361.1401395285,681.2253420283749,38064.002786298974
2026/2027,Ondo,South,SW,43,5469707,5.4519,0.0,0.0,5.4519,11.303862500000001,694.7550499999995,298.202955933,0.0,0.0,298.202955933,618.2881584328751,38001.06560270348
2026/2027,Ondo,South,SW,44,5469707,5.17395,0.0,0.0,5.17395,11.0259125,694.4770999999995,282.99990532649997,0.0,0.0,282.99990532649997,603.085107826375,37985.86255209697
2026/2027,Ondo,South,SW,45,5469707,4.8684,0.0,0.0,4.8684,10.7203625,694.1715499999995,266.287215588,0.0,0.0,266.287215588,586.3724180878751,37969.14986235847
2026/2027,Ondo,South,SW,46,5469707,6.9017,0.0,0.0,6.9017,12.7536625,696.2048499999995,377.502768019,0.0,0.0,377.502768019,697.587970518875,38080.36541478947
2026/2027,Ondo,South,SW,47,5469707,4.5266,0.0,0.0,4.5266,10.378562500000001,693.8297499999995,247.591757062,0.0,0.0,247.591757062,567.676959561875,37950.454403832475
2026/2027,Ondo,South,SW,48,5469707,6.5537,0.0,0.0,6.5537,12.405662500000002,695.8568499999996,358.468187659,0.0,0.0,358.468187659,678.5533901588751,38061.33083442947
2026/2027,Ondo,South,SW,49,5469707,6.17255,0.0,0.0,6.17255,12.0245125,695.4756999999995,337.62039942850004,0.0,0.0,337.62039942850004,657.705601928375,38040.48304619898
2026/2027,Ondo,South,SW,50,5469707,6.95125,0.0,0.0,6.95125,12.8032125,696.2543999999995,380.21300783749996,0.0,0.0,380.21300783749996,700.298210337375,38083.07565460797
2026/2027,Ondo,South,SW,51,5469707,5.707750000000001,0.0,0.0,5.707750000000001,11.559712500000002,695.0108999999995,312.19720129250004,0.0,0.0,312.19720129250004,632.2824037923751,38015.05984806297
2026/2027,Ondo,South,SW,52,5469707,6.586450000000001,0.0,0.0,6.586450000000001,12.438412500000002,695.8895999999995,360.25951670150005,0.0,0.0,360.25951670150005,680.3447192013751,38063.12216347198
2026/2027,Osun,South,SW,1,4237396,23.614649999999997,0.0,6.283012499999998,23.614649999999997,29.466612499999997,712.9177999999995,1000.6462345139998,0.0,266.2361203544999,1000.6462345139998,1248.6170594104997,30209.150340487977
2026/2027,Osun,South,SW,2,4237396,6.41045,0.0,0.0,6.41045,12.2624125,695.7135999999995,271.636151882,0.0,0.0,271.636151882,519.6069767785,29480.14025785598
2026/2027,Osun,South,SW,3,4237396,4.00405,0.0,0.0,4.00405,9.856012500000002,693.3071999999995,169.66745453800002,0.0,0.0,169.66745453800002,417.63827943450013,29378.17156051198
2026/2027,Osun,South,SW,4,4237396,4.16255,0.0,0.0,4.16255,10.014512500000002,693.4656999999995,176.38372719800003,0.0,0.0,176.38372719800003,424.3545520945001,29384.88783317198
2026/2027,Osun,South,SW,5,4237396,6.6515,0.0,0.0,6.6515,12.503462500000001,695.9546499999996,281.85039494,0.0,0.0,281.85039494,529.8212198365001,29490.35450091398
2026/2027,Osun,South,SW,6,4237396,7.788200000000001,0.0,0.0,7.788200000000001,13.640162500000002,697.0913499999995,330.01687527200005,0.0,0.0,330.01687527200005,577.9877001685,29538.520981245976
2026/2027,Osun,South,SW,7,4237396,6.486549999999999,0.0,0.0,6.486549999999999,12.3385125,695.7896999999995,274.86081023799994,0.0,0.0,274.86081023799994,522.8316351345001,29483.364916211976
2026/2027,Osun,South,SW,8,4237396,11.04685,0.0,0.0,11.04685,16.8988125,700.3499999999995,468.098780026,0.0,0.0,468.098780026,716.0696049224999,29676.602885999975
2026/2027,Osun,South,SW,9,4237396,17.567149999999998,0.0,0.23551249999999868,17.567149999999998,23.419112499999997,706.8702999999995,744.389711414,0.0,9.979597254499945,744.389711414,992.3605363104999,29952.893817387976
2026/2027,Osun,South,SW,10,4237396,41.984550000000006,0.0,24.652912500000006,41.984550000000006,47.836512500000005,731.2876999999995,1779.0516423180002,0.0,1044.6415281585003,1779.0516423180002,2027.0224672145002,30987.55574829198
2026/2027,Osun,South,SW,11,4237396,91.36500000000001,0.0,74.03336250000001,91.36500000000001,97.21696250000001,780.6681499999995,3871.4968554,0.0,3137.0867412405,3871.4968554,4119.4676802965005,33080.000961373975
2026/2027,Osun,South,SW,12,4237396,359.95105,75.02674999999999,342.6194125,359.95105,365.8030125,1049.2541999999994,15252.551394658001,3179.18050343,14518.1412804985,15252.551394658001,15500.522219554501,44461.05550063197
2026/2027,Osun,South,SW,13,4237396,692.5078000000001,407.5835000000001,675.1761625000001,692.5078000000001,698.3597625000001,1381.8109499999996,29344.297816888004,17270.926925660002,28609.887702728505,29344.297816888004,29592.268641784507,58552.80192286199
2026/2027,Osun,South,SW,14,4237396,1631.1433,1346.219,1613.8116625,1631.1433,1636.9952624999999,2320.4464499999995,69118.000948468,57044.63005724,68383.5908343085,69118.000948468,69365.9717733645,98326.50505444198
2026/2027,Osun,South,SW,15,4237396,2726.9882500000003,2442.06395,2709.6566125000004,2726.9882500000003,2732.8402125000002,3416.2914,115553.29102597001,103479.92013474202,114818.88091181051,115553.29102597001,115801.2618508665,144761.795131944
2026/2027,Osun,South,SW,16,4237396,2335.32845,2050.40415,2317.9968125,2335.32845,2341.1804125,3024.6315999999997,98957.114327162,86883.743435934,98222.70421300251,98957.114327162,99205.08515205848,128165.61843313598
2026/2027,Osun,South,SW,17,4237396,1204.4164,919.4921,1187.0847625000001,1204.4164,1210.2683625,1893.7195499999996,51035.892356944,38962.521465716,50301.48224278451,51035.892356944,51283.8631818405,80244.39646291798
2026/2027,Osun,South,SW,18,4237396,430.44230000000005,145.51800000000003,413.11066250000005,430.44230000000005,436.29426250000006,1119.7454499999994,18239.544802508,6166.173911280001,17505.134688348502,18239.544802508,18487.5156274045,47448.04890848198
2026/2027,Osun,South,SW,19,4237396,74.8726,0.0,57.540962500000006,74.8726,80.7245625,764.1757499999995,3172.6485574960006,0.0,2438.2384433365,3172.6485574960006,3420.6193823925,32381.152663469984
2026/2027,Osun,South,SW,20,4237396,13.171000000000001,0.0,0.0,13.171000000000001,19.022962500000002,702.4741499999996,558.10742716,0.0,0.0,558.10742716,806.0782520565,29766.61153313398
2026/2027,Osun,South,SW,21,4237396,8.67525,0.0,0.0,8.67525,14.527212500000001,697.9783999999995,367.60469649000004,0.0,0.0,367.60469649000004,615.5755213865001,29576.10880246398
2026/2027,Osun,South,SW,22,4237396,8.648,0.0,0.0,8.648,14.4999625,697.9511499999995,366.45000608,0.0,0.0,366.45000608,614.4208309765,29574.95411205398
2026/2027,Osun,South,SW,23,4237396,33.879000000000005,0.0,16.547362500000006,33.879000000000005,39.730962500000004,723.1821499999995,1435.5873908400001,0.0,701.1772766805002,1435.5873908400001,1683.5582157365,30644.09149681398
2026/2027,Osun,South,SW,24,4237396,49.8112,0.0,32.4795625,49.8112,55.6631625,739.1143499999995,2110.697796352,0.0,1376.2876821925,2110.697796352,2358.6686212485,31319.201902325978
2026/2027,Osun,South,SW,25,4237396,73.24210000000001,0.0,55.91046250000001,73.24210000000001,79.0940625,762.5452499999996,3103.5578157160003,0.0,2369.1477015565006,3103.5578157160003,3351.5286406125,32312.061921689983
2026/2027,Osun,South,SW,26,4237396,184.7657,0.0,167.4340625,184.7657,190.61766250000002,874.0688499999995,7829.254381172,0.0,7094.8442670125005,7829.254381172,8077.225206068501,37037.758487145984
2026/2027,Osun,South,SW,27,4237396,397.46895,112.54464999999999,380.1373125,397.46895,403.3209125,1086.7720999999995,16842.333388542,4768.962497314,16107.923274382501,16842.333388542,17090.3042134385,46050.837494515974
2026/2027,Osun,South,SW,28,4237396,577.87265,292.94835,560.5410125000001,577.87265,583.7246125,1267.1757999999995,24486.752556194002,12413.381664965998,23752.342442034504,24486.752556194002,24734.7233810905,53695.25666216798
2026/2027,Osun,South,SW,29,4237396,621.0516,336.1273,603.7199625000001,621.0516,626.9035625,1310.3547499999995,26316.415656336,14243.044765108,25582.005542176503,26316.415656336,26564.3864812325,55524.91976230998
2026/2027,Osun,South,SW,30,4237396,235.49175000000002,0.0,218.16011250000003,235.49175000000002,241.34371250000004,924.7948999999995,9978.717994830002,0.0,9244.307880670502,9978.717994830002,10226.688819726502,39187.22210080398
2026/2027,Osun,South,SW,31,4237396,149.57885000000002,0.0,132.24721250000002,149.57885000000002,155.43081250000003,838.8819999999995,6338.248206746001,0.0,5603.8380925865,6338.248206746001,6586.219031642501,35546.75231271998
2026/2027,Osun,South,SW,32,4237396,52.010450000000006,0.0,34.67881250000001,52.010450000000006,57.862412500000005,741.3135999999995,2203.8887278820002,0.0,1469.4786137225003,2203.8887278820002,2451.8595527785005,31412.392833855978
2026/2027,Osun,South,SW,33,4237396,12.8736,0.0,0.0,12.8736,18.725562500000002,702.1767499999995,545.5054114559999,0.0,0.0,545.5054114559999,793.4762363525002,29754.009517429982
2026/2027,Osun,South,SW,34,4237396,6.3718,0.0,0.0,6.3718,12.223762500000001,695.6749499999995,269.998398328,0.0,0.0,269.998398328,517.9692232245001,29478.502504301978
2026/2027,Osun,South,SW,35,4237396,3.3237499999999995,0.0,0.0,3.3237499999999995,9.1757125,692.6268999999995,140.84044955,0.0,0.0,140.84044955,388.81127444649997,29349.34455552398
2026/2027,Osun,South,SW,36,4237396,6.802700000000001,0.0,0.0,6.802700000000001,12.6546625,696.1058499999995,288.257337692,0.0,0.0,288.257337692,536.2281625885,29496.761443665975
2026/2027,Osun,South,SW,37,4237396,4.6553,0.0,0.0,4.6553,10.507262500000001,693.9584499999995,197.26349598800005,0.0,0.0,197.26349598800005,445.23432088450005,29405.76760196198
2026/2027,Osun,South,SW,38,4237396,3.8895,0.0,0.0,3.8895,9.7414625,693.1926499999995,164.81351742,0.0,0.0,164.81351742,412.78434231650004,29373.317623393978
2026/2027,Osun,South,SW,39,4237396,5.164350000000001,0.0,0.0,5.164350000000001,11.016312500000002,694.4674999999995,218.83396032600004,0.0,0.0,218.83396032600004,466.8047852225,29427.338066299977
2026/2027,Osun,South,SW,40,4237396,4.9029,0.0,0.0,4.9029,10.754862500000002,694.2060499999995,207.755288484,0.0,0.0,207.755288484,455.72611338050007,29416.25939445798
2026/2027,Osun,South,SW,41,4237396,5.337249999999999,0.0,0.0,5.337249999999999,11.1892125,694.6403999999995,226.16041800999994,0.0,0.0,226.16041800999994,474.1312429065,29434.664523983978
2026/2027,Osun,South,SW,42,4237396,4.2669,0.0,0.0,4.2669,10.1188625,693.5700499999995,180.805449924,0.0,0.0,180.805449924,428.7762748205,29389.30955589798
2026/2027,Osun,South,SW,43,4237396,6.04545,0.0,0.0,6.04545,11.897412500000002,695.3485999999995,256.169656482,0.0,0.0,256.169656482,504.1404813785001,29464.67376245598
2026/2027,Osun,South,SW,44,4237396,3.2509000000000006,0.0,0.0,3.2509000000000006,9.1028625,692.5540499999995,137.75350656400002,0.0,0.0,137.75350656400002,385.72433146049997,29346.25761253798
2026/2027,Osun,South,SW,45,4237396,5.2532000000000005,0.0,0.0,5.2532000000000005,11.105162500000002,694.5563499999995,222.59888667200002,0.0,0.0,222.59888667200002,470.5697115685001,29431.102992645978
2026/2027,Osun,South,SW,46,4237396,7.2368500000000004,0.0,0.0,7.2368500000000004,13.088812500000001,696.5399999999995,306.653992426,0.0,0.0,306.653992426,554.6248173225,29515.158098399977
2026/2027,Osun,South,SW,47,4237396,5.4207,0.0,0.0,5.4207,11.272662500000001,694.7238499999995,229.69652497200002,0.0,0.0,229.69652497200002,477.6673498685,29438.20063094598
2026/2027,Osun,South,SW,48,4237396,5.183250000000001,0.0,0.0,5.183250000000001,11.035212500000002,694.4863999999995,219.63482817000005,0.0,0.0,219.63482817000005,467.60565306650005,29428.138934143983
2026/2027,Osun,South,SW,49,4237396,6.457650000000001,0.0,0.0,6.457650000000001,12.309612500000002,695.7607999999996,273.63620279400004,0.0,0.0,273.63620279400004,521.6070276905001,29482.140308767983
2026/2027,Osun,South,SW,50,4237396,5.190799999999999,0.0,0.0,5.190799999999999,11.0427625,694.4939499999995,219.95475156799998,0.0,0.0,219.95475156799998,467.92557646449995,29428.458857541977
2026/2027,Osun,South,SW,51,4237396,5.44345,0.0,0.0,5.44345,11.295412500000001,694.7465999999995,230.66053256200001,0.0,0.0,230.66053256200001,478.6313574585,29439.164638535978
2026/2027,Osun,South,SW,52,4237396,5.7520999999999995,0.0,0.0,5.7520999999999995,11.604062500000001,695.0552499999995,243.739255316,0.0,0.0,243.739255316,491.71008021250003,29452.243361289984
2026/2027,Oyo,South,SW,1,7512855,24.916999999999998,0.0,7.585362499999999,24.916999999999998,30.7689625,714.2201499999995,1871.97808035,0.0,569.8772858493749,1871.97808035,2311.627537629375,53658.32425028247
2026/2027,Oyo,South,SW,2,7512855,3.8101000000000003,0.0,0.0,3.8101000000000003,9.662062500000001,693.1132499999995,286.247288355,0.0,0.0,286.247288355,725.8967456343751,52072.59345828747
2026/2027,Oyo,South,SW,3,7512855,5.5853,0.0,0.0,5.5853,11.437262500000001,694.8884499999995,419.61549031500005,0.0,0.0,419.61549031500005,859.264947594375,52205.961660247456
2026/2027,Oyo,South,SW,4,7512855,6.0586,0.0,0.0,6.0586,11.910562500000001,695.3617499999995,455.17383303,0.0,0.0,455.17383303,894.8232903093751,52241.520002962454
2026/2027,Oyo,South,SW,5,7512855,3.9056500000000005,0.0,0.0,3.9056500000000005,9.7576125,693.2087999999995,293.42582130750003,0.0,0.0,293.42582130750003,733.075278586875,52079.77199123997
2026/2027,Oyo,South,SW,6,7512855,6.207199999999999,0.0,0.0,6.207199999999999,12.0591625,695.5103499999994,466.33793555999995,0.0,0.0,466.33793555999995,905.9873928393749,52252.68410549246
2026/2027,Oyo,South,SW,7,7512855,5.9933000000000005,0.0,0.0,5.9933000000000005,11.8452625,695.2964499999995,450.267938715,0.0,0.0,450.267938715,889.917395994375,52236.61410864746
2026/2027,Oyo,South,SW,8,7512855,7.8584499999999995,0.0,0.0,7.8584499999999995,13.7104125,697.1615999999995,590.3939537475,0.0,0.0,590.3939537475,1030.043411026875,52376.74012367996
2026/2027,Oyo,South,SW,9,7512855,8.596050000000002,0.0,0.0,8.596050000000002,14.448012500000003,697.8991999999995,645.8087722275002,0.0,0.0,645.8087722275002,1085.458229506875,52432.154942159956
2026/2027,Oyo,South,SW,10,7512855,18.411450000000002,0.0,1.0798125000000027,18.411450000000002,24.2634125,707.7145999999996,1383.2255418975,0.0,81.12474739687521,1383.2255418975,1822.874999176875,53169.571711829965
2026/2027,Oyo,South,SW,11,7512855,77.46935,0.0,60.137712500000006,77.46935,83.3213125,766.7724999999995,5820.1599349425005,0.0,4518.059140441876,5820.1599349425005,6259.809392221875,57606.50610487496
2026/2027,Oyo,South,SW,12,7512855,332.62559999999996,47.70129999999995,315.29396249999996,332.62559999999996,338.4775625,1021.9287499999995,24989.679020879998,3583.7295021149957,23687.57822637937,24989.679020879998,25429.328478159376,76776.02519081246
2026/2027,Oyo,South,SW,13,7512855,942.2607000000002,657.3364000000001,924.9290625000001,942.2607000000002,948.1126625000002,1631.5638499999995,70790.680112985,49384.73059422001,69488.57931848438,70790.680112985,71230.32957026438,122577.02628291746
2026/2027,Oyo,South,SW,14,7512855,1825.1264500000002,1540.20215,1807.7948125000003,1825.1264500000002,1830.9784125,2514.4295999999995,137119.10375514752,115713.1542363825,135817.0029606469,137119.10375514752,137558.7532124269,188905.44992507994
2026/2027,Oyo,South,SW,15,7512855,4470.81055,4185.8862500000005,4453.4789125,4470.81055,4476.6625125,5160.1137,335885.5139462025,314479.56442743755,334583.41315170185,335885.5139462025,336325.1634034819,387671.86011613504
2026/2027,Oyo,South,SW,16,7512855,2002.4772000000003,1717.5529000000001,1985.1455625000003,2002.4772000000003,2008.3291625000002,2691.78035,150443.20844406003,129037.25892529501,149141.1076495594,150443.20844406003,150882.8579013394,202229.5546139925
2026/2027,Oyo,South,SW,17,7512855,1207.5151,922.5908000000001,1190.1834625000001,1207.5151,1213.3670625,1896.8182499999996,90718.858566105,69312.90904734,89416.75777160439,90718.858566105,91158.50802338438,142505.20473603747
2026/2027,Oyo,South,SW,18,7512855,405.76210000000003,120.83780000000002,388.43046250000003,405.76210000000003,411.61406250000005,1095.0652499999997,30484.318217955002,9078.368699190001,29182.217423454375,30484.318217955002,30923.96767523438,82270.66438788747
2026/2027,Oyo,South,SW,19,7512855,53.12365,0.0,35.7920125,53.12365,58.9756125,742.4267999999995,3991.1027952074996,0.0,2689.0020007068747,3991.1027952074996,4430.7522524868755,55777.44896513996
2026/2027,Oyo,South,SW,20,7512855,12.5485,0.0,0.0,12.5485,18.400462500000003,701.8516499999995,942.750609675,0.0,0.0,942.750609675,1382.4000669543752,52729.096779607455
2026/2027,Oyo,South,SW,21,7512855,10.066100000000002,0.0,0.0,10.066100000000002,15.918062500000003,699.3692499999995,756.2514971550002,0.0,0.0,756.2514971550002,1195.900954434375,52542.59766708746
2026/2027,Oyo,South,SW,22,7512855,11.086650000000002,0.0,0.0,11.086650000000002,16.938612500000005,700.3897999999995,832.9239388575002,0.0,0.0,832.9239388575002,1272.5733961368753,52619.27010878996
2026/2027,Oyo,South,SW,23,7512855,24.3966,0.0,7.0649625,24.3966,30.2485625,713.6997499999995,1832.8811829299998,0.0,530.780388429375,1832.8811829299998,2272.530640209375,53619.227352862465
2026/2027,Oyo,South,SW,24,7512855,32.028999999999996,0.0,14.697362499999997,32.028999999999996,37.880962499999995,721.3321499999995,2406.29232795,0.0,1104.1915334493747,2406.29232795,2845.9417852293745,54192.638497882464
2026/2027,Oyo,South,SW,25,7512855,80.20385,0.0,62.8722125,80.20385,86.0558125,769.5069999999995,6025.5989549175,0.0,4723.498160416875,6025.5989549175,6465.248412196875,57811.94512484996
2026/2027,Oyo,South,SW,26,7512855,156.89735000000002,0.0,139.56571250000002,156.89735000000002,162.74931250000003,846.2004999999995,11787.4704043425,0.0,10485.369609841877,11787.4704043425,12227.119861621879,63573.81657427496
2026/2027,Oyo,South,SW,27,7512855,303.55510000000004,18.630800000000022,286.22346250000004,303.55510000000004,309.40706250000005,992.8582499999995,22805.654508105003,1399.7049893400017,21503.55371360438,22805.654508105003,23245.303965384377,74592.00067803747
2026/2027,Oyo,South,SW,28,7512855,457.90375000000006,172.97945000000004,440.57211250000006,457.90375000000006,463.7557125000001,1147.2068999999997,34401.64477706251,12995.695258297503,33099.54398256188,34401.64477706251,34841.294234341876,86187.99094699498
2026/2027,Oyo,South,SW,29,7512855,433.73670000000004,148.81240000000003,416.40506250000004,433.73670000000004,439.58866250000005,1123.0398499999997,32586.009352785,11180.059834020001,31283.908558284376,32586.009352785,33025.65881006438,84372.35552271748
2026/2027,Oyo,South,SW,30,7512855,327.4332,42.50889999999998,310.1015625,327.4332,333.2851625,1016.7363499999994,24599.58153786,3193.6320190949987,23297.480743359374,24599.58153786,25039.230995139376,76385.92770779245
2026/2027,Oyo,South,SW,31,7512855,213.07300000000004,0.0,195.74136250000004,213.07300000000004,218.92496250000005,902.3761499999996,16007.865534150002,0.0,14705.764739649378,16007.865534150002,16447.51499142938,67794.21170408247
2026/2027,Oyo,South,SW,32,7512855,76.19105,0.0,58.859412500000005,76.19105,82.0430125,765.4941999999995,5724.123109477499,0.0,4422.022314976875,5724.123109477499,6163.772566756876,57510.46927940996
2026/2027,Oyo,South,SW,33,7512855,9.86575,0.0,0.0,9.86575,15.717712500000001,699.1688999999996,741.1994921625001,0.0,0.0,741.1994921625001,1180.848949441875,52527.54566209496
2026/2027,Oyo,South,SW,34,7512855,6.9854,0.0,0.0,6.9854,12.837362500000001,696.2885499999995,524.80297317,0.0,0.0,524.80297317,964.452430449375,52311.14914310246
2026/2027,Oyo,South,SW,35,7512855,7.3581,0.0,0.0,7.3581,13.210062500000001,696.6612499999995,552.803383755,0.0,0.0,552.803383755,992.4528410343752,52339.149553687465
2026/2027,Oyo,South,SW,36,7512855,6.160450000000001,0.0,0.0,6.160450000000001,12.012412500000002,695.4635999999995,462.82567584750007,0.0,0.0,462.82567584750007,902.4751331268751,52249.171845779965
2026/2027,Oyo,South,SW,37,7512855,6.392100000000001,0.0,0.0,6.392100000000001,12.244062500000002,695.6952499999995,480.2292044550001,0.0,0.0,480.2292044550001,919.8786617343752,52266.57537438747
2026/2027,Oyo,South,SW,38,7512855,5.3642,0.0,0.0,5.3642,11.216162500000001,694.6673499999995,403.00456791,0.0,0.0,403.00456791,842.6540251893751,52189.35073784246
2026/2027,Oyo,South,SW,39,7512855,6.67425,0.0,0.0,6.67425,12.5262125,695.9773999999995,501.4267248375,0.0,0.0,501.4267248375,941.0761821168751,52287.772894769965
2026/2027,Oyo,South,SW,40,7512855,5.4511,0.0,0.0,5.4511,11.303062500000001,694.7542499999995,409.533238905,0.0,0.0,409.533238905,849.1826961843751,52195.87940883746
2026/2027,Oyo,South,SW,41,7512855,6.1137999999999995,0.0,0.0,6.1137999999999995,11.9657625,695.4169499999995,459.32092898999997,0.0,0.0,459.32092898999997,898.9703862693751,52245.667098922466
2026/2027,Oyo,South,SW,42,7512855,4.0902,0.0,0.0,4.0902,9.942162500000002,693.3933499999995,307.29079521,0.0,0.0,307.29079521,746.9402524893752,52093.63696514246
2026/2027,Oyo,South,SW,43,7512855,6.2087,0.0,0.0,6.2087,12.060662500000001,695.5118499999995,466.450628385,0.0,0.0,466.450628385,906.1000856643751,52252.79679831746
2026/2027,Oyo,South,SW,44,7512855,4.5959,0.0,0.0,4.5959,10.447862500000001,693.8990499999995,345.283302945,0.0,0.0,345.283302945,784.9327602243751,52131.62947287747
2026/2027,Oyo,South,SW,45,7512855,5.491949999999999,0.0,0.0,5.491949999999999,11.3439125,694.7950999999995,412.60224017249993,0.0,0.0,412.60224017249993,852.2516974518751,52198.94841010496
2026/2027,Oyo,South,SW,46,7512855,4.0936,0.0,0.0,4.0936,9.945562500000001,693.3967499999995,307.54623228,0.0,0.0,307.54623228,747.1956895593751,52093.89240221247
2026/2027,Oyo,South,SW,47,7512855,6.737050000000001,0.0,0.0,6.737050000000001,12.589012500000003,696.0401999999995,506.14479777750006,0.0,0.0,506.14479777750006,945.7942550568752,52292.490967709964
2026/2027,Oyo,South,SW,48,7512855,4.0832500000000005,0.0,0.0,4.0832500000000005,9.935212500000002,693.3863999999995,306.76865178750006,0.0,0.0,306.76865178750006,746.4181090668751,52093.11482171996
2026/2027,Oyo,South,SW,49,7512855,4.4861,0.0,0.0,4.4861,10.338062500000001,693.7892499999995,337.03418815500004,0.0,0.0,337.03418815500004,776.6836454343751,52123.38035808747
2026/2027,Oyo,South,SW,50,7512855,7.811850000000001,0.0,0.0,7.811850000000001,13.663812500000002,697.1149999999996,586.8929633175001,0.0,0.0,586.8929633175001,1026.5424205968752,52373.23913324997
2026/2027,Oyo,South,SW,51,7512855,6.831900000000001,0.0,0.0,6.831900000000001,12.683862500000002,696.1350499999995,513.2707407450001,0.0,0.0,513.2707407450001,952.9201980243752,52299.61691067746
2026/2027,Oyo,South,SW,52,7512855,5.2481,0.0,0.0,5.2481,11.1000625,694.5512499999995,394.28214325499994,0.0,0.0,394.28214325499994,833.931600534375,52180.628313187466
2026/2027,Plateau,North,NC,1,5400974,31.717100000000002,0.0,14.385462500000003,31.717100000000002,37.5690625,721.0202499999995,1713.0323245540003,0.0,776.9550894047502,1713.0323245540003,2029.09529766875,38942.11623723497
2026/2027,Plateau,North,NC,2,5400974,6.287850000000001,0.0,0.0,6.287850000000001,12.139812500000001,695.5909999999996,339.605143659,0.0,0.0,339.605143659,655.6681167737501,37568.68905633997
2026/2027,Plateau,North,NC,3,5400974,10.02575,0.0,0.0,10.02575,15.877712500000001,699.3288999999995,541.488150805,0.0,0.0,541.488150805,857.55112391975,37770.572063485975
2026/2027,Plateau,North,NC,4,5400974,8.966800000000001,0.0,0.0,8.966800000000001,14.818762500000002,698.2699499999995,484.2945366320001,0.0,0.0,484.2945366320001,800.3575097467501,37713.37844931297
2026/2027,Plateau,North,NC,5,5400974,7.314300000000001,0.0,0.0,7.314300000000001,13.166262500000002,696.6174499999995,395.0434412820001,0.0,0.0,395.0434412820001,711.10641439675,37624.12735396298
2026/2027,Plateau,North,NC,6,5400974,5.7006000000000006,0.0,0.0,5.7006000000000006,11.5525625,695.0037499999995,307.887923844,0.0,0.0,307.887923844,623.95089695875,37536.97183652497
2026/2027,Plateau,North,NC,7,5400974,10.3081,0.0,0.0,10.3081,16.160062500000002,699.6112499999995,556.737800894,0.0,0.0,556.737800894,872.8007740087502,37785.82171357497
2026/2027,Plateau,North,NC,8,5400974,6.5239,0.0,0.0,6.5239,12.3758625,695.8270499999995,352.354142786,0.0,0.0,352.354142786,668.41711590075,37581.43805546698
2026/2027,Plateau,North,NC,9,5400974,9.563500000000001,0.0,0.0,9.563500000000001,15.415462500000002,698.8666499999995,516.5221484900001,0.0,0.0,516.5221484900001,832.5851216047502,37745.606061170976
2026/2027,Plateau,North,NC,10,5400974,20.61375,0.0,3.2821125,20.61375,26.465712500000002,709.9168999999995,1113.343277925,0.0,177.26604277575,1113.343277925,1429.40625103975,38342.42719060597
2026/2027,Plateau,North,NC,11,5400974,41.722,0.0,24.390362500000002,41.722,47.5739625,731.0251499999995,2253.39437228,0.0,1317.31713713075,2253.39437228,2569.45734539475,39482.47828496097
2026/2027,Plateau,North,NC,12,5400974,75.58195,0.0,58.25031250000001,75.58195,81.4339125,764.8850999999995,4082.1614681930005,0.0,3146.0842330437504,4082.1614681930005,4398.224441307751,41311.245380873974
2026/2027,Plateau,North,NC,13,5400974,183.1695,0.0,165.8378625,183.1695,189.0214625,872.4726499999995,9892.93707093,0.0,8956.859835780751,9892.93707093,10209.000044044751,47122.02098361097
2026/2027,Plateau,North,NC,14,5400974,780.0373000000001,495.11300000000006,762.7056625,780.0373000000001,785.8892625000001,1469.3404499999997,42129.611763302004,26740.924400620002,41193.534528152755,42129.611763302004,42445.67473641675,79358.69567598298
2026/2027,Plateau,North,NC,15,5400974,1416.3896,1131.4652999999998,1399.0579625,1416.3896,1422.2415624999999,2105.6927499999993,76498.83403470399,61110.14667202199,75562.75679955474,76498.83403470399,76814.89700781874,113727.91794738497
2026/2027,Plateau,North,NC,16,5400974,1846.903,1561.9787000000001,1829.5713625,1846.903,1852.7549625,2536.2061499999995,99750.75083522,84362.06347253801,98814.67360007076,99750.75083522,100066.81380833474,136979.83474790098
2026/2027,Plateau,North,NC,17,5400974,2206.2864000000004,1921.3621000000003,2188.9547625000005,2206.2864000000004,2212.1383625000003,2895.5895499999997,119160.95482953601,103772.26746685401,118224.87759438677,119160.95482953601,119477.01780265078,156390.03874221697
2026/2027,Plateau,North,NC,18,5400974,1601.9362500000002,1317.01195,1584.6046125000003,1601.9362500000002,1607.7882125,2291.2393999999995,86520.16035907502,71131.472996393,85584.08312392577,86520.16035907502,86836.22333218975,123749.24427175596
2026/2027,Plateau,North,NC,19,5400974,332.47825,47.553949999999986,315.1466125,332.47825,338.3302125,1021.7813999999995,17957.063838155,2568.376475472999,17020.98660300575,17957.063838155,18273.12681126975,55186.147750835975
2026/2027,Plateau,North,NC,20,5400974,54.34395000000001,0.0,37.01231250000001,54.34395000000001,60.195912500000006,743.6470999999995,2935.102610073,0.0,1999.0253749237504,2935.102610073,3251.1655831877506,40164.18652275397
2026/2027,Plateau,North,NC,21,5400974,27.757200000000005,0.0,10.425562500000005,27.757200000000005,33.609162500000004,717.0603499999995,1499.1591551280003,0.0,563.0819199787503,1499.1591551280003,1815.2221282427502,38728.24306780897
2026/2027,Plateau,North,NC,22,5400974,19.5069,0.0,2.1752625000000023,19.5069,25.3588625,708.8100499999995,1053.5625972060002,0.0,117.48536205675013,1053.5625972060002,1369.6255703207503,38282.646509886974
2026/2027,Plateau,North,NC,23,5400974,48.778400000000005,0.0,31.446762500000006,48.778400000000005,54.630362500000004,738.0815499999995,2634.508701616,0.0,1698.4314664667502,2634.508701616,2950.57167473075,39863.59261429698
2026/2027,Plateau,North,NC,24,5400974,77.30005,0.0,59.9684125,77.30005,83.1520125,766.6031999999996,4174.955602487,0.0,3238.87836733775,4174.955602487,4491.01857560175,41404.03951516798
2026/2027,Plateau,North,NC,25,5400974,115.8467,0.0,98.5150625,115.8467,121.6986625,805.1498499999996,6256.850146858,0.0,5320.77291170875,6256.850146858,6572.91311997275,43485.93405953897
2026/2027,Plateau,North,NC,26,5400974,218.86700000000002,0.0,201.53536250000002,218.86700000000002,224.71896250000003,908.1701499999995,11820.949764580002,0.0,10884.872529430751,11820.949764580002,12137.012737694753,49050.03367726097
2026/2027,Plateau,North,NC,27,5400974,668.7305500000001,383.8062500000001,651.3989125,668.7305500000001,674.5825125000001,1358.0336999999995,36117.96313555701,20729.275772875004,35181.88590040775,36117.96313555701,36434.02610867176,73347.04704823798
2026/2027,Plateau,North,NC,28,5400974,749.6034000000001,464.67910000000006,732.2717625,749.6034000000001,755.4553625000001,1438.9065499999997,40485.884737116,25097.197374434003,39549.80750196675,40485.884737116,40801.94771023076,77714.96864979698
2026/2027,Plateau,North,NC,29,5400974,1005.88725,720.96295,988.5556125,1005.88725,1011.7392125,1695.1903999999995,54327.708841815,38939.021479133,53391.63160666575,54327.708841815,54643.77181492975,91556.79275449597
2026/2027,Plateau,North,NC,30,5400974,751.6227,466.6984,734.2910625,751.6227,757.4746625,1440.9258499999996,40594.946605098,25206.259242416,39658.86936994875,40594.946605098,40911.009578212754,77824.03051777899
2026/2027,Plateau,North,NC,31,5400974,176.1311,0.0,158.7994625,176.1311,181.98306250000002,865.4342499999996,9512.794916914001,0.0,8576.71768176475,9512.794916914001,9828.85789002875,46741.87882959498
2026/2027,Plateau,North,NC,32,5400974,55.8827,0.0,38.5510625,55.8827,61.7346625,745.1858499999995,3018.2100974980003,0.0,2082.1328623487498,3018.2100974980003,3334.27307061275,40247.29401017897
2026/2027,Plateau,North,NC,33,5400974,13.984750000000002,0.0,0.0,13.984750000000002,19.836712500000004,703.2878999999995,755.312711465,0.0,0.0,755.312711465,1071.3756845797502,37984.39662414597
2026/2027,Plateau,North,NC,34,5400974,7.4995,0.0,0.0,7.4995,13.3514625,696.8026499999995,405.04604513000004,0.0,0.0,405.04604513000004,721.10901824475,37634.129957810976
2026/2027,Plateau,North,NC,35,5400974,5.91305,0.0,0.0,5.91305,11.765012500000001,695.2161999999995,319.36229310699997,0.0,0.0,319.36229310699997,635.4252662217501,37548.44620578797
2026/2027,Plateau,North,NC,36,5400974,5.2046,0.0,0.0,5.2046,11.056562500000002,694.5077499999995,281.099092804,0.0,0.0,281.099092804,597.16206591875,37510.18300548498
2026/2027,Plateau,North,NC,37,5400974,11.40155,0.0,0.0,11.40155,17.2535125,700.7046999999995,615.794751097,0.0,0.0,615.794751097,931.85772421175,37844.87866377798
2026/2027,Plateau,North,NC,38,5400974,6.66265,0.0,0.0,6.66265,12.514612500000002,695.9657999999995,359.84799421099996,0.0,0.0,359.84799421099996,675.9109673257501,37588.93190689197
2026/2027,Plateau,North,NC,39,5400974,8.253250000000001,0.0,0.0,8.253250000000001,14.105212500000002,697.5563999999995,445.7558866550001,0.0,0.0,445.7558866550001,761.8188597697501,37674.83979933597
2026/2027,Plateau,North,NC,40,5400974,5.89745,0.0,0.0,5.89745,11.749412500000002,695.2005999999996,318.519741163,0.0,0.0,318.519741163,634.5827142777501,37547.60365384397
2026/2027,Plateau,North,NC,41,5400974,8.841149999999999,0.0,0.0,8.841149999999999,14.6931125,698.1442999999995,477.50821280099996,0.0,0.0,477.50821280099996,793.57118591575,37706.59212548197
2026/2027,Plateau,North,NC,42,5400974,9.219899999999999,0.0,0.0,9.219899999999999,15.0718625,698.5230499999996,497.9644018259999,0.0,0.0,497.9644018259999,814.02737494075,37727.048314506974
2026/2027,Plateau,North,NC,43,5400974,7.535550000000001,0.0,0.0,7.535550000000001,13.387512500000001,696.8386999999996,406.99309625700005,0.0,0.0,406.99309625700005,723.05606937175,37636.07700893798
2026/2027,Plateau,North,NC,44,5400974,7.5474000000000006,0.0,0.0,7.5474000000000006,13.399362500000002,696.8505499999995,407.63311167600006,0.0,0.0,407.63311167600006,723.6960847907501,37636.71702435698
2026/2027,Plateau,North,NC,45,5400974,8.5966,0.0,0.0,8.5966,14.448562500000001,697.8997499999995,464.300130884,0.0,0.0,464.300130884,780.36310399875,37693.384043564976
2026/2027,Plateau,North,NC,46,5400974,7.19425,0.0,0.0,7.19425,13.046212500000001,696.4973999999995,388.559571995,0.0,0.0,388.559571995,704.62254510975,37617.64348467597
2026/2027,Plateau,North,NC,47,5400974,6.8574,0.0,0.0,6.8574,12.709362500000001,696.1605499999995,370.366391076,0.0,0.0,370.366391076,686.4293641907501,37599.450303756974
2026/2027,Plateau,North,NC,48,5400974,4.4101,0.0,0.0,4.4101,10.2620625,693.7132499999996,238.18835437399997,0.0,0.0,238.18835437399997,554.2513274887501,37467.27226705498
2026/2027,Plateau,North,NC,49,5400974,6.559950000000001,0.0,0.0,6.559950000000001,12.411912500000001,695.8630999999995,354.301193913,0.0,0.0,354.301193913,670.3641670277501,37583.385106593974
2026/2027,Plateau,North,NC,50,5400974,6.9993,0.0,0.0,6.9993,12.8512625,696.3024499999995,378.030373182,0.0,0.0,378.030373182,694.09334629675,37607.11428586297
2026/2027,Plateau,North,NC,51,5400974,7.6011500000000005,0.0,0.0,7.6011500000000005,13.453112500000001,696.9042999999995,410.53613520100004,0.0,0.0,410.53613520100004,726.5991083157501,37639.620047881974
2026/2027,Plateau,North,NC,52,5400974,8.8279,0.0,0.0,8.8279,14.6798625,698.1310499999995,476.792583746,0.0,0.0,476.792583746,792.85555686075,37705.87649642697
2026/2027,Rivers,South,SS,1,7234973,19.17115,0.0,1.8395125000000014,19.17115,25.023112500000003,708.4742999999995,1387.0275262895,0.0,133.08823270662512,1387.0275262895,1810.4154331346253,51257.92431693897
2026/2027,Rivers,South,SS,2,7234973,4.244400000000001,0.0,0.0,4.244400000000001,10.096362500000001,693.5475499999995,307.081194012,0.0,0.0,307.081194012,730.4691008571251,50177.97798466146
2026/2027,Rivers,South,SS,3,7234973,5.00265,0.0,0.0,5.00265,10.854612500000002,694.3057999999995,361.9403767845,0.0,0.0,361.9403767845,785.3282836296252,50232.837167433965
2026/2027,Rivers,South,SS,4,7234973,4.8152,0.0,0.0,4.8152,10.6671625,694.1183499999995,348.378419896,0.0,0.0,348.378419896,771.766326741125,50219.275210545464
2026/2027,Rivers,South,SS,5,7234973,4.96935,0.0,0.0,4.96935,10.821312500000001,694.2724999999995,359.5311307755,0.0,0.0,359.5311307755,782.9190376206251,50230.42792142496
2026/2027,Rivers,South,SS,6,7234973,5.5829,0.0,0.0,5.5829,11.434862500000001,694.8860499999995,403.921307617,0.0,0.0,403.921307617,827.3092144621252,50274.81809826647
2026/2027,Rivers,South,SS,7,7234973,9.12125,0.0,0.0,9.12125,14.9732125,698.4243999999995,659.9199747625,0.0,0.0,659.9199747625,1083.307881607625,50530.81676541197
2026/2027,Rivers,South,SS,8,7234973,8.16735,0.0,0.0,8.16735,14.019312500000002,697.4704999999996,590.9055673155001,0.0,0.0,590.9055673155001,1014.2934741606252,50461.80235796497
2026/2027,Rivers,South,SS,9,7234973,15.868050000000002,0.0,0.0,15.868050000000002,21.720012500000003,705.1711999999995,1148.0491331265,0.0,0.0,1148.0491331265,1571.4370399716252,51018.945923775966
2026/2027,Rivers,South,SS,10,7234973,32.2826,0.0,14.950962500000003,32.2826,38.1345625,721.5857499999995,2335.637393698,0.0,1081.6981001151253,2335.637393698,2759.0253005431255,52206.53418434747
2026/2027,Rivers,South,SS,11,7234973,89.2207,0.0,71.8890625,89.2207,95.07266249999999,778.5238499999995,6455.093555410999,0.0,5201.154261828125,6455.093555410999,6878.481462256124,56325.990346060455
2026/2027,Rivers,South,SS,12,7234973,309.3405,24.416200000000003,292.0088625,309.3405,315.19246250000003,998.6436499999995,22380.701653065,1766.5054776260004,21126.762359482127,22380.701653065,22804.089559910124,72251.59844371447
2026/2027,Rivers,South,SS,13,7234973,677.87865,392.95435,660.5470124999999,677.87865,683.7306125,1367.1817999999994,49044.3373002645,28430.141124825495,47790.39800668162,49044.3373002645,49467.72520710962,98915.23409091396
2026/2027,Rivers,South,SS,14,7234973,1483.40625,1198.4819499999999,1466.0746125,1483.40625,1489.2582125,2172.7093999999997,107324.0416678125,86709.84549237348,106070.10237422962,107324.0416678125,107747.42957465761,157194.93845846198
2026/2027,Rivers,South,SS,15,7234973,3004.8204,2719.8961,2987.4887625,3004.8204,3010.6723625,3694.1235499999993,217397.94463849202,196783.74846305297,216144.00534490912,217397.94463849202,217821.3325453371,267268.84142914147
2026/2027,Rivers,South,SS,16,7234973,1975.3466500000002,1690.4223500000003,1958.0150125000002,1975.3466500000002,1981.1986125,2664.6497999999997,142915.79678390452,122301.60060846552,141661.85749032165,142915.79678390452,143339.18469074962,192786.693574554
2026/2027,Rivers,South,SS,17,7234973,1771.3685,1486.4442,1754.0368625,1771.3685,1777.2204625,2460.6716499999993,128158.03270550501,107543.836530066,126904.09341192213,128158.03270550501,128581.42061235012,178028.92949615445
2026/2027,Rivers,South,SS,18,7234973,327.90545,42.98114999999996,310.5738125,327.90545,333.7574125,1017.2085999999995,23723.8707730285,3109.674597589497,22469.931479445626,23723.8707730285,24147.258679873623,73594.76756367796
2026/2027,Rivers,South,SS,19,7234973,72.91740000000001,0.0,55.585762500000016,72.91740000000001,78.76936250000001,762.2205499999995,5275.554202302001,0.0,4021.614908719126,5275.554202302001,5698.942109147126,55146.45099295147
2026/2027,Rivers,South,SS,20,7234973,13.369250000000001,0.0,0.0,13.369250000000001,19.2212125,702.6723999999995,967.2616278025001,0.0,0.0,967.2616278025001,1390.6495346476252,50838.15841845196
2026/2027,Rivers,South,SS,21,7234973,14.194799999999999,0.0,0.0,14.194799999999999,20.0467625,703.4979499999995,1026.9899474039998,0.0,0.0,1026.9899474039998,1450.3778542491252,50897.886738053465
2026/2027,Rivers,South,SS,22,7234973,14.94415,0.0,0.0,14.94415,20.7961125,704.2472999999995,1081.2052175795002,0.0,0.0,1081.2052175795002,1504.593124424625,50952.10200822897
2026/2027,Rivers,South,SS,23,7234973,22.316399999999998,0.0,4.984762499999999,22.316399999999998,28.1683625,711.6195499999995,1614.585514572,0.0,360.6462209891249,1614.585514572,2037.973421417125,51485.48230522147
2026/2027,Rivers,South,SS,24,7234973,55.52605,0.0,38.1944125,55.52605,61.3780125,744.8291999999994,4017.2947254665,0.0,2763.355431883625,4017.2947254665,4440.682632311625,53888.19151611596
2026/2027,Rivers,South,SS,25,7234973,91.68030000000002,0.0,74.34866250000002,91.68030000000002,97.53226250000002,780.9834499999995,6633.044951319001,0.0,5379.105657736126,6633.044951319001,7056.432858164126,56503.94174196846
2026/2027,Rivers,South,SS,26,7234973,166.2224,0.0,148.8907625,166.2224,172.0743625,855.5255499999995,12026.145759952,0.0,10772.206466369124,12026.145759952,12449.533666797126,61897.042550601465
2026/2027,Rivers,South,SS,27,7234973,312.35805,27.433749999999975,295.0264125,312.35805,318.2100125,1001.6611999999996,22599.0205808265,1984.8244053874982,21345.081287243625,22599.0205808265,23022.408487671622,72469.91737147597
2026/2027,Rivers,South,SS,28,7234973,386.4684500000001,101.54415000000006,369.1368125000001,386.4684500000001,392.3204125000001,1075.7715999999996,27960.888011018505,7346.691835579504,26706.948717435633,27960.888011018505,28384.27591786363,77831.78480166796
2026/2027,Rivers,South,SS,29,7234973,367.14475000000004,82.22045000000003,349.81311250000005,367.14475000000004,372.99671250000006,1056.4478999999997,26562.8235334175,5948.627357978503,25308.884239834628,26562.8235334175,26986.21144026263,76433.72032406698
2026/2027,Rivers,South,SS,30,7234973,350.25500000000005,65.33070000000004,332.92336250000005,350.25500000000005,356.10696250000007,1039.5581499999996,25340.854681150002,4726.658505711002,24086.91538756713,25340.854681150002,25764.24258799513,75211.75147179946
2026/2027,Rivers,South,SS,31,7234973,78.82130000000001,0.0,61.48966250000001,78.82130000000001,84.6732625,768.1244499999996,5702.699773249,0.0,4448.760479666125,5702.699773249,6126.087680094125,55573.59656389847
2026/2027,Rivers,South,SS,32,7234973,45.36395,0.0,28.032312500000003,45.36395,51.2159125,734.6670999999996,3282.0695342335002,0.0,2028.1302406506252,3282.0695342335002,3705.4574410786254,53152.96632488297
2026/2027,Rivers,South,SS,33,7234973,10.27585,0.0,0.0,10.27585,16.1278125,699.5789999999995,743.4549730204999,0.0,0.0,743.4549730204999,1166.842879865625,50614.35176366997
2026/2027,Rivers,South,SS,34,7234973,6.72245,0.0,0.0,6.72245,12.574412500000001,696.0255999999995,486.3674424385,0.0,0.0,486.3674424385,909.755349283625,50357.26423308796
2026/2027,Rivers,South,SS,35,7234973,3.9516999999999998,0.0,0.0,3.9516999999999998,9.803662500000002,693.2548499999995,285.904428041,0.0,0.0,285.904428041,709.2923348861252,50156.80121869046
2026/2027,Rivers,South,SS,36,7234973,3.0744000000000002,0.0,0.0,3.0744000000000002,8.926362500000002,692.3775499999995,222.432009912,0.0,0.0,222.432009912,645.8199167571252,50093.32880056147
2026/2027,Rivers,South,SS,37,7234973,4.4453000000000005,0.0,0.0,4.4453000000000005,10.297262500000002,693.7484499999995,321.616254769,0.0,0.0,321.616254769,745.0041616141252,50192.51304541846
2026/2027,Rivers,South,SS,38,7234973,4.65995,0.0,0.0,4.65995,10.511912500000001,693.9630999999995,337.1461243135,0.0,0.0,337.1461243135,760.534031158625,50208.042914962956
2026/2027,Rivers,South,SS,39,7234973,5.553050000000001,0.0,0.0,5.553050000000001,11.405012500000002,694.8561999999995,401.76166817650005,0.0,0.0,401.76166817650005,825.1495750216252,50272.65845882596
2026/2027,Rivers,South,SS,40,7234973,5.3334,0.0,0.0,5.3334,11.1853625,694.6365499999995,385.870049982,0.0,0.0,385.870049982,809.257956827125,50256.76684063146
2026/2027,Rivers,South,SS,41,7234973,5.239000000000001,0.0,0.0,5.239000000000001,11.090962500000002,694.5421499999995,379.0402354700001,0.0,0.0,379.0402354700001,802.4281423151251,50249.93702611947
2026/2027,Rivers,South,SS,42,7234973,3.58985,0.0,0.0,3.58985,9.441812500000001,692.8929999999995,259.7246782405,0.0,0.0,259.7246782405,683.112585085625,50130.62146888996
2026/2027,Rivers,South,SS,43,7234973,5.6508,0.0,0.0,5.6508,11.502762500000001,694.9539499999995,408.83385428400004,0.0,0.0,408.83385428400004,832.2217611291251,50279.730644933465
2026/2027,Rivers,South,SS,44,7234973,4.732000000000001,0.0,0.0,4.732000000000001,10.583962500000002,694.0351499999995,342.35892236000007,0.0,0.0,342.35892236000007,765.7468292051251,50213.255713009465
2026/2027,Rivers,South,SS,45,7234973,7.58555,0.0,0.0,7.58555,13.4375125,696.8886999999995,548.8124944015,0.0,0.0,548.8124944015,972.200401246625,50419.709285050965
2026/2027,Rivers,South,SS,46,7234973,6.0322000000000005,0.0,0.0,6.0322000000000005,11.884162500000002,695.3353499999995,436.42804130600007,0.0,0.0,436.42804130600007,859.8159481511252,50307.32483195546
2026/2027,Rivers,South,SS,47,7234973,4.54975,0.0,0.0,4.54975,10.401712500000002,693.8528999999995,329.1731840675001,0.0,0.0,329.1731840675001,752.5610909126252,50200.06997471697
2026/2027,Rivers,South,SS,48,7234973,4.85365,0.0,0.0,4.85365,10.7056125,694.1567999999995,351.1602670145,0.0,0.0,351.1602670145,774.548173859625,50222.057057663966
2026/2027,Rivers,South,SS,49,7234973,4.935700000000001,0.0,0.0,4.935700000000001,10.787662500000001,694.2388499999995,357.09656236100005,0.0,0.0,357.09656236100005,780.4844692061251,50227.99335301046
2026/2027,Rivers,South,SS,50,7234973,6.913600000000001,0.0,0.0,6.913600000000001,12.765562500000001,696.2167499999995,500.197093328,0.0,0.0,500.197093328,923.5850001731251,50371.09388397746
2026/2027,Rivers,South,SS,51,7234973,6.968150000000001,0.0,0.0,6.968150000000001,12.820112500000002,696.2712999999995,504.14377109950016,0.0,0.0,504.14377109950016,927.5316779446251,50375.04056174896
2026/2027,Rivers,South,SS,52,7234973,4.0809500000000005,0.0,0.0,4.0809500000000005,9.9329125,693.3840999999995,295.25563064350007,0.0,0.0,295.25563064350007,718.643537488625,50166.152421292965
2026/2027,Sokoto,North,NW,1,6163187,29.86515,0.0,12.5335125,29.86515,35.7171125,719.1682999999995,1840.6450423304998,0.0,772.463813043375,1840.6450423304998,2201.312434375375,44323.68717372097
2026/2027,Sokoto,North,NW,2,6163187,8.13045,0.0,0.0,8.13045,13.9824125,697.4335999999995,501.0948374415,0.0,0.0,501.0948374415,861.762229486375,42984.13696883197
2026/2027,Sokoto,North,NW,3,6163187,10.0823,0.0,0.0,10.0823,15.9342625,699.3854499999995,621.391002901,0.0,0.0,621.391002901,982.0583949458751,43104.43313429147
2026/2027,Sokoto,North,NW,4,6163187,11.3765,0.0,0.0,11.3765,17.2284625,700.6796499999995,701.1549690549999,0.0,0.0,701.1549690549999,1061.822361099875,43184.19710044547
2026/2027,Sokoto,North,NW,5,6163187,6.10065,0.0,0.0,6.10065,11.9526125,695.4037999999995,375.9944677155,0.0,0.0,375.9944677155,736.661859760375,42859.036599105966
2026/2027,Sokoto,North,NW,6,6163187,10.367450000000002,0.0,0.0,10.367450000000002,16.219412500000004,699.6705999999995,638.9653306315001,0.0,0.0,638.9653306315001,999.6327226763752,43122.00746202197
2026/2027,Sokoto,North,NW,7,6163187,11.924750000000001,0.0,0.0,11.924750000000001,17.776712500000002,701.2278999999995,734.9446417825002,0.0,0.0,734.9446417825002,1095.6120338273752,43217.98677317297
2026/2027,Sokoto,North,NW,8,6163187,9.568950000000001,0.0,0.0,9.568950000000001,15.420912500000002,698.8720999999995,589.7522824365001,0.0,0.0,589.7522824365001,950.4196744813751,43072.794413826974
2026/2027,Sokoto,North,NW,9,6163187,11.997100000000001,0.0,0.0,11.997100000000001,17.849062500000002,701.3002499999996,739.4037075770001,0.0,0.0,739.4037075770001,1100.0710996218752,43222.44583896748
2026/2027,Sokoto,North,NW,10,6163187,9.59345,0.0,0.0,9.59345,15.445412500000002,698.8965999999995,591.2622632515,0.0,0.0,591.2622632515,951.9296552963751,43074.30439464197
2026/2027,Sokoto,North,NW,11,6163187,20.80155,0.0,3.4699124999999995,20.80155,26.653512499999998,710.1046999999995,1282.0384253985,0.0,213.85719611137498,1282.0384253985,1642.705817443375,43765.08055678897
2026/2027,Sokoto,North,NW,12,6163187,22.94925,0.0,5.6176125,22.94925,28.8012125,712.2523999999995,1414.4051925975,0.0,346.223963310375,1414.4051925975,1775.0725846423747,43897.44732398797
2026/2027,Sokoto,North,NW,13,6163187,38.53215,0.0,21.200512500000002,38.53215,44.3841125,727.8352999999995,2374.8084596205003,0.0,1306.627230333375,2374.8084596205003,2735.475851665375,44857.850591010974
2026/2027,Sokoto,North,NW,14,6163187,98.0021,0.0,80.6704625,98.0021,103.8540625,787.3052499999995,6040.052686927001,0.0,4971.871457639875,6040.052686927001,6400.7200789718745,48523.09481831747
2026/2027,Sokoto,North,NW,15,6163187,328.4203,43.49599999999998,311.0886625,328.4203,334.2722625,1017.7234499999995,20241.157234961,2680.7398175199987,19172.976005673874,20241.157234961,20601.824627005873,62724.19936635147
2026/2027,Sokoto,North,NW,16,6163187,776.97545,492.05115,759.6438125,776.97545,782.8274125,1466.2785999999996,47886.44992759151,30326.0325101505,46818.268698304375,47886.44992759151,48247.117319636374,90369.49205898197
2026/2027,Sokoto,North,NW,17,6163187,1254.8296500000001,969.9053500000001,1237.4980125000002,1254.8296500000001,1260.6816125,1944.1327999999996,77337.49786094551,59777.08044350451,76269.31663165838,77337.49786094551,77698.16525299038,119820.53999233597
2026/2027,Sokoto,North,NW,18,6163187,1956.46355,1671.5392499999998,1939.1319125,1956.46355,1962.3155124999998,2645.766699999999,120580.50717333848,103020.08975589748,119512.32594405138,120580.50717333848,120941.17456538336,163063.54930472895
2026/2027,Sokoto,North,NW,19,6163187,1602.4728,1317.5484999999999,1585.1411625,1602.4728,1608.3247625,2291.7759499999993,98763.395288136,81202.97787069499,97695.21405884888,98763.395288136,99124.06268018087,141246.43741952645
2026/2027,Sokoto,North,NW,20,6163187,390.7952,105.8709,373.4635625,390.7952,396.64716250000004,1080.0983499999995,24085.438963024,6525.021545583,23017.25773373688,24085.438963024,24446.106355068878,66568.48109441447
2026/2027,Sokoto,North,NW,21,6163187,101.65990000000001,0.0,84.32826250000001,101.65990000000001,107.5118625,790.9630499999995,6265.489741013,0.0,5197.308511725876,6265.489741013,6626.157133057875,48748.531872403466
2026/2027,Sokoto,North,NW,22,6163187,48.43475000000001,0.0,31.10311250000001,48.43475000000001,54.28671250000001,737.7378999999995,2985.124215482501,0.0,1916.9429861953756,2985.124215482501,3345.791607527375,45468.16634687297
2026/2027,Sokoto,North,NW,23,6163187,57.696200000000005,0.0,40.364562500000005,57.696200000000005,63.548162500000004,746.9993499999995,3555.9246978940005,0.0,2487.7434686068755,3555.9246978940005,3916.5920899388752,46038.966829284465
2026/2027,Sokoto,North,NW,24,6163187,78.60225,0.0,61.2706125,78.60225,84.4542125,767.9053999999995,4844.4036537075,0.0,3776.2224244203744,4844.4036537075,5205.071045752375,47327.445785097974
2026/2027,Sokoto,North,NW,25,6163187,169.38550000000004,0.0,152.05386250000004,169.38550000000004,175.23746250000005,858.6886499999996,10439.545115885003,0.0,9371.363886597877,10439.545115885003,10800.212507929878,52922.58724727548
2026/2027,Sokoto,North,NW,26,6163187,494.83785,209.91355,477.5062125,494.83785,500.6898125,1184.1409999999996,30497.7820422795,12937.3646248385,29429.600812992376,30497.7820422795,30858.449434324375,72980.82417366997
2026/2027,Sokoto,North,NW,27,6163187,458.77785000000006,173.85355000000004,441.44621250000006,458.77785000000006,464.62981250000007,1148.0809999999997,28275.3368100795,10714.919392638501,27207.15558079238,28275.3368100795,28636.004202124383,70758.37894146999
2026/2027,Sokoto,North,NW,28,6163187,1123.8788500000003,838.9545500000003,1106.5472125000003,1123.8788500000003,1129.7308125000002,1813.1819999999998,69266.75517894952,51706.33776150851,68198.5739496624,69266.75517894952,69627.42257099439,111749.79731033999
2026/2027,Sokoto,North,NW,29,6163187,724.1449000000001,439.2206000000001,706.8132625000001,724.1449000000001,729.9968625000001,1413.4480499999995,44630.40433796301,27069.98692052201,43562.223108675884,44630.40433796301,44991.07173000789,87113.44646935347
2026/2027,Sokoto,North,NW,30,6163187,398.97305000000006,114.04875000000004,381.64141250000006,398.97305000000006,404.82501250000007,1088.2761999999996,24589.455151103502,7029.037733662502,23521.273921816377,24589.455151103502,24950.12254314838,67072.49728249398
2026/2027,Sokoto,North,NW,31,6163187,255.98275,0.0,238.6511125,255.98275,261.8347125,945.2858999999995,15776.6955702425,0.0,14708.514340955377,15776.6955702425,16137.362962287376,58259.73770163297
2026/2027,Sokoto,North,NW,32,6163187,106.54039999999999,0.0,89.20876249999999,106.54039999999999,112.39236249999999,795.8435499999995,6566.284082548,0.0,5498.102853260874,6566.284082548,6926.951474592874,49049.32621393847
2026/2027,Sokoto,North,NW,33,6163187,24.014200000000002,0.0,6.682562500000003,24.014200000000002,29.8661625,713.3173499999995,1480.040052554,0.0,411.8588232668752,1480.040052554,1840.707444598875,43963.08218394446
2026/2027,Sokoto,North,NW,34,6163187,8.046850000000001,0.0,0.0,8.046850000000001,13.898812500000002,697.3499999999995,495.9424131095,0.0,0.0,495.9424131095,856.6098051543752,42978.98454449997
2026/2027,Sokoto,North,NW,35,6163187,10.793500000000002,0.0,0.0,10.793500000000002,16.6454625,700.0966499999995,665.2235888450001,0.0,0.0,665.2235888450001,1025.890980889875,43148.265720235475
2026/2027,Sokoto,North,NW,36,6163187,7.40315,0.0,0.0,7.40315,13.255112500000001,696.7062999999995,456.2699783905,0.0,0.0,456.2699783905,816.9373704353751,42939.31210978097
2026/2027,Sokoto,North,NW,37,6163187,8.6013,0.0,0.0,8.6013,14.453262500000001,697.9044499999995,530.1142034310001,0.0,0.0,530.1142034310001,890.781595475875,43013.15633482147
2026/2027,Sokoto,North,NW,38,6163187,10.96,0.0,0.0,10.96,16.8119625,700.2631499999995,675.4852952000001,0.0,0.0,675.4852952000001,1036.152687244875,43158.52742659047
2026/2027,Sokoto,North,NW,39,6163187,6.0773,0.0,0.0,6.0773,11.9292625,695.3804499999995,374.55536355099997,0.0,0.0,374.55536355099997,735.2227555958749,42857.597494941474
2026/2027,Sokoto,North,NW,40,6163187,11.7005,0.0,0.0,11.7005,17.5524625,701.0036499999995,721.1236949349999,0.0,0.0,721.1236949349999,1081.7910869798752,43204.16582632547
2026/2027,Sokoto,North,NW,41,6163187,9.772450000000001,0.0,0.0,9.772450000000001,15.624412500000002,699.0755999999996,602.2943679815,0.0,0.0,602.2943679815,962.961760026375,43085.33649937197
2026/2027,Sokoto,North,NW,42,6163187,6.82325,0.0,0.0,6.82325,12.6752125,696.1263999999995,420.5296569775,0.0,0.0,420.5296569775,781.197049022375,42903.571788367975
2026/2027,Sokoto,North,NW,43,6163187,9.36945,0.0,0.0,9.36945,15.221412500000001,698.6725999999995,577.4567243715001,0.0,0.0,577.4567243715001,938.124116416375,43060.498855761965
2026/2027,Sokoto,North,NW,44,6163187,9.2591,0.0,0.0,9.2591,15.111062500000001,698.5622499999995,570.655647517,0.0,0.0,570.655647517,931.323039561875,43053.69777890747
2026/2027,Sokoto,North,NW,45,6163187,8.1582,0.0,0.0,8.1582,14.010162500000002,697.4613499999995,502.80512183400003,0.0,0.0,502.80512183400003,863.472513878875,42985.84725322447
2026/2027,Sokoto,North,NW,46,6163187,6.8382000000000005,0.0,0.0,6.8382000000000005,12.690162500000001,696.1413499999995,421.451053434,0.0,0.0,421.451053434,782.1184454788751,42904.493184824474
2026/2027,Sokoto,North,NW,47,6163187,11.640250000000002,0.0,0.0,11.640250000000002,17.4922125,700.9433999999995,717.4103747675001,0.0,0.0,717.4103747675001,1078.077766812375,43200.45250615797
2026/2027,Sokoto,North,NW,48,6163187,10.8574,0.0,0.0,10.8574,16.7093625,700.1605499999995,669.161865338,0.0,0.0,669.161865338,1029.829257382875,43152.203996728465
2026/2027,Sokoto,North,NW,49,6163187,8.18725,0.0,0.0,8.18725,14.039212500000001,697.4903999999995,504.59552765750004,0.0,0.0,504.59552765750004,865.262919702375,42987.63765904796
2026/2027,Sokoto,North,NW,50,6163187,12.814250000000001,0.0,0.0,12.814250000000001,18.6662125,702.1173999999995,789.7661901475001,0.0,0.0,789.7661901475001,1150.433582192375,43272.808321537974
2026/2027,Sokoto,North,NW,51,6163187,8.8354,0.0,0.0,8.8354,14.6873625,698.1385499999996,544.542224198,0.0,0.0,544.542224198,905.209616242875,43027.58435558847
2026/2027,Sokoto,North,NW,52,6163187,8.7455,0.0,0.0,8.7455,14.5974625,698.0486499999995,539.001519085,0.0,0.0,539.001519085,899.668911129875,43022.043650475476
2026/2027,Taraba,North,NE,1,4331885,43.32045000000001,0.0,25.98881250000001,43.32045000000001,49.17241250000001,732.6235999999996,1876.5920754825006,0.0,1125.8054703656253,1876.5920754825006,2130.092361225625,31736.41183485998
2026/2027,Taraba,North,NE,2,4331885,4.1995000000000005,0.0,0.0,4.1995000000000005,10.051462500000001,693.5026499999994,181.91751057500002,0.0,0.0,181.91751057500002,435.41779631812506,30041.73726995248
2026/2027,Taraba,North,NE,3,4331885,6.799900000000001,0.0,0.0,6.799900000000001,12.651862500000002,696.1030499999995,294.56384811500004,0.0,0.0,294.56384811500004,548.064133858125,30154.383607492477
2026/2027,Taraba,North,NE,4,4331885,10.5738,0.0,0.0,10.5738,16.4257625,699.8769499999995,458.04485612999997,0.0,0.0,458.04485612999997,711.545141873125,30317.86461550748
2026/2027,Taraba,North,NE,5,4331885,7.310100000000001,0.0,0.0,7.310100000000001,13.162062500000001,696.6132499999995,316.665125385,0.0,0.0,316.665125385,570.165411128125,30176.484884762478
2026/2027,Taraba,North,NE,6,4331885,4.9876,0.0,0.0,4.9876,10.8395625,694.2907499999995,216.05709625999998,0.0,0.0,216.05709625999998,469.5573820031249,30075.876855637478
2026/2027,Taraba,North,NE,7,4331885,7.9883500000000005,0.0,0.0,7.9883500000000005,13.840312500000001,697.2914999999995,346.0461353975,0.0,0.0,346.0461353975,599.5464211406251,30205.865894774975
2026/2027,Taraba,North,NE,8,4331885,9.1622,0.0,0.0,9.1622,15.014162500000001,698.4653499999995,396.89596747,0.0,0.0,396.89596747,650.396253213125,30256.715726847477
2026/2027,Taraba,North,NE,9,4331885,14.793750000000001,0.0,0.0,14.793750000000001,20.645712500000002,704.0968999999996,640.8482371875001,0.0,0.0,640.8482371875001,894.3485229306251,30500.66799656498
2026/2027,Taraba,North,NE,10,4331885,13.9306,0.0,0.0,13.9306,19.7825625,703.2337499999995,603.45757181,0.0,0.0,603.45757181,856.957857553125,30463.27733118748
2026/2027,Taraba,North,NE,11,4331885,29.3453,0.0,12.013662500000002,29.3453,35.1972625,718.6484499999995,1271.204648905,0.0,520.418043788125,1271.204648905,1524.7049346481251,31131.024408282476
2026/2027,Taraba,North,NE,12,4331885,69.4711,0.0,52.13946250000001,69.4711,75.3230625,758.7742499999995,3009.408160235,0.0,2258.6215551181253,3009.408160235,3262.908445978125,32869.22791961248
2026/2027,Taraba,North,NE,13,4331885,139.43605000000002,0.0,122.10441250000002,139.43605000000002,145.28801250000004,828.7391999999995,6040.209334542501,0.0,5289.422729425626,6040.209334542501,6293.709620285626,35900.02909391998
2026/2027,Taraba,North,NE,14,4331885,570.8033,285.879,553.4716625000001,570.8033,576.6552625,1260.1064499999995,24726.542532205,12383.949519150003,23975.75592708813,24726.542532205,24980.042817948128,54586.36229158248
2026/2027,Taraba,North,NE,15,4331885,1290.3676,1005.4433,1273.0359625,1290.3676,1296.2195625,1979.6707499999995,55897.24050926001,43554.647496205005,55146.453904143134,55897.24050926001,56150.74079500312,85757.06026863748
2026/2027,Taraba,North,NE,16,4331885,1782.1896000000002,1497.2653,1764.8579625000002,1782.1896000000002,1788.0415625,2471.4927499999994,77202.40395396,64859.810940905,76451.61734884314,77202.40395396,77455.90423970313,107062.22371333747
2026/2027,Taraba,North,NE,17,4331885,2121.0408,1836.1165,2103.7091625000003,2121.0408,2126.8927625,2810.3439499999995,91881.04825908001,79538.455246025,91130.26165396314,91881.04825908001,92134.54854482313,121740.86801845748
2026/2027,Taraba,North,NE,18,4331885,720.1094,435.18510000000003,702.7777625000001,720.1094,725.9613625000001,1409.4125499999996,31194.311082190005,18851.718069135,30443.52447707313,31194.311082190005,31447.811367933125,61054.13084156748
2026/2027,Taraba,North,NE,19,4331885,421.75865000000005,136.83435000000003,404.42701250000005,421.75865000000005,427.61061250000006,1111.0617999999995,18270.0996955525,5927.506682497501,17519.313090435626,18270.0996955525,18523.59998129563,48129.91945492998
2026/2027,Taraba,North,NE,20,4331885,53.309250000000006,0.0,35.977612500000006,53.309250000000006,59.161212500000005,742.6123999999995,2309.2954043625004,0.0,1558.5087992456251,2309.2954043625004,2562.795690105625,32169.11516373998
2026/2027,Taraba,North,NE,21,4331885,27.278000000000002,0.0,9.946362500000003,27.278000000000002,33.129962500000005,716.5811499999995,1181.6515903000002,0.0,430.86498518312516,1181.6515903000002,1435.1518760431252,31041.471349677482
2026/2027,Taraba,North,NE,22,4331885,36.144800000000004,0.0,18.813162500000004,36.144800000000004,41.9967625,725.4479499999995,1565.75116948,0.0,814.9645643631251,1565.75116948,1819.2514552231253,31425.57092885748
2026/2027,Taraba,North,NE,23,4331885,42.1875,0.0,24.8558625,42.1875,48.0394625,731.4906499999995,1827.513984375,0.0,1076.727379258125,1827.513984375,2081.0142701181253,31687.33374375248
2026/2027,Taraba,North,NE,24,4331885,91.28015,0.0,73.9485125,91.28015,97.1321125,780.5832999999996,3954.1511258275004,0.0,3203.364520710625,3954.1511258275004,4207.651411570625,33813.97088520498
2026/2027,Taraba,North,NE,25,4331885,173.35785,0.0,156.0262125,173.35785,179.20981250000003,862.6609999999995,7509.662700472501,0.0,6758.876095355625,7509.662700472501,7763.162986215626,37369.482459849976
2026/2027,Taraba,North,NE,26,4331885,326.51475000000005,41.59045000000003,309.18311250000005,326.51475000000005,332.36671250000006,1015.8178999999996,14144.243478037502,1801.6504649825013,13393.456872920628,14144.243478037502,14397.743763780627,44004.06323741498
2026/2027,Taraba,North,NE,27,4331885,412.2445,127.3202,394.9128625,412.2445,418.09646250000003,1101.5476499999995,17857.957658825002,5515.364645770001,17107.171053708127,17857.957658825002,18111.457944568127,47717.77741820247
2026/2027,Taraba,North,NE,28,4331885,585.28715,300.36285,567.9555124999999,585.28715,591.1391125,1274.5902999999994,25353.9662577775,13011.3732447225,24603.179652660623,25353.9662577775,25607.466543520626,55213.78601715497
2026/2027,Taraba,North,NE,29,4331885,1128.9221000000002,843.9978000000002,1111.5904625000003,1128.9221000000002,1134.7740625000001,1818.2252499999997,48903.607111585006,36561.01409853001,48152.82050646813,48903.607111585006,49157.10739732813,78763.42687096249
2026/2027,Taraba,North,NE,30,4331885,654.7853,369.861,637.4536625000001,654.7853,660.6372625,1344.0884499999995,28364.546192905003,16021.95317985,27613.75958778813,28364.546192905003,28618.046478648124,58224.365952282475
2026/2027,Taraba,North,NE,31,4331885,196.2751,0.0,178.9434625,196.2751,202.12706250000002,885.5782499999996,8502.411615635001,0.0,7751.625010518125,8502.411615635001,8755.911901378126,38362.23137501248
2026/2027,Taraba,North,NE,32,4331885,57.0384,0.0,39.7067625,57.0384,62.8903625,746.3415499999995,2470.83789384,0.0,1720.0512887231253,2470.83789384,2724.338179583125,32330.657653217477
2026/2027,Taraba,North,NE,33,4331885,16.182450000000003,0.0,0.0,16.182450000000003,22.034412500000002,705.4855999999995,701.0051241825001,0.0,0.0,701.0051241825001,954.505409925625,30560.82488355998
2026/2027,Taraba,North,NE,34,4331885,10.21535,0.0,0.0,10.21535,16.0673125,699.5184999999994,442.51721434750004,0.0,0.0,442.51721434750004,696.0175000906249,30302.336973724974
2026/2027,Taraba,North,NE,35,4331885,8.4695,0.0,0.0,8.4695,14.3214625,697.7726499999995,366.889000075,0.0,0.0,366.889000075,620.389285818125,30226.708759452482
2026/2027,Taraba,North,NE,36,4331885,6.2433,0.0,0.0,6.2433,12.0952625,695.5464499999995,270.45257620499996,0.0,0.0,270.45257620499996,523.952861948125,30130.272335582475
2026/2027,Taraba,North,NE,37,4331885,4.9757,0.0,0.0,4.9757,10.8276625,694.2788499999995,215.541601945,0.0,0.0,215.541601945,469.041887688125,30075.361361322473
2026/2027,Taraba,North,NE,38,4331885,7.4713,0.0,0.0,7.4713,13.323262500000002,696.7744499999995,323.648124005,0.0,0.0,323.648124005,577.1484097481251,30183.467883382484
2026/2027,Taraba,North,NE,39,4331885,2.9939,0.0,0.0,2.9939,8.8458625,692.2970499999996,129.692305015,0.0,0.0,129.692305015,383.19259075812505,29989.512064392482
2026/2027,Taraba,North,NE,40,4331885,9.73695,0.0,0.0,9.73695,15.588912500000001,699.0400999999995,421.79347650750003,0.0,0.0,421.79347650750003,675.293762250625,30281.613235884975
2026/2027,Taraba,North,NE,41,4331885,5.436450000000001,0.0,0.0,5.436450000000001,11.288412500000002,694.7395999999995,235.50076208250002,0.0,0.0,235.50076208250002,489.0010478256251,30095.32052145998
2026/2027,Taraba,North,NE,42,4331885,6.77545,0.0,0.0,6.77545,12.627412500000002,696.0785999999995,293.5047022325,0.0,0.0,293.5047022325,547.0049879756251,30153.32446160998
2026/2027,Taraba,North,NE,43,4331885,8.0274,0.0,0.0,8.0274,13.879362500000001,697.3305499999994,347.73773649000003,0.0,0.0,347.73773649000003,601.2380222331251,30207.557495867477
2026/2027,Taraba,North,NE,44,4331885,6.444000000000001,0.0,0.0,6.444000000000001,12.295962500000002,695.7471499999995,279.14666940000006,0.0,0.0,279.14666940000006,532.6469551431251,30138.966428777476
2026/2027,Taraba,North,NE,45,4331885,5.0954999999999995,0.0,0.0,5.0954999999999995,10.9474625,694.3986499999995,220.73120017499997,0.0,0.0,220.73120017499997,474.231485918125,30080.550959552478
2026/2027,Taraba,North,NE,46,4331885,8.93835,0.0,0.0,8.93835,14.7903125,698.2414999999995,387.1990428975,0.0,0.0,387.1990428975,640.699328640625,30247.01880227498
2026/2027,Taraba,North,NE,47,4331885,10.158249999999999,0.0,0.0,10.158249999999999,16.0102125,699.4613999999995,440.04370801249996,0.0,0.0,440.04370801249996,693.543993755625,30299.863467389976
2026/2027,Taraba,North,NE,48,4331885,5.473050000000001,0.0,0.0,5.473050000000001,11.325012500000001,694.7761999999996,237.08623199250002,0.0,0.0,237.08623199250002,490.5865177356251,30096.905991369982
2026/2027,Taraba,North,NE,49,4331885,7.320450000000001,0.0,0.0,7.320450000000001,13.172412500000002,696.6235999999996,317.11347548250006,0.0,0.0,317.11347548250006,570.613761225625,30176.933234859982
2026/2027,Taraba,North,NE,50,4331885,11.031799999999999,0.0,0.0,11.031799999999999,16.8837625,700.3349499999995,477.88488943,0.0,0.0,477.88488943,731.3851751731249,30337.704648807477
2026/2027,Taraba,North,NE,51,4331885,7.8395,0.0,0.0,7.8395,13.6914625,697.1426499999995,339.59812457500004,0.0,0.0,339.59812457500004,593.098410318125,30199.41788395248
2026/2027,Taraba,North,NE,52,4331885,6.2963000000000005,0.0,0.0,6.2963000000000005,12.148262500000001,695.5994499999995,272.748475255,0.0,0.0,272.748475255,526.248760998125,30132.56823463248
2026/2027,Yobe,North,NE,1,4350401,37.252750000000006,0.0,19.921112500000007,37.252750000000006,43.104712500000005,726.5558999999995,1620.6440085275003,0.0,866.6482774111253,1620.6440085275003,1875.2278436471254,31608.095139158977
2026/2027,Yobe,North,NE,2,4350401,6.499350000000001,0.0,0.0,6.499350000000001,12.351312500000002,695.8024999999996,282.7477873935,0.0,0.0,282.7477873935,537.3316225131251,30270.19891802498
2026/2027,Yobe,North,NE,3,4350401,7.77735,0.0,0.0,7.77735,13.629312500000001,697.0804999999995,338.3459121735,0.0,0.0,338.3459121735,592.929747293125,30325.797042804974
2026/2027,Yobe,North,NE,4,4350401,9.91615,0.0,0.0,9.91615,15.7681125,699.2192999999995,431.39228876149997,0.0,0.0,431.39228876149997,685.976123881125,30418.843419392982
2026/2027,Yobe,North,NE,5,4350401,9.02065,0.0,0.0,9.02065,14.8726125,698.3237999999996,392.4344478065,0.0,0.0,392.4344478065,647.018282926125,30379.88557843798
2026/2027,Yobe,North,NE,6,4350401,8.9497,0.0,0.0,8.9497,14.8016625,698.2528499999995,389.347838297,0.0,0.0,389.347838297,643.931673416625,30376.79896892848
2026/2027,Yobe,North,NE,7,4350401,6.6432,0.0,0.0,6.6432,12.495162500000001,695.9463499999995,289.005839232,0.0,0.0,289.005839232,543.589674351625,30276.456969863477
2026/2027,Yobe,North,NE,8,4350401,8.8142,0.0,0.0,8.8142,14.6661625,698.1173499999995,383.45304494199996,0.0,0.0,383.45304494199996,638.036880061625,30370.904175573476
2026/2027,Yobe,North,NE,9,4350401,8.2161,0.0,0.0,8.2161,14.068062500000002,697.5192499999995,357.4332965610001,0.0,0.0,357.4332965610001,612.0171316806251,30344.88442719248
2026/2027,Yobe,North,NE,10,4350401,8.17735,0.0,0.0,8.17735,14.029312500000001,697.4804999999996,355.74751617350006,0.0,0.0,355.74751617350006,610.3313512931251,30343.19864680498
2026/2027,Yobe,North,NE,11,4350401,13.5905,0.0,0.0,13.5905,19.4424625,702.8936499999995,591.241247905,0.0,0.0,591.241247905,845.8250830246251,30578.692378536478
2026/2027,Yobe,North,NE,12,4350401,15.211000000000002,0.0,0.0,15.211000000000002,21.062962500000005,704.5141499999995,661.7394961100001,0.0,0.0,661.7394961100001,916.3233312296252,30649.19062674148
2026/2027,Yobe,North,NE,13,4350401,43.9491,0.0,26.617462500000002,43.9491,49.8010625,733.2522499999995,1911.962085891,0.0,1157.9663547746252,1911.962085891,2166.545921010625,31899.41321652248
2026/2027,Yobe,North,NE,14,4350401,130.5189,0.0,113.1872625,130.5189,136.37086250000002,819.8220499999995,5678.095530789,0.0,4924.099799672625,5678.095530789,5932.679365908625,35665.54666142048
2026/2027,Yobe,North,NE,15,4350401,336.37610000000006,51.45180000000005,319.04446250000007,336.37610000000006,342.2280625000001,1025.6792499999997,14633.709218161004,2238.359621718002,13879.713487044628,14633.709218161004,14888.293053280628,44621.16034879249
2026/2027,Yobe,North,NE,16,4350401,875.3443500000001,590.4200500000001,858.0127125000001,875.3443500000001,881.1963125000001,1564.6474999999996,38080.9893558435,25685.639759400503,37326.99362472713,38080.9893558435,38335.57319096313,68068.44048647498
2026/2027,Yobe,North,NE,17,4350401,1556.4705000000001,1271.5462000000002,1539.1388625000002,1556.4705000000001,1562.3224625,2245.7736499999996,67712.708196705,55317.358600262014,66958.71246558863,67712.708196705,67967.29203182463,97700.15932733649
2026/2027,Yobe,North,NE,18,4350401,1901.0389000000002,1616.1146000000003,1883.7072625000003,1901.0389000000002,1906.8908625000001,2590.3420499999997,82702.815315989,70307.46571954602,81948.81958487263,82702.815315989,82957.39915110862,112690.26644662049
2026/2027,Yobe,North,NE,19,4350401,1147.2081,862.2838,1129.8764625000001,1147.2081,1153.0600625,1836.5112499999996,49908.152654481004,37512.803058038,49154.15692336463,49908.152654481004,50162.73648960062,79895.60378511247
2026/2027,Yobe,North,NE,20,4350401,406.06365,121.13934999999998,388.7320125,406.06365,411.9156125,1095.3667999999996,17665.3970902365,5270.047493793499,16911.401359120126,17665.3970902365,17919.980925356125,47652.84822086798
2026/2027,Yobe,North,NE,21,4350401,157.2418,0.0,139.9101625,157.2418,163.09376250000003,846.5449499999995,6840.648839618001,0.0,6086.653108501625,6840.648839618001,7095.232674737626,36828.09997024948
2026/2027,Yobe,North,NE,22,4350401,46.20515,0.0,28.873512500000004,46.20515,52.0571125,735.5082999999995,2010.1093076515,0.0,1256.1135765351253,2010.1093076515,2264.693142771125,31997.56043828298
2026/2027,Yobe,North,NE,23,4350401,36.04975,0.0,18.718112500000004,36.04975,41.9017125,725.3528999999995,1568.3086844975,0.0,814.3129533811252,1568.3086844975,1822.8925196171251,31555.75981512898
2026/2027,Yobe,North,NE,24,4350401,69.27305,0.0,51.9414125,69.27305,75.1250125,758.5761999999995,3013.6554599305,0.0,2259.659728814125,3013.6554599305,3268.2392950501253,33001.10659056198
2026/2027,Yobe,North,NE,25,4350401,157.20190000000002,0.0,139.87026250000002,157.20190000000002,163.05386250000004,846.5050499999995,6838.9130296190015,0.0,6084.917298502626,6838.9130296190015,7093.496864738627,36826.36416025048
2026/2027,Yobe,North,NE,26,4350401,427.07225000000005,142.14795000000004,409.74061250000005,427.07225000000005,432.92421250000007,1116.3753999999994,18579.355434722504,6184.005838279501,17825.359703606126,18579.355434722504,18833.93926984213,48566.806565353974
2026/2027,Yobe,North,NE,27,4350401,858.5162500000001,573.5919500000001,841.1846125000002,858.5162500000001,864.3682125000001,1547.8193999999996,37348.89952516251,24953.549928719505,36594.903794046135,37348.89952516251,37603.48336028213,67336.35065579398
2026/2027,Yobe,North,NE,28,4350401,746.61255,461.68825000000004,729.2809125000001,746.61255,752.4645125000001,1435.9156999999996,32480.6398413255,20085.290244882504,31726.64411020913,32480.6398413255,32735.223676445126,62468.090971956975
2026/2027,Yobe,North,NE,29,4350401,942.6279999999999,657.7036999999999,925.2963625,942.6279999999999,948.4799624999999,1631.9311499999994,41008.09793827999,28612.748341836996,40254.102207163625,41008.09793827999,41262.68177339962,70995.54906891148
2026/2027,Yobe,North,NE,30,4350401,557.6486500000001,272.7243500000001,540.3170125000001,557.6486500000001,563.5006125000001,1246.9517999999996,24259.952446086503,11864.602849643503,23505.956714970132,24259.952446086503,24514.536281206132,54247.40357671799
2026/2027,Yobe,North,NE,31,4350401,353.19970000000006,68.27540000000005,335.86806250000006,353.19970000000006,359.0516625000001,1042.5028499999996,15365.603280797002,2970.253684354002,14611.607549680628,15365.603280797002,15620.18711591663,45353.05441142848
2026/2027,Yobe,North,NE,32,4350401,74.05625,0.0,56.724612500000006,74.05625,79.9082125,763.3593999999995,3221.7438405625003,0.0,2467.7481094461255,3221.7438405625003,3476.327675682125,33209.194971193974
2026/2027,Yobe,North,NE,33,4350401,28.297450000000005,0.0,10.965812500000006,28.297450000000005,34.149412500000004,717.6005999999995,1231.0525477745002,0.0,477.05681665812523,1231.0525477745002,1485.6363828941253,31218.50367840598
2026/2027,Yobe,North,NE,34,4350401,8.43965,0.0,0.0,8.43965,14.291612500000001,697.7427999999995,367.15861799649997,0.0,0.0,367.15861799649997,621.742453116125,30354.609748627976
2026/2027,Yobe,North,NE,35,4350401,8.05095,0.0,0.0,8.05095,13.902912500000001,697.3540999999996,350.2486093095,0.0,0.0,350.2486093095,604.8324444291251,30337.69973994098
2026/2027,Yobe,North,NE,36,4350401,6.2843,0.0,0.0,6.2843,12.1362625,695.5874499999995,273.392250043,0.0,0.0,273.392250043,527.976085162625,30260.84338067448
2026/2027,Yobe,North,NE,37,4350401,8.41055,0.0,0.0,8.41055,14.262512500000001,697.7136999999996,365.89265130550007,0.0,0.0,365.89265130550007,620.4764864251251,30353.34378193698
2026/2027,Yobe,North,NE,38,4350401,6.2292000000000005,0.0,0.0,6.2292000000000005,12.081162500000001,695.5323499999995,270.995179092,0.0,0.0,270.995179092,525.5790142116251,30258.446309723477
2026/2027,Yobe,North,NE,39,4350401,12.259549999999999,0.0,0.0,12.259549999999999,18.1115125,701.5626999999995,533.3395857954999,0.0,0.0,533.3395857954999,787.923420915125,30520.790716426978
2026/2027,Yobe,North,NE,40,4350401,8.405050000000001,0.0,0.0,8.405050000000001,14.257012500000002,697.7081999999995,365.65337925050005,0.0,0.0,365.65337925050005,620.2372143701251,30353.104509881978
2026/2027,Yobe,North,NE,41,4350401,8.21645,0.0,0.0,8.21645,14.0684125,697.5195999999995,357.44852296449994,0.0,0.0,357.44852296449994,612.0323580841251,30344.899653595978
2026/2027,Yobe,North,NE,42,4350401,9.74755,0.0,0.0,9.74755,15.599512500000001,699.0506999999996,424.0575126755,0.0,0.0,424.0575126755,678.6413477951251,30411.50864330698
2026/2027,Yobe,North,NE,43,4350401,10.062000000000001,0.0,0.0,10.062000000000001,15.913962500000002,699.3651499999995,437.73734862000003,0.0,0.0,437.73734862000003,692.3211837396251,30425.18847925148
2026/2027,Yobe,North,NE,44,4350401,9.026499999999999,0.0,0.0,9.026499999999999,14.8784625,698.3296499999994,392.68894626499997,0.0,0.0,392.68894626499997,647.272781384625,30380.140076896478
2026/2027,Yobe,North,NE,45,4350401,10.42425,0.0,0.0,10.42425,16.2762125,699.7273999999995,453.49667624250003,0.0,0.0,453.49667624250003,708.080511362125,30440.94780687398
2026/2027,Yobe,North,NE,46,4350401,11.870049999999999,0.0,0.0,11.870049999999999,17.722012499999998,701.1731999999995,516.3947739004999,0.0,0.0,516.3947739004999,770.978609020125,30503.84590453198
2026/2027,Yobe,North,NE,47,4350401,12.49655,0.0,0.0,12.49655,18.3485125,701.7996999999995,543.6500361655,0.0,0.0,543.6500361655,798.2338712851249,30531.101166796976
2026/2027,Yobe,North,NE,48,4350401,9.8782,0.0,0.0,9.8782,15.7301625,699.1813499999995,429.741311582,0.0,0.0,429.741311582,684.325146701625,30417.19244221348
2026/2027,Yobe,North,NE,49,4350401,7.7602,0.0,0.0,7.7602,13.6121625,697.0633499999996,337.599818402,0.0,0.0,337.599818402,592.183653521625,30325.05094903348
2026/2027,Yobe,North,NE,50,4350401,7.4465,0.0,0.0,7.4465,13.298462500000001,696.7496499999995,323.952610465,0.0,0.0,323.952610465,578.5364455846251,30311.403741096477
2026/2027,Yobe,North,NE,51,4350401,10.277050000000001,0.0,0.0,10.277050000000001,16.1290125,699.5801999999995,447.09288597050005,0.0,0.0,447.09288597050005,701.6767210901252,30434.544016601983
2026/2027,Yobe,North,NE,52,4350401,7.3039000000000005,0.0,0.0,7.3039000000000005,13.155862500000001,696.6070499999995,317.748938639,0.0,0.0,317.748938639,572.3327737586251,30305.20006927048
2026/2027,Zamfara,North,NW,1,5517793,37.3085,0.0,19.976862500000003,37.3085,43.1604625,726.6116499999995,2058.605801405,0.0,1102.2819206446252,2058.605801405,2381.504978592625,40092.92676088447
2026/2027,Zamfara,North,NW,2,5517793,7.11585,0.0,0.0,7.11585,12.9678125,696.4189999999995,392.6378731905,0.0,0.0,392.6378731905,715.5370503781251,38426.958832669974
2026/2027,Zamfara,North,NW,3,5517793,13.0027,0.0,0.0,13.0027,18.854662500000003,702.3058499999995,717.4620704110001,0.0,0.0,717.4620704110001,1040.3612475986251,38751.783029890474
2026/2027,Zamfara,North,NW,4,5517793,8.9649,0.0,0.0,8.9649,14.816862500000001,698.2680499999994,494.664624657,0.0,0.0,494.664624657,817.563801844625,38528.98558413647
2026/2027,Zamfara,North,NW,5,5517793,7.0417000000000005,0.0,0.0,7.0417000000000005,12.893662500000001,696.3448499999995,388.54642968100006,0.0,0.0,388.54642968100006,711.4456068686252,38422.86738916047
2026/2027,Zamfara,North,NW,6,5517793,10.127600000000001,0.0,0.0,10.127600000000001,15.979562500000002,699.4307499999995,558.8200038680001,0.0,0.0,558.8200038680001,881.7191810556251,38593.140963347476
2026/2027,Zamfara,North,NW,7,5517793,11.018699999999999,0.0,0.0,11.018699999999999,16.8706625,700.3218499999995,607.989057291,0.0,0.0,607.989057291,930.888234478625,38642.310016770476
2026/2027,Zamfara,North,NW,8,5517793,12.95515,0.0,0.0,12.95515,18.807112500000002,702.2582999999995,714.8383598395001,0.0,0.0,714.8383598395001,1037.737537027125,38749.15931931897
2026/2027,Zamfara,North,NW,9,5517793,8.200000000000001,0.0,0.0,8.200000000000001,14.051962500000002,697.5031499999996,452.4590260000001,0.0,0.0,452.4590260000001,775.3582031876251,38486.77998547947
2026/2027,Zamfara,North,NW,10,5517793,10.4724,0.0,0.0,10.4724,16.3243625,699.7755499999995,577.845354132,0.0,0.0,577.845354132,900.7445313196249,38612.16631361147
2026/2027,Zamfara,North,NW,11,5517793,13.817150000000002,0.0,0.0,13.817150000000002,19.669112500000004,703.1202999999995,762.4017354995001,0.0,0.0,762.4017354995001,1085.3009126871252,38796.72269497897
2026/2027,Zamfara,North,NW,12,5517793,17.96995,0.0,0.6383125000000014,17.96995,23.821912500000003,707.2730999999995,991.5446432035001,0.0,35.220762443125075,991.5446432035001,1314.4438203911252,39025.86560268298
2026/2027,Zamfara,North,NW,13,5517793,31.7663,0.0,14.434662500000002,31.7663,37.6182625,721.0694499999995,1752.7986777590002,0.0,796.4747969986252,1752.7986777590002,2075.697854946625,39787.11963723847
2026/2027,Zamfara,North,NW,14,5517793,136.32975,0.0,118.99811249999999,136.32975,142.1817125,825.6328999999995,7522.3934024175,0.0,6566.069521657125,7522.3934024175,7845.292579605125,45556.71436189697
2026/2027,Zamfara,North,NW,15,5517793,409.58305,124.65875,392.2514125,409.58305,415.4350125,1098.8861999999995,22599.9448620865,6878.4117813875,21643.620981326127,22599.9448620865,22922.844039274125,60634.26582156597
2026/2027,Zamfara,North,NW,16,5517793,749.34915,464.42485,732.0175125000001,749.34915,755.2011125,1438.6522999999995,41347.5349442595,25626.0018635605,40391.211063499126,41347.5349442595,41670.43412144713,79381.85590373898
2026/2027,Zamfara,North,NW,17,5517793,1708.4503,1423.5259999999998,1691.1186625,1708.4503,1714.3022624999999,2397.7534499999992,94268.75106187901,78547.21798117999,93312.42718111862,94268.75106187901,94591.65023906661,132303.07202135844
2026/2027,Zamfara,North,NW,18,5517793,1273.3985500000001,988.4742500000001,1256.0669125000002,1273.3985500000001,1279.2505125,1962.7016999999996,70263.4960540015,54541.96297330251,69307.17217324114,70263.4960540015,70586.39523118913,108297.81701348099
2026/2027,Zamfara,North,NW,19,5517793,1331.3402,1046.4159,1314.0085625000002,1331.3402,1337.1921625,2020.6433499999996,73460.596361786,57739.063281087,72504.27248102563,73460.596361786,73783.49553897363,111494.91732126547
2026/2027,Zamfara,North,NW,20,5517793,416.62065,131.69635,399.2890125,416.62065,422.4726125,1105.9237999999996,22988.2650622545,7266.7319815555,22031.941181494127,22988.2650622545,23311.164239442125,61022.58602173398
2026/2027,Zamfara,North,NW,21,5517793,117.75395,0.0,100.4223125,117.75395,123.6059125,807.0570999999995,6497.419210323501,0.0,5541.095329563125,6497.419210323501,6820.3183875111245,44531.74016980297
2026/2027,Zamfara,North,NW,22,5517793,52.16930000000001,0.0,34.83766250000001,52.16930000000001,58.021262500000006,741.4724499999995,2878.5939835490008,0.0,1922.2701027886253,2878.5939835490008,3201.493160736625,40912.914943028474
2026/2027,Zamfara,North,NW,23,5517793,56.3955,0.0,39.0638625,56.3955,62.2474625,745.6986499999995,3111.786951315,0.0,2155.463070554625,3111.786951315,3434.686128502625,41146.107910794475
2026/2027,Zamfara,North,NW,24,5517793,87.71895,0.0,70.38731250000001,87.71895,93.5709125,777.0220999999995,4840.1500827735,0.0,3883.8262020131256,4840.1500827735,5163.049259961125,42874.47104225297
2026/2027,Zamfara,North,NW,25,5517793,141.72395,0.0,124.3923125,141.72395,147.57591250000002,831.0270999999996,7820.0341924235,0.0,6863.710311663124,7820.0341924235,8142.933369611126,45854.35515190297
2026/2027,Zamfara,North,NW,26,5517793,421.51275,136.58844999999997,404.1811125,421.51275,427.3647125,1110.8158999999996,23258.201013607497,7536.667932908498,22301.877132847123,23258.201013607497,23581.100190795125,61292.52197308698
2026/2027,Zamfara,North,NW,27,5517793,584.1539,299.2296,566.8222625000001,584.1539,590.0058625,1273.4570499999995,32232.403003427,16510.869922728,31276.07912266663,32232.403003427,32555.302180614628,70266.72396290647
2026/2027,Zamfara,North,NW,28,5517793,775.54555,490.62125000000003,758.2139125000001,775.54555,781.3975125000001,1464.8486999999996,42792.9980697115,27071.464989012504,41836.67418895113,42792.9980697115,43115.89724689913,80827.31902919099
2026/2027,Zamfara,North,NW,29,5517793,825.8661500000002,540.9418500000002,808.5345125000001,825.8661500000002,831.7181125000002,1515.1692999999996,45569.58461406951,29848.051533370508,44613.26073330914,45569.58461406951,45892.48379125713,83603.90557354898
2026/2027,Zamfara,North,NW,30,5517793,776.1084999999999,491.1841999999999,758.7768624999999,776.1084999999999,781.9604625,1465.4116499999996,42824.060485404996,27102.527404705997,41867.73660464462,42824.060485404996,43146.95966259262,80858.38144488448
2026/2027,Zamfara,North,NW,31,5517793,281.6059,0.0,264.2742625,281.6059,287.45786250000003,970.9090499999995,15538.430637787002,0.0,14582.106757026628,15538.430637787002,15861.329814974628,53572.75159726648
2026/2027,Zamfara,North,NW,32,5517793,109.37615000000001,0.0,92.04451250000001,109.37615000000001,115.22811250000001,798.6792999999996,6035.149548369501,0.0,5078.825667609125,6035.149548369501,6358.048725557126,44069.47050784898
2026/2027,Zamfara,North,NW,33,5517793,15.176800000000002,0.0,0.0,15.176800000000002,21.028762500000003,704.4799499999995,837.4244080240001,0.0,0.0,837.4244080240001,1160.3235852116252,38871.74536750347
2026/2027,Zamfara,North,NW,34,5517793,12.922250000000002,0.0,0.0,12.922250000000002,18.774212500000004,702.2253999999995,713.0230059425,0.0,0.0,713.0230059425,1035.9221831301252,38747.34396542197
2026/2027,Zamfara,North,NW,35,5517793,12.11265,0.0,0.0,12.11265,17.9646125,701.4157999999995,668.3509538145,0.0,0.0,668.3509538145,991.250131002125,38702.67191329397
2026/2027,Zamfara,North,NW,36,5517793,12.2368,0.0,0.0,12.2368,18.0887625,701.5399499999995,675.201293824,0.0,0.0,675.201293824,998.1004710116251,38709.522253303476
2026/2027,Zamfara,North,NW,37,5517793,12.6943,0.0,0.0,12.6943,18.5462625,701.9974499999995,700.4451967990001,0.0,0.0,700.4451967990001,1023.3443739866251,38734.76615627847
2026/2027,Zamfara,North,NW,38,5517793,7.493600000000001,0.0,0.0,7.493600000000001,13.345562500000002,696.7967499999995,413.48133624800005,0.0,0.0,413.48133624800005,736.3805134356252,38447.80229572747
2026/2027,Zamfara,North,NW,39,5517793,7.456900000000001,0.0,0.0,7.456900000000001,13.308862500000002,696.7600499999995,411.456306217,0.0,0.0,411.456306217,734.355483404625,38445.77726569647
2026/2027,Zamfara,North,NW,40,5517793,12.1497,0.0,0.0,12.1497,18.001662500000002,701.4528499999996,670.395296121,0.0,0.0,670.395296121,993.2944733086251,38704.71625560048
2026/2027,Zamfara,North,NW,41,5517793,9.86785,0.0,0.0,9.86785,15.719812500000002,699.1709999999995,544.4875365505001,0.0,0.0,544.4875365505001,867.3867137381251,38578.808496029975
2026/2027,Zamfara,North,NW,42,5517793,12.185200000000002,0.0,0.0,12.185200000000002,18.0371625,701.4883499999995,672.3541126360001,0.0,0.0,672.3541126360001,995.2532898236251,38706.675072115475
2026/2027,Zamfara,North,NW,43,5517793,8.570250000000001,0.0,0.0,8.570250000000001,14.422212500000002,697.8733999999995,472.88865458250007,0.0,0.0,472.88865458250007,795.7878317701252,38507.20961406197
2026/2027,Zamfara,North,NW,44,5517793,9.61595,0.0,0.0,9.61595,15.4679125,698.9190999999995,530.5882159834999,0.0,0.0,530.5882159834999,853.4873931711251,38564.90917546297
2026/2027,Zamfara,North,NW,45,5517793,11.2726,0.0,0.0,11.2726,17.124562500000003,700.5757499999995,621.998733718,0.0,0.0,621.998733718,944.8979109056252,38656.319693197474
2026/2027,Zamfara,North,NW,46,5517793,8.268550000000001,0.0,0.0,8.268550000000001,14.120512500000002,697.5716999999995,456.24147310150005,0.0,0.0,456.24147310150005,779.1406502891251,38490.56243258097
2026/2027,Zamfara,North,NW,47,5517793,13.4146,0.0,0.0,13.4146,19.2665625,702.7177499999995,740.1898597779999,0.0,0.0,740.1898597779999,1063.089036965625,38774.51081925747
2026/2027,Zamfara,North,NW,48,5517793,12.444550000000001,0.0,0.0,12.444550000000001,18.296512500000002,701.7476999999996,686.6645087815,0.0,0.0,686.6645087815,1009.5636859691252,38720.98546826097
2026/2027,Zamfara,North,NW,49,5517793,6.2514,0.0,0.0,6.2514,12.103362500000001,695.5545499999995,344.939311602,0.0,0.0,344.939311602,667.8384887896251,38379.26027108147
2026/2027,Zamfara,North,NW,50,5517793,10.0799,0.0,0.0,10.0799,15.931862500000001,699.3830499999995,556.188016607,0.0,0.0,556.188016607,879.0871937946251,38590.50897608647
2026/2027,Zamfara,North,NW,51,5517793,10.432500000000001,0.0,0.0,10.432500000000001,16.284462500000004,699.7356499999995,575.643754725,0.0,0.0,575.643754725,898.5429319126251,38609.96471420447
2026/2027,Zamfara,North,NW,52,5517793,7.2691,0.0,0.0,7.2691,13.1210625,696.5722499999995,401.093890963,0.0,0.0,401.093890963,723.993068150625,38435.414850442474
